ID;FromStopNumber;ToStopNumber;ASD_or_SER_or_TFF;Reservation_in_equipment;Equipment;Tariff_in_equipment
1;1;9;;;92;
2;1;9;;;92;
3;1;9;;;92;
4;1;9;;;92;
5;1;9;;;92;
6;1;9;;;92;
7;1;9;;;92;
8;1;9;;;92;
9;1;9;;;92;
10;1;16;;;63;
11;1;16;;;63;
12;1;16;;;63;
13;1;16;;;63;
14;1;17;;;63;
15;1;16;;;63;
16;1;11;;;63;
17;1;16;;;63;
18;1;16;;;63;
19;1;17;;;63;
20;1;16;;;63;
21;1;11;;;63;
22;1;16;;;63;
23;1;17;;;63;
24;1;11;;;63;
25;1;11;;;63;
26;1;16;;;63;
27;1;16;;;63;
28;1;11;;;63;
29;1;16;;;63;
30;1;16;;;63;
31;1;16;;;63;
32;1;11;;;63;
33;1;16;;;63;
34;1;16;;;63;
35;1;16;;;63;
36;1;16;;;63;
37;1;17;;;63;
38;1;16;;;63;
39;1;16;;;63;
40;1;16;;;63;
41;1;16;;;63;
42;1;16;;;63;
43;1;22;;;63;
44;1;17;;;63;
45;1;16;;;63;
46;1;22;;;63;
47;1;22;;;63;
48;1;17;;;;
49;1;17;;;;
50;1;17;;;;
51;1;17;;;;
52;1;17;;;63;
53;1;17;;;;
54;1;17;;;;
55;1;17;;;;
56;1;17;;;;
57;1;17;;;;
58;1;17;;;;
59;1;17;;;;
60;1;17;;;;
61;1;17;;;;
62;1;17;;;;
63;1;17;;;;
64;1;17;;;;
65;1;17;;;;
66;1;17;;;;
67;1;17;;;;
68;1;17;;;;
69;1;17;;;;
70;1;17;;;;
71;1;17;;;;
72;1;12;;;;
73;1;11;;;;
74;1;11;;;;
75;1;17;;;;
76;1;17;;;;
77;1;11;;;;
78;1;11;;;;
79;1;11;;;;
80;1;18;;;;
81;1;18;;;;
82;1;11;;;;
83;1;17;;;;
84;1;17;;;;
85;1;11;;;;
86;1;11;;;;
87;1;11;;;;
88;1;18;;;;
89;1;18;;;;
90;1;11;;;;
91;1;17;;;;
92;1;17;;;;
93;1;11;;;;
94;1;11;;;;
95;1;11;;;;
96;1;18;;;;
97;1;18;;;;
98;1;11;;;;
99;1;17;;;;
100;1;17;;;;
101;1;11;;;;
102;1;11;;;;
103;1;11;;;;
104;1;17;;;;
105;1;17;;;;
106;1;11;;;;
107;1;17;;;;
108;1;11;;;;
109;1;17;;;;
110;1;11;;;;
111;1;11;;;;
112;1;11;;;;
113;1;11;;;;
114;1;11;;;;
115;1;2;;;92;
116;1;14;;;92;
117;1;11;;;92;
118;1;15;;;92;
119;1;15;;;92;
120;1;15;;;92;
121;1;2;;;162;
122;1;3;;;162;
123;1;3;;;162;
124;1;6;;;162;
125;1;7;;;162;
126;1;2;;;162;
127;1;3;;;162;
128;1;3;;;162;
129;1;3;;;162;
130;1;3;;;162;
131;1;11;;;162;
132;1;15;;;92;
133;1;15;;;92;
134;1;28;;;92;
135;1;14;;;92;
136;1;10;;;92;
137;1;28;;;92;
138;1;14;;;92;
139;1;3;;;162;
140;1;3;;;162;
141;1;3;;;162;
142;1;3;;;162;
143;1;3;;;162;
144;1;2;;;162;
145;1;3;;;162;
146;1;2;;;162;
147;1;3;;;162;
148;1;2;;;162;
149;1;2;;;162;
150;1;7;;;162;
151;1;6;;;162;
152;1;11;;;162;
153;1;28;;;92;
154;1;14;;;92;
155;1;14;;;92;
156;1;31;;;92;
157;1;14;;;92;
158;1;14;;;92;
159;1;8;;;92;
160;1;14;;;92;
161;1;14;;;92;
162;1;14;;;92;
163;1;14;;;92;
164;1;3;;;162;
165;1;3;;;162;
166;1;3;;;162;
167;1;3;;;162;
168;1;11;;;162;
169;1;6;;;162;
170;1;7;;;162;
171;1;3;;;162;
172;1;3;;;162;
173;1;3;;;162;
174;1;2;;;162;
175;1;4;;;162;
176;1;10;;;162;
177;1;4;;;162;
178;1;3;;;162;
179;1;3;;;162;
180;1;3;;;162;
181;1;3;;;162;
182;1;3;;;162;
183;1;3;;;162;
184;1;2;;;162;
185;1;2;;;162;
186;1;4;;;162;
187;1;11;;;162;
188;1;31;;;92;
189;1;27;;;92;
190;1;27;;;92;
191;1;14;;;92;
192;1;14;;;92;
193;1;14;;;92;
194;1;14;;;92;
195;1;27;;;92;
196;1;23;;;92;
197;1;27;;;92;
198;1;14;;;92;
199;1;3;;;162;
200;1;3;;;162;
201;1;3;;;162;
202;1;2;;;162;
203;1;3;;;162;
204;1;3;;;162;
205;1;3;;;162;
206;1;10;;;162;
207;1;4;;;162;
208;1;3;;;162;
209;1;3;;;162;
210;1;3;;;162;
211;1;3;;;162;
212;1;3;;;162;
213;1;3;;;162;
214;1;3;;;162;
215;1;2;;;162;
216;1;2;;;162;
217;1;11;;;162;
218;1;7;;;162;
219;1;6;;;162;
220;1;3;;;162;
221;1;27;;;92;
222;1;27;;;92;
223;1;27;;;92;
224;1;27;;;92;
225;1;27;;;92;
226;1;14;;;92;
227;1;14;;;92;
228;1;14;;;92;
229;1;23;;;92;
230;1;27;;;92;
231;1;27;;;92;
232;1;14;;;92;
233;1;6;;;162;
234;1;3;;;162;
235;1;3;;;162;
236;1;3;;;162;
237;1;2;;;162;
238;1;2;;;162;
239;1;11;;;162;
240;1;10;;;162;
241;1;4;;;162;
242;1;3;;;162;
243;1;3;;;162;
244;1;3;;;162;
245;1;3;;;162;
246;1;3;;;162;
247;1;7;;;162;
248;1;3;;;162;
249;1;3;;;162;
250;1;3;;;162;
251;1;3;;;162;
252;1;3;;;162;
253;1;2;;;162;
254;1;3;;;162;
255;1;27;;;92;
256;1;28;;;92;
257;1;28;;;92;
258;1;28;;;92;
259;1;15;;;92;
260;1;15;;;92;
261;1;14;;;92;
262;1;14;;;92;
263;1;14;;;92;
264;1;15;;;92;
265;1;24;;;92;
266;1;28;;;92;
267;1;14;;;92;
268;1;3;;;162;
269;1;3;;;162;
270;1;3;;;162;
271;1;3;;;162;
272;1;3;;;162;
273;1;2;;;162;
274;1;2;;;162;
275;1;11;;;162;
276;1;7;;;162;
277;1;6;;;162;
278;1;3;;;162;
279;1;3;;;162;
280;1;10;;;162;
281;1;4;;;162;
282;1;3;;;162;
283;1;3;;;162;
284;1;3;;;162;
285;1;3;;;162;
286;1;3;;;162;
287;1;3;;;162;
288;1;3;;;162;
289;1;2;;;162;
290;1;28;;;92;
291;1;28;;;92;
292;1;25;;;92;
293;1;25;;;92;
294;1;12;;;92;
295;1;14;;;92;
296;1;14;;;92;
297;1;21;;;92;
298;1;25;;;92;
299;1;25;;;92;
300;1;25;;;92;
301;1;10;;;162;
302;1;4;;;162;
303;1;3;;;162;
304;1;3;;;162;
305;1;3;;;162;
306;1;3;;;162;
307;1;3;;;162;
308;1;3;;;162;
309;1;3;;;162;
310;1;3;;;162;
311;1;2;;;162;
312;1;2;;;162;
313;1;11;;;162;
314;1;6;;;162;
315;1;7;;;162;
316;1;3;;;162;
317;1;3;;;162;
318;1;3;;;162;
319;1;3;;;162;
320;1;2;;;162;
321;1;3;;;162;
322;1;3;;;162;
323;1;25;;;92;
324;1;25;;;92;
325;1;25;;;92;
326;1;12;;;92;
327;1;14;;;92;
328;1;21;;;92;
329;1;25;;;92;
330;1;25;;;92;
331;1;25;;;92;
332;1;3;;;162;
333;1;10;;;162;
334;1;4;;;162;
335;1;3;;;162;
336;1;3;;;162;
337;1;3;;;162;
338;1;3;;;162;
339;1;3;;;162;
340;1;3;;;162;
341;1;3;;;162;
342;1;2;;;162;
343;1;2;;;162;
344;1;6;;;162;
345;1;7;;;162;
346;1;11;;;162;
347;1;3;;;162;
348;1;3;;;162;
349;1;3;;;162;
350;1;3;;;162;
351;1;3;;;162;
352;1;3;;;162;
353;1;2;;;162;
354;1;25;;;92;
355;1;28;;;92;
356;1;28;;;92;
357;1;14;;;92;
358;1;15;;;92;
359;1;28;;;92;
360;1;28;;;92;
361;1;2;;;162;
362;1;3;;;162;
363;1;3;;;162;
364;1;3;;;162;
365;1;3;;;162;
366;1;3;;;162;
367;1;3;;;162;
368;1;3;;;162;
369;1;3;;;162;
370;1;3;;;162;
371;1;11;;;162;
372;1;6;;;162;
373;1;7;;;162;
374;1;4;;;162;
375;1;10;;;162;
376;1;3;;;162;
377;1;3;;;162;
378;1;3;;;162;
379;1;2;;;162;
380;1;28;;;92;
381;1;28;;;92;
382;1;15;;;92;
383;1;14;;;92;
384;1;24;;;92;
385;1;28;;;92;
386;1;28;;;92;
387;1;10;;;162;
388;1;2;;;162;
389;1;2;;;162;
390;1;6;;;162;
391;1;3;;;162;
392;1;5;;;162;
393;1;4;;;162;
394;1;3;;;162;
395;1;3;;;162;
396;1;3;;;162;
397;1;3;;;162;
398;1;3;;;162;
399;1;3;;;162;
400;1;3;;;162;
401;1;2;;;162;
402;1;3;;;162;
403;1;2;;;162;
404;1;2;;;162;
405;1;5;;;162;
406;1;7;;;162;
407;1;11;;;162;
408;1;3;;;162;
409;1;3;;;162;
410;1;3;;;162;
411;1;3;;;162;
412;1;2;;;162;
413;1;3;;;162;
414;1;3;;;162;
415;1;2;;;162;
416;1;3;;;162;
417;1;2;;;162;
418;1;2;;;162;
419;1;28;;;92;
420;1;28;;;92;
421;1;28;;;92;
422;1;15;;;92;
423;1;11;;;92;
424;1;14;;;92;
425;1;14;;;92;
426;1;24;;;92;
427;1;28;;;92;
428;1;28;;;92;
429;1;28;;;92;
430;1;28;;;92;
431;1;11;;;162;
432;1;5;;;162;
433;1;3;;;162;
434;1;2;;;162;
435;1;2;;;162;
436;1;2;;;162;
437;1;2;;;162;
438;1;2;;;162;
439;1;7;;;162;
440;1;6;;;162;
441;1;10;;;162;
442;1;4;;;162;
443;1;3;;;162;
444;1;3;;;162;
445;1;3;;;162;
446;1;3;;;162;
447;1;3;;;162;
448;1;3;;;162;
449;1;3;;;162;
450;1;3;;;162;
451;1;3;;;162;
452;1;3;;;162;
453;1;3;;;162;
454;1;3;;;162;
455;1;3;;;162;
456;1;2;;;162;
457;1;3;;;162;
458;1;5;;;162;
459;1;3;;;162;
460;1;2;;;162;
461;1;2;;;162;
462;1;2;;;162;
463;1;28;;;92;
464;1;28;;;92;
465;1;28;;;92;
466;1;15;;;92;
467;1;14;;;92;
468;1;28;;;92;
469;1;2;;;162;
470;1;2;;;162;
471;1;6;;;162;
472;1;7;;;162;
473;1;2;;;162;
474;1;3;;;162;
475;1;3;;;162;
476;1;3;;;162;
477;1;3;;;162;
478;1;11;;;162;
479;1;3;;;162;
480;1;10;;;162;
481;1;4;;;162;
482;1;3;;;162;
483;1;3;;;162;
484;1;3;;;162;
485;1;3;;;162;
486;1;3;;;162;
487;1;3;;;162;
488;1;3;;;162;
489;1;2;;;162;
490;1;3;;;162;
491;1;2;;;162;
492;1;2;;;162;
493;1;5;;;162;
494;1;3;;;162;
495;1;2;;;162;
496;1;2;;;162;
497;1;5;;;162;
498;1;28;;;92;
499;1;27;;;92;
500;1;27;;;92;
501;1;27;;;92;
502;1;27;;;92;
503;1;27;;;92;
504;1;27;;;92;
505;1;27;;;92;
506;1;3;;;162;
507;1;2;;;162;
508;1;3;;;162;
509;1;3;;;162;
510;1;5;;;162;
511;1;2;;;162;
512;1;3;;;162;
513;1;2;;;162;
514;1;2;;;162;
515;1;10;;;162;
516;1;4;;;162;
517;1;3;;;162;
518;1;3;;;162;
519;1;3;;;162;
520;1;3;;;162;
521;1;3;;;162;
522;1;3;;;162;
523;1;3;;;162;
524;1;3;;;162;
525;1;5;;;162;
526;1;2;;;162;
527;1;3;;;162;
528;1;2;;;162;
529;1;2;;;162;
530;1;2;;;162;
531;1;2;;;162;
532;1;7;;;162;
533;1;6;;;162;
534;1;11;;;162;
535;1;3;;;162;
536;1;3;;;162;
537;1;3;;;162;
538;1;27;;;92;
539;1;14;;;92;
540;1;24;;;92;
541;1;14;;;92;
542;1;14;;;92;
543;1;14;;;92;
544;1;23;;;92;
545;1;14;;;92;
546;1;14;;;92;
547;1;3;;;162;
548;1;4;;;162;
549;1;3;;;162;
550;1;10;;;162;
551;1;4;;;162;
552;1;3;;;162;
553;1;3;;;162;
554;1;3;;;162;
555;1;3;;;162;
556;1;3;;;162;
557;1;3;;;162;
558;1;2;;;162;
559;1;6;;;162;
560;1;7;;;162;
561;1;2;;;162;
562;1;3;;;162;
563;1;3;;;162;
564;1;3;;;162;
565;1;3;;;162;
566;1;11;;;162;
567;1;4;;;162;
568;1;3;;;162;
569;1;2;;;162;
570;1;3;;;162;
571;1;27;;;92;
572;1;15;;;92;
573;1;15;;;92;
574;1;11;;;92;
575;1;15;;;92;
576;1;15;;;92;
577;1;15;;;92;
578;1;15;;;92;
579;1;15;;;92;
580;1;3;;;162;
581;1;3;;;162;
582;1;3;;;162;
583;1;2;;;162;
584;1;3;;;162;
585;1;3;;;162;
586;1;2;;;162;
587;1;2;;;162;
588;1;11;;;162;
589;1;7;;;162;
590;1;6;;;162;
591;1;3;;;162;
592;1;15;;;92;
593;1;14;;;92;
594;1;14;;;92;
595;1;14;;;92;
596;1;14;;;92;
597;1;15;;;92;
598;1;15;;;92;
599;1;29;;;101;
600;1;29;;;101;
601;1;29;;;101;
602;1;29;;;101;
603;1;24;;;101;
604;1;29;;;101;
605;1;29;;;92;
606;1;29;;;101;
607;1;3;;;162;
608;1;3;;;162;
609;1;2;;;162;
610;1;29;;;92;
611;1;10;;;92;
612;1;14;;;92;
613;1;11;;;92;
614;1;11;;;92;
615;1;9;;;;
616;1;9;;;;
617;1;2;;;162;
618;1;2;;;162;
619;1;2;;;162;
620;1;2;;;162;
621;1;2;;;162;
622;1;2;;;162;
623;1;2;;;162;
624;1;2;;;162;
625;1;2;;;162;
626;1;2;;;162;
627;1;2;;;162;
628;1;2;;;162;
629;1;2;;;162;
630;1;2;;;162;
631;1;2;;;162;
632;1;2;;;162;
633;1;2;;;162;
634;1;2;;;162;
635;1;2;;;162;
636;1;2;;;162;
637;1;2;;;162;
638;1;2;;;162;
639;1;2;;;162;
640;1;2;;;162;
641;1;2;;;162;
642;1;2;;;162;
643;1;2;;;162;
644;1;2;;;162;
645;1;2;;;162;
646;1;2;;;162;
647;1;2;;;162;
648;1;2;;;162;
649;1;2;;;162;
650;1;2;;;162;
651;1;2;;;162;
652;1;2;;;162;
653;1;9;;;;
654;1;9;;;;
655;1;2;;;162;
656;1;2;;;162;
657;1;2;;;162;
658;1;2;;;162;
659;1;2;;;162;
660;1;2;;;162;
661;1;2;;;162;
662;1;2;;;162;
663;1;2;;;162;
664;1;2;;;162;
665;1;2;;;162;
666;1;2;;;162;
667;1;2;;;162;
668;1;2;;;162;
669;1;2;;;162;
670;1;2;;;162;
671;1;2;;;162;
672;1;2;;;162;
673;1;2;;;162;
674;1;2;;;162;
675;1;2;;;162;
676;1;2;;;162;
677;1;2;;;162;
678;1;2;;;162;
679;1;2;;;162;
680;1;2;;;162;
681;1;2;;;162;
682;1;2;;;162;
683;1;2;;;162;
684;1;2;;;162;
685;1;2;;;162;
686;1;2;;;162;
687;1;2;;;162;
688;1;2;;;162;
689;1;2;;;162;
690;1;2;;;162;
691;1;9;;;;
692;1;9;;;;
693;1;9;;;;
694;1;2;;;162;
695;1;2;;;162;
696;1;2;;;162;
697;1;2;;;162;
698;1;2;;;162;
699;1;2;;;162;
700;1;2;;;162;
701;1;2;;;162;
702;1;2;;;162;
703;1;2;;;162;
704;1;2;;;162;
705;1;2;;;162;
706;1;2;;;162;
707;1;2;;;162;
708;1;2;;;162;
709;1;2;;;162;
710;1;2;;;162;
711;1;2;;;162;
712;1;2;;;162;
713;1;2;;;162;
714;1;2;;;162;
715;1;2;;;162;
716;1;2;;;162;
717;1;2;;;162;
718;1;2;;;162;
719;1;2;;;162;
720;1;2;;;162;
721;1;2;;;162;
722;1;2;;;162;
723;1;2;;;162;
724;1;2;;;162;
725;1;2;;;162;
726;1;2;;;162;
727;1;2;;;162;
728;1;2;;;162;
729;1;2;;;162;
730;1;9;;;;
731;1;9;;;;
732;1;9;;;;
733;1;2;;;162;
734;1;2;;;162;
735;1;2;;;162;
736;1;2;;;162;
737;1;2;;;162;
738;1;2;;;162;
739;1;2;;;162;
740;1;2;;;162;
741;1;2;;;162;
742;1;2;;;162;
743;1;2;;;162;
744;1;2;;;162;
745;1;2;;;162;
746;1;2;;;162;
747;1;2;;;162;
748;1;2;;;162;
749;1;2;;;162;
750;1;2;;;162;
751;1;2;;;162;
752;1;2;;;162;
753;1;2;;;162;
754;1;2;;;162;
755;1;2;;;162;
756;1;2;;;162;
757;1;2;;;162;
758;1;2;;;162;
759;1;2;;;162;
760;1;2;;;162;
761;1;2;;;162;
762;1;2;;;162;
763;1;2;;;162;
764;1;2;;;162;
765;1;2;;;162;
766;1;2;;;162;
767;1;2;;;162;
768;1;2;;;162;
769;1;9;;;;
770;1;9;;;;
771;1;9;;;;
772;1;2;;;162;
773;1;2;;;162;
774;1;2;;;162;
775;1;2;;;162;
776;1;2;;;162;
777;1;2;;;162;
778;1;2;;;162;
779;1;2;;;162;
780;1;2;;;162;
781;1;2;;;162;
782;1;2;;;162;
783;1;2;;;162;
784;1;2;;;162;
785;1;2;;;162;
786;1;2;;;162;
787;1;2;;;162;
788;1;2;;;162;
789;1;2;;;162;
790;1;2;;;162;
791;1;2;;;162;
792;1;2;;;162;
793;1;2;;;162;
794;1;2;;;162;
795;1;2;;;162;
796;1;2;;;162;
797;1;2;;;162;
798;1;2;;;162;
799;1;2;;;162;
800;1;2;;;162;
801;1;2;;;162;
802;1;2;;;162;
803;1;2;;;162;
804;1;2;;;162;
805;1;2;;;162;
806;1;2;;;162;
807;1;2;;;162;
808;1;9;;;;
809;1;9;;;;
810;1;9;;;;
811;1;2;;;162;
812;1;2;;;162;
813;1;2;;;162;
814;1;2;;;162;
815;1;2;;;162;
816;1;2;;;162;
817;1;2;;;162;
818;1;2;;;162;
819;1;2;;;162;
820;1;2;;;162;
821;1;2;;;162;
822;1;2;;;162;
823;1;2;;;162;
824;1;2;;;162;
825;1;2;;;162;
826;1;2;;;162;
827;1;2;;;162;
828;1;2;;;162;
829;1;2;;;162;
830;1;2;;;162;
831;1;2;;;162;
832;1;2;;;162;
833;1;2;;;162;
834;1;2;;;162;
835;1;2;;;162;
836;1;2;;;162;
837;1;2;;;162;
838;1;2;;;162;
839;1;2;;;162;
840;1;2;;;162;
841;1;2;;;162;
842;1;2;;;162;
843;1;2;;;162;
844;1;2;;;162;
845;1;2;;;162;
846;1;2;;;162;
847;1;9;;;;
848;1;9;;;;
849;1;9;;;;
850;1;2;;;162;
851;1;2;;;162;
852;1;2;;;162;
853;1;2;;;162;
854;1;2;;;162;
855;1;2;;;162;
856;1;2;;;162;
857;1;2;;;162;
858;1;2;;;162;
859;1;2;;;162;
860;1;2;;;162;
861;1;2;;;162;
862;1;2;;;162;
863;1;2;;;162;
864;1;2;;;162;
865;1;2;;;162;
866;1;2;;;162;
867;1;2;;;162;
868;1;2;;;162;
869;1;2;;;162;
870;1;2;;;162;
871;1;2;;;162;
872;1;2;;;162;
873;1;2;;;162;
874;1;2;;;162;
875;1;2;;;162;
876;1;2;;;162;
877;1;2;;;162;
878;1;2;;;162;
879;1;2;;;162;
880;1;2;;;162;
881;1;2;;;162;
882;1;2;;;162;
883;1;2;;;162;
884;1;2;;;162;
885;1;2;;;162;
886;1;9;;;;
887;1;9;;;;
888;1;9;;;;
889;1;2;;;162;
890;1;2;;;162;
891;1;2;;;162;
892;1;2;;;162;
893;1;2;;;162;
894;1;2;;;162;
895;1;2;;;162;
896;1;2;;;162;
897;1;2;;;162;
898;1;2;;;162;
899;1;2;;;162;
900;1;2;;;162;
901;1;2;;;162;
902;1;2;;;162;
903;1;2;;;162;
904;1;2;;;162;
905;1;2;;;162;
906;1;2;;;162;
907;1;2;;;162;
908;1;2;;;162;
909;1;2;;;162;
910;1;2;;;162;
911;1;2;;;162;
912;1;2;;;162;
913;1;2;;;162;
914;1;2;;;162;
915;1;2;;;162;
916;1;2;;;162;
917;1;2;;;162;
918;1;2;;;162;
919;1;2;;;162;
920;1;2;;;162;
921;1;2;;;162;
922;1;2;;;162;
923;1;2;;;162;
924;1;2;;;162;
925;1;9;;;;
926;1;9;;;;
927;1;9;;;;
928;1;2;;;162;
929;1;2;;;162;
930;1;2;;;162;
931;1;2;;;162;
932;1;2;;;162;
933;1;2;;;162;
934;1;2;;;162;
935;1;2;;;162;
936;1;2;;;162;
937;1;2;;;162;
938;1;2;;;162;
939;1;2;;;162;
940;1;2;;;162;
941;1;2;;;162;
942;1;2;;;162;
943;1;2;;;162;
944;1;2;;;162;
945;1;2;;;162;
946;1;2;;;162;
947;1;2;;;162;
948;1;2;;;162;
949;1;2;;;162;
950;1;2;;;162;
951;1;2;;;162;
952;1;2;;;162;
953;1;2;;;162;
954;1;2;;;162;
955;1;2;;;162;
956;1;2;;;162;
957;1;2;;;162;
958;1;2;;;162;
959;1;2;;;162;
960;1;2;;;162;
961;1;2;;;162;
962;1;2;;;162;
963;1;2;;;162;
964;1;9;;;;
965;1;9;;;;
966;1;9;;;;
967;1;2;;;162;
968;1;2;;;162;
969;1;2;;;162;
970;1;2;;;162;
971;1;2;;;162;
972;1;2;;;162;
973;1;2;;;162;
974;1;2;;;162;
975;1;2;;;162;
976;1;2;;;162;
977;1;2;;;162;
978;1;2;;;162;
979;1;2;;;162;
980;1;2;;;162;
981;1;2;;;162;
982;1;2;;;162;
983;1;2;;;162;
984;1;2;;;162;
985;1;2;;;162;
986;1;2;;;162;
987;1;2;;;162;
988;1;2;;;162;
989;1;2;;;162;
990;1;2;;;162;
991;1;2;;;162;
992;1;2;;;162;
993;1;2;;;162;
994;1;2;;;162;
995;1;2;;;162;
996;1;2;;;162;
997;1;2;;;162;
998;1;2;;;162;
999;1;2;;;162;
1000;1;2;;;162;
1001;1;2;;;162;
1002;1;2;;;162;
1003;1;9;;;;
1004;1;9;;;;
1005;1;9;;;;
1006;1;2;;;162;
1007;1;2;;;162;
1008;1;2;;;162;
1009;1;2;;;162;
1010;1;2;;;162;
1011;1;2;;;162;
1012;1;2;;;162;
1013;1;2;;;162;
1014;1;2;;;162;
1015;1;2;;;162;
1016;1;2;;;162;
1017;1;2;;;162;
1018;1;2;;;162;
1019;1;2;;;162;
1020;1;2;;;162;
1021;1;2;;;162;
1022;1;2;;;162;
1023;1;2;;;162;
1024;1;2;;;162;
1025;1;2;;;162;
1026;1;2;;;162;
1027;1;2;;;162;
1028;1;2;;;162;
1029;1;2;;;162;
1030;1;2;;;162;
1031;1;2;;;162;
1032;1;2;;;162;
1033;1;2;;;162;
1034;1;2;;;162;
1035;1;2;;;162;
1036;1;2;;;162;
1037;1;2;;;162;
1038;1;2;;;162;
1039;1;2;;;162;
1040;1;2;;;162;
1041;1;2;;;162;
1042;1;9;;;;
1043;1;9;;;;
1044;1;9;;;;
1045;1;2;;;162;
1046;1;2;;;162;
1047;1;2;;;162;
1048;1;2;;;162;
1049;1;2;;;162;
1050;1;2;;;162;
1051;1;2;;;162;
1052;1;2;;;162;
1053;1;2;;;162;
1054;1;2;;;162;
1055;1;2;;;162;
1056;1;2;;;162;
1057;1;2;;;162;
1058;1;2;;;162;
1059;1;2;;;162;
1060;1;2;;;162;
1061;1;2;;;162;
1062;1;2;;;162;
1063;1;2;;;162;
1064;1;2;;;162;
1065;1;2;;;162;
1066;1;2;;;162;
1067;1;2;;;162;
1068;1;2;;;162;
1069;1;2;;;162;
1070;1;2;;;162;
1071;1;2;;;162;
1072;1;2;;;162;
1073;1;2;;;162;
1074;1;2;;;162;
1075;1;2;;;162;
1076;1;2;;;162;
1077;1;2;;;162;
1078;1;2;;;162;
1079;1;2;;;162;
1080;1;2;;;162;
1081;1;9;;;;
1082;1;9;;;;
1083;1;9;;;;
1084;1;2;;;162;
1085;1;2;;;162;
1086;1;2;;;162;
1087;1;2;;;162;
1088;1;2;;;162;
1089;1;2;;;162;
1090;1;2;;;162;
1091;1;2;;;162;
1092;1;2;;;162;
1093;1;2;;;162;
1094;1;2;;;162;
1095;1;2;;;162;
1096;1;2;;;162;
1097;1;2;;;162;
1098;1;2;;;162;
1099;1;2;;;162;
1100;1;2;;;162;
1101;1;2;;;162;
1102;1;2;;;162;
1103;1;2;;;162;
1104;1;2;;;162;
1105;1;2;;;162;
1106;1;2;;;162;
1107;1;2;;;162;
1108;1;2;;;162;
1109;1;2;;;162;
1110;1;2;;;162;
1111;1;2;;;162;
1112;1;2;;;162;
1113;1;2;;;162;
1114;1;2;;;162;
1115;1;2;;;162;
1116;1;2;;;162;
1117;1;2;;;162;
1118;1;2;;;162;
1119;1;2;;;162;
1120;1;9;;;;
1121;1;9;;;;
1122;1;9;;;;
1123;1;2;;;162;
1124;1;2;;;162;
1125;1;2;;;162;
1126;1;2;;;162;
1127;1;2;;;162;
1128;1;2;;;162;
1129;1;2;;;162;
1130;1;2;;;162;
1131;1;2;;;162;
1132;1;2;;;162;
1133;1;2;;;162;
1134;1;2;;;162;
1135;1;2;;;162;
1136;1;2;;;162;
1137;1;2;;;162;
1138;1;2;;;162;
1139;1;2;;;162;
1140;1;2;;;162;
1141;1;2;;;162;
1142;1;2;;;162;
1143;1;2;;;162;
1144;1;2;;;162;
1145;1;2;;;162;
1146;1;2;;;162;
1147;1;2;;;162;
1148;1;2;;;162;
1149;1;2;;;162;
1150;1;2;;;162;
1151;1;2;;;162;
1152;1;2;;;162;
1153;1;2;;;162;
1154;1;2;;;162;
1155;1;2;;;162;
1156;1;2;;;162;
1157;1;2;;;162;
1158;1;2;;;162;
1159;1;9;;;;
1160;1;9;;;;
1161;1;2;;;162;
1162;1;2;;;162;
1163;1;2;;;162;
1164;1;2;;;162;
1165;1;2;;;162;
1166;1;2;;;162;
1167;1;2;;;162;
1168;1;2;;;162;
1169;1;2;;;162;
1170;1;2;;;162;
1171;1;2;;;162;
1172;1;2;;;162;
1173;1;2;;;162;
1174;1;2;;;162;
1175;1;2;;;162;
1176;1;2;;;162;
1177;1;2;;;162;
1178;1;2;;;162;
1179;1;2;;;162;
1180;1;2;;;162;
1181;1;2;;;162;
1182;1;2;;;162;
1183;1;2;;;162;
1184;1;2;;;162;
1185;1;2;;;162;
1186;1;2;;;162;
1187;1;2;;;162;
1188;1;2;;;162;
1189;1;2;;;162;
1190;1;2;;;162;
1191;1;2;;;162;
1192;1;2;;;162;
1193;1;2;;;162;
1194;1;2;;;162;
1195;1;2;;;162;
1196;1;2;;;162;
1197;1;9;;;;
1198;1;9;;;;
1199;1;9;;;;
1200;1;9;;;;
1201;1;9;;;;
1202;1;9;;;;
1203;1;2;;;162;
1204;1;2;;;162;
1205;1;2;;;162;
1206;1;2;;;162;
1207;1;2;;;162;
1208;1;2;;;162;
1209;1;2;;;162;
1210;1;2;;;162;
1211;1;2;;;162;
1212;1;2;;;162;
1213;1;2;;;162;
1214;1;2;;;162;
1215;1;2;;;162;
1216;1;2;;;162;
1217;1;2;;;162;
1218;1;2;;;162;
1219;1;2;;;162;
1220;1;2;;;162;
1221;1;2;;;162;
1222;1;2;;;162;
1223;1;2;;;162;
1224;1;2;;;162;
1225;1;2;;;162;
1226;1;2;;;162;
1227;1;2;;;162;
1228;1;2;;;162;
1229;1;2;;;162;
1230;1;2;;;162;
1231;1;2;;;162;
1232;1;2;;;162;
1233;1;2;;;162;
1234;1;2;;;162;
1235;1;2;;;162;
1236;1;2;;;162;
1237;1;2;;;162;
1238;1;2;;;162;
1239;1;2;;;;
1240;1;2;;;;
1241;1;19;;;;
1242;1;19;;;;
1243;1;19;;;;
1244;1;19;;;;
1245;1;19;;;;
1246;1;19;;;;
1247;1;19;;;;
1248;1;19;;;;
1249;1;19;;;;
1250;1;19;;;;
1251;1;19;;;;
1252;1;19;;;;
1253;1;12;;;;
1254;1;12;;;;
1255;1;19;;;;
1256;1;19;;;;
1257;1;19;;;;
1258;1;19;;;;
1259;1;19;;;;
1260;1;19;;;;
1261;1;19;;;;
1262;1;19;;;;
1263;1;12;;;;
1264;1;12;;;;
1265;1;12;;;;
1266;1;12;;;;
1267;1;19;;;;
1268;1;19;;;;
1269;1;19;;;;
1270;1;19;;;;
1271;1;19;;;;
1272;1;19;;;;
1273;1;12;;;;
1274;1;12;;;;
1275;1;12;;;;
1276;1;12;;;;
1277;1;19;;;;
1278;1;19;;;;
1279;1;19;;;;
1280;1;19;;;;
1281;1;19;;;;
1282;1;19;;;;
1283;1;19;;;;
1284;1;12;;;;
1285;1;12;;;;
1286;1;12;;;;
1287;1;12;;;;
1288;1;19;;;;
1289;1;19;;;;
1290;1;19;;;;
1291;1;19;;;;
1292;1;12;;;;
1293;1;12;;;;
1294;1;12;;;;
1295;1;12;;;;
1296;1;12;;;;
1297;1;12;;;;
1298;1;19;;;;
1299;1;19;;;;
1300;1;19;;;;
1301;1;19;;;;
1302;1;12;;;;
1303;1;12;;;;
1304;1;12;;;;
1305;1;12;;;;
1306;1;12;;;;
1307;1;19;;;;
1308;1;19;;;;
1309;1;19;;;;
1310;1;19;;;;
1311;1;12;;;;
1312;1;12;;;;
1313;1;12;;;;
1314;1;12;;;;
1315;1;19;;;;
1316;1;19;;;;
1317;1;19;;;;
1318;1;19;;;;
1319;1;19;;;;
1320;1;12;;;;
1321;1;12;;;;
1322;1;12;;;;
1323;1;12;;;;
1324;1;12;;;;
1325;1;12;;;;
1326;1;19;;;;
1327;1;19;;;;
1328;1;19;;;;
1329;1;19;;;;
1330;1;19;;;;
1331;1;19;;;;
1332;1;19;;;;
1333;1;12;;;;
1334;1;12;;;;
1335;1;19;;;;
1336;1;12;;;;
1337;1;12;;;;
1338;1;19;;;;
1339;1;19;;;;
1340;1;19;;;;
1341;1;19;;;;
1342;1;19;;;;
1343;1;12;;;;
1344;1;12;;;;
1345;1;19;;;;
1346;1;12;;;;
1347;1;12;;;;
1348;1;19;;;;
1349;1;19;;;;
1350;1;19;;;;
1351;1;19;;;;
1352;1;19;;;;
1353;1;19;;;;
1354;1;12;;;;
1355;1;12;;;;
1356;1;19;;;;
1357;1;12;;;;
1358;1;12;;;;
1359;1;19;;;;
1360;1;19;;;;
1361;1;19;;;;
1362;1;19;;;;
1363;1;19;;;;
1364;1;12;;;;
1365;1;12;;;;
1366;1;12;;;;
1367;1;12;;;;
1368;1;12;;;;
1369;1;12;;;;
1370;1;19;;;;
1371;1;19;;;;
1372;1;19;;;;
1373;1;19;;;;
1374;1;19;;;;
1375;1;19;;;;
1376;1;12;;;;
1377;1;12;;;;
1378;1;12;;;;
1379;1;12;;;;
1380;1;12;;;;
1381;1;19;;;;
1382;1;19;;;;
1383;1;19;;;;
1384;1;19;;;;
1385;1;19;;;;
1386;1;12;;;;
1387;1;12;;;;
1388;1;12;;;;
1389;1;12;;;;
1390;1;12;;;;
1391;1;12;;;;
1392;1;19;;;;
1393;1;19;;;;
1394;1;19;;;;
1395;1;19;;;;
1396;1;19;;;;
1397;1;12;;;;
1398;1;12;;;;
1399;1;12;;;;
1400;1;12;;;;
1401;1;12;;;;
1402;1;12;;;;
1403;1;19;;;;
1404;1;19;;;;
1405;1;19;;;;
1406;1;19;;;;
1407;1;19;;;;
1408;1;12;;;;
1409;1;12;;;;
1410;1;12;;;;
1411;1;12;;;;
1412;1;19;;;;
1413;1;19;;;;
1414;1;19;;;;
1415;1;19;;;;
1416;1;19;;;;
1417;1;19;;;;
1418;1;12;;;;
1419;1;12;;;;
1420;1;19;;;;
1421;1;19;;;;
1422;1;19;;;;
1423;1;10;;;162;
1424;1;16;;;162;
1425;1;4;;;162;
1426;1;12;;;162;
1427;1;7;;;162;
1428;1;10;;;162;
1429;1;16;;;162;
1430;1;4;;;162;
1431;1;12;;;162;
1432;1;7;;;162;
1433;1;10;;;162;
1434;1;16;;;162;
1435;1;4;;;162;
1436;1;12;;;162;
1437;1;7;;;162;
1438;1;19;;;;
1439;1;19;;;;
1440;1;19;;;;
1441;1;19;;;;
1442;1;16;;;162;
1443;1;4;;;162;
1444;1;11;;;162;
1445;1;10;;;162;
1446;1;16;;;162;
1447;1;4;;;162;
1448;1;11;;;162;
1449;1;10;;;162;
1450;1;16;;;162;
1451;1;4;;;162;
1452;1;11;;;162;
1453;1;10;;;162;
1454;1;19;;;;
1455;1;19;;;;
1456;1;19;;;;
1457;1;7;;;162;
1458;1;16;;;162;
1459;1;10;;;162;
1460;1;4;;;162;
1461;1;12;;;162;
1462;1;7;;;162;
1463;1;16;;;162;
1464;1;10;;;162;
1465;1;4;;;162;
1466;1;12;;;162;
1467;1;7;;;162;
1468;1;16;;;162;
1469;1;10;;;162;
1470;1;4;;;162;
1471;1;12;;;162;
1472;1;19;;;;
1473;1;19;;;;
1474;1;19;;;;
1475;1;4;;;162;
1476;1;7;;;162;
1477;1;4;;;162;
1478;1;12;;;162;
1479;1;16;;;162;
1480;1;10;;;162;
1481;1;7;;;162;
1482;1;12;;;162;
1483;1;16;;;162;
1484;1;10;;;162;
1485;1;12;;;162;
1486;1;16;;;162;
1487;1;10;;;162;
1488;1;7;;;162;
1489;1;4;;;162;
1490;1;19;;;;
1491;1;19;;;;
1492;1;19;;;;
1493;1;16;;;162;
1494;1;4;;;162;
1495;1;12;;;162;
1496;1;10;;;162;
1497;1;16;;;162;
1498;1;4;;;162;
1499;1;12;;;162;
1500;1;10;;;162;
1501;1;16;;;162;
1502;1;4;;;162;
1503;1;12;;;162;
1504;1;10;;;162;
1505;1;19;;;;
1506;1;19;;;;
1507;1;19;;;;
1508;1;10;;;162;
1509;1;16;;;162;
1510;1;12;;;162;
1511;1;7;;;162;
1512;1;4;;;162;
1513;1;10;;;162;
1514;1;16;;;162;
1515;1;12;;;162;
1516;1;7;;;162;
1517;1;4;;;162;
1518;1;10;;;162;
1519;1;16;;;162;
1520;1;12;;;162;
1521;1;7;;;162;
1522;1;4;;;162;
1523;1;19;;;;
1524;1;19;;;;
1525;1;19;;;;
1526;1;16;;;162;
1527;1;12;;;162;
1528;1;10;;;162;
1529;1;4;;;162;
1530;1;16;;;162;
1531;1;12;;;162;
1532;1;10;;;162;
1533;1;4;;;162;
1534;1;16;;;162;
1535;1;12;;;162;
1536;1;10;;;162;
1537;1;4;;;162;
1538;1;7;;;;
1539;1;7;;;;
1540;1;7;;;;
1541;1;7;;;;
1542;1;7;;;;
1543;1;7;;;;
1544;1;7;;;;
1545;1;7;;;;
1546;1;7;;;;
1547;1;7;;;;
1548;1;7;;;;
1549;1;7;;;;
1550;1;7;;;;
1551;1;7;;;;
1552;1;7;;;;
1553;1;7;;;;
1554;1;7;;;;
1555;1;7;;;;
1556;1;7;;;;
1557;1;7;;;;
1558;1;7;;;;
1559;1;7;;;;
1560;1;7;;;;
1561;1;7;;;;
1562;1;7;;;;
1563;1;7;;;;
1564;1;7;;;;
1565;1;7;;;;
1566;1;7;;;;
1567;1;7;;;;
1568;1;7;;;;
1569;1;7;;;;
1570;1;7;;;;
1571;1;7;;;;
1572;1;7;;;;
1573;1;7;;;;
1574;1;7;;;;
1575;1;7;;;;
1576;1;7;;;;
1577;1;7;;;;
1578;1;7;;;;
1579;1;7;;;;
1580;1;7;;;;
1581;1;7;;;;
1582;1;7;;;;
1583;1;7;;;;
1584;1;7;;;;
1585;1;7;;;;
1586;1;7;;;;
1587;1;7;;;;
1588;1;7;;;;
1589;1;7;;;;
1590;1;7;;;;
1591;1;7;;;;
1592;1;7;;;;
1593;1;7;;;;
1594;1;7;;;;
1595;1;7;;;;
1596;1;7;;;;
1597;1;7;;;;
1598;1;7;;;;
1599;1;7;;;;
1600;1;7;;;;
1601;1;7;;;;
1602;1;26;;;;
1603;1;26;;;;
1604;1;26;;;;
1605;1;26;;;;
1606;1;26;;;;
1607;1;26;;;;
1608;1;26;;;;
1609;1;26;;;;
1610;1;26;;;;
1611;1;26;;;;
1612;1;26;;;;
1613;1;26;;;;
1614;1;26;;;;
1615;1;26;;;;
1616;1;26;;;;
1617;1;26;;;;
1618;1;26;;;;
1619;1;26;;;;
1620;1;26;;;;
1621;1;26;;;;
1622;1;26;;;;
1623;1;26;;;;
1624;1;26;;;;
1625;1;26;;;;
1626;1;26;;;;
1627;1;26;;;;
1628;1;26;;;;
1629;1;26;;;;
1630;1;26;;;;
1631;1;26;;;;
1632;1;26;;;;
1633;1;26;;;;
1634;1;26;;;;
1635;1;26;;;;
1636;1;26;;;;
1637;1;26;;;;
1638;1;26;;;;
1639;1;26;;;;
1640;1;26;;;;
1641;1;26;;;;
1642;1;26;;;;
1643;1;26;;;;
1644;1;26;;;;
1645;1;26;;;;
1646;1;26;;;;
1647;1;26;;;;
1648;1;26;;;;
1649;1;26;;;;
1650;1;26;;;;
1651;1;26;;;;
1652;1;26;;;;
1653;1;26;;;;
1654;1;26;;;;
1655;1;26;;;;
1656;1;26;;;;
1657;1;26;;;;
1658;1;26;;;;
1659;1;26;;;;
1660;1;26;;;;
1661;1;26;;;;
1662;1;26;;;;
1663;1;26;;;;
1664;1;26;;;;
1665;1;26;;;;
1666;1;26;;;;
1667;1;26;;;;
1668;1;26;;;;
1669;1;26;;;;
1670;1;26;;;;
1671;1;26;;;;
1672;1;26;;;;
1673;1;26;;;;
1674;1;31;;;;
1675;1;26;;;;
1676;1;31;;;;
1677;1;31;;;;
1678;1;31;;;;
1679;1;31;;;;
1680;1;31;;;;
1681;1;31;;;;
1682;1;31;;;;
1683;1;31;;;;
1684;1;31;;;;
1685;1;31;;;;
1686;1;31;;;;
1687;1;31;;;;
1688;1;31;;;;
1689;1;31;;;;
1690;1;31;;;;
1691;1;31;;;;
1692;1;31;;;;
1693;1;31;;;;
1694;1;31;;;;
1695;1;31;;;;
1696;1;31;;;;
1697;1;31;;;;
1698;1;31;;;;
1699;1;31;;;;
1700;1;31;;;;
1701;1;31;;;;
1702;1;31;;;;
1703;1;31;;;;
1704;1;31;;;;
1705;1;31;;;;
1706;1;31;;;;
1707;1;31;;;;
1708;1;31;;;;
1709;1;31;;;;
1710;1;31;;;;
1711;1;31;;;;
1712;1;31;;;;
1713;1;31;;;;
1714;1;31;;;;
1715;1;31;;;;
1716;1;31;;;;
1717;1;31;;;;
1718;1;31;;;;
1719;1;31;;;;
1720;1;31;;;;
1721;1;31;;;;
1722;1;31;;;;
1723;1;31;;;;
1724;1;31;;;;
1725;1;31;;;;
1726;1;31;;;;
1727;1;31;;;;
1728;1;31;;;;
1729;1;31;;;;
1730;1;31;;;;
1731;1;31;;;;
1732;1;31;;;;
1733;1;31;;;;
1734;1;31;;;;
1735;1;31;;;;
1736;1;31;;;;
1737;1;31;;;;
1738;1;31;;;;
1739;1;31;;;;
1740;1;31;;;;
1741;1;31;;;;
1742;1;31;;;;
1743;1;31;;;;
1744;1;31;;;;
1745;1;31;;;;
1746;1;31;;;;
1747;1;31;;;;
1748;1;31;;;;
1749;1;31;;;;
1750;1;31;;;;
1751;1;31;;;;
1752;1;31;;;;
1753;1;31;;;;
1754;1;31;;;;
1755;1;31;;;;
1756;1;31;;;;
1757;1;31;;;;
1758;1;31;;;;
1759;1;31;;;;
1760;1;31;;;;
1761;1;31;;;;
1762;1;31;;;;
1763;1;31;;;;
1764;1;31;;;;
1765;1;31;;;;
1766;1;31;;;;
1767;1;31;;;;
1768;1;31;;;;
1769;1;31;;;;
1770;1;31;;;;
1771;1;31;;;;
1772;1;31;;;;
1773;1;31;;;;
1774;1;31;;;;
1775;1;31;;;;
1776;1;31;;;;
1777;1;31;;;;
1778;1;31;;;;
1779;1;31;;;;
1780;1;31;;;;
1781;1;31;;;;
1782;1;31;;;;
1783;1;31;;;;
1784;1;31;;;;
1785;1;31;;;;
1786;1;31;;;;
1787;1;31;;;;
1788;1;31;;;;
1789;1;31;;;;
1790;1;31;;;;
1791;1;31;;;;
1792;1;31;;;;
1793;1;31;;;;
1794;1;31;;;;
1795;1;31;;;;
1796;1;31;;;;
1797;1;31;;;;
1798;1;31;;;;
1799;1;31;;;;
1800;1;31;;;;
1801;1;31;;;;
1802;1;31;;;;
1803;1;31;;;;
1804;1;31;;;;
1805;1;31;;;;
1806;1;31;;;;
1807;1;31;;;;
1808;1;31;;;;
1809;1;31;;;;
1810;1;31;;;;
1811;1;31;;;;
1812;1;31;;;;
1813;1;31;;;;
1814;1;31;;;;
1815;1;31;;;;
1816;1;31;;;;
1817;1;31;;;;
1818;1;31;;;;
1819;1;31;;;;
1820;1;31;;;;
1821;1;31;;;;
1822;1;31;;;;
1823;1;31;;;;
1824;1;31;;;;
1825;1;31;;;;
1826;1;31;;;;
1827;1;31;;;;
1828;1;31;;;;
1829;1;31;;;;
1830;1;31;;;;
1831;1;31;;;;
1832;1;31;;;;
1833;1;31;;;;
1834;1;31;;;;
1835;1;31;;;;
1836;1;31;;;;
1837;1;31;;;;
1838;1;31;;;;
1839;1;31;;;;
1840;1;31;;;;
1841;1;31;;;;
1842;1;31;;;;
1843;1;31;;;;
1844;1;31;;;;
1845;1;31;;;;
1846;1;31;;;;
1847;1;31;;;;
1848;1;31;;;;
1849;1;31;;;;
1850;1;31;;;;
1851;1;31;;;;
1852;1;31;;;;
1853;1;31;;;;
1854;1;31;;;;
1855;1;31;;;;
1856;1;31;;;;
1857;1;31;;;;
1858;1;31;;;;
1859;1;31;;;;
1860;1;31;;;;
1861;1;31;;;;
1862;1;31;;;;
1863;1;31;;;;
1864;1;31;;;;
1865;1;29;;;;
1866;1;29;;;;
1867;1;31;;;;
1868;1;31;;;;
1869;1;29;;;;
1870;1;18;;;;
1871;1;18;;;;
1872;1;18;;;;
1873;1;18;;;;
1874;1;18;;;;
1875;1;18;;;;
1876;1;18;;;;
1877;1;18;;;;
1878;1;18;;;;
1879;1;18;;;;
1880;1;18;;;;
1881;1;18;;;;
1882;1;18;;;;
1883;1;18;;;;
1884;1;18;;;;
1885;1;18;;;;
1886;1;18;;;;
1887;1;18;;;;
1888;1;18;;;;
1889;1;19;;;;
1890;1;6;;;162;
1891;1;18;;;;
1892;1;18;;;;
1893;1;18;;;;
1894;1;18;;;;
1895;1;18;;;;
1896;1;18;;;;
1897;1;19;;;;
1898;1;6;;;162;
1899;1;18;;;;
1900;1;18;;;;
1901;1;18;;;;
1902;1;18;;;;
1903;1;18;;;;
1904;1;18;;;;
1905;1;18;;;;
1906;1;18;;;;
1907;1;18;;;;
1908;1;18;;;;
1909;1;18;;;;
1910;1;18;;;;
1911;1;18;;;;
1912;1;18;;;;
1913;1;18;;;;
1914;1;18;;;;
1915;1;18;;;;
1916;1;18;;;;
1917;1;18;;;;
1918;1;18;;;;
1919;1;18;;;;
1920;1;18;;;;
1921;1;18;;;;
1922;1;18;;;;
1923;1;18;;;;
1924;1;18;;;;
1925;1;18;;;;
1926;1;18;;;;
1927;1;18;;;;
1928;1;18;;;;
1929;1;18;;;;
1930;1;18;;;;
1931;1;18;;;;
1932;1;18;;;;
1933;1;18;;;;
1934;1;18;;;;
1935;1;18;;;;
1936;1;18;;;;
1937;1;18;;;;
1938;1;18;;;;
1939;1;18;;;;
1940;1;18;;;;
1941;1;18;;;;
1942;1;18;;;;
1943;1;18;;;;
1944;1;18;;;;
1945;1;18;;;;
1946;1;18;;;;
1947;1;18;;;;
1948;1;18;;;;
1949;1;18;;;;
1950;1;18;;;;
1951;1;18;;;;
1952;1;18;;;;
1953;1;18;;;;
1954;1;18;;;;
1955;1;18;;;;
1956;1;18;;;;
1957;1;18;;;;
1958;1;18;;;;
1959;1;18;;;;
1960;1;18;;;;
1961;1;18;;;;
1962;1;18;;;;
1963;1;18;;;;
1964;1;18;;;;
1965;1;18;;;;
1966;1;18;;;;
1967;1;18;;;;
1968;1;18;;;;
1969;1;18;;;;
1970;1;18;;;;
1971;1;18;;;;
1972;1;18;;;;
1973;1;18;;;;
1974;1;18;;;;
1975;1;18;;;;
1976;1;18;;;;
1977;1;18;;;;
1978;1;18;;;;
1979;1;18;;;;
1980;1;18;;;;
1981;1;18;;;;
1982;1;18;;;;
1983;1;18;;;;
1984;1;18;;;;
1985;1;18;;;;
1986;1;18;;;;
1987;1;18;;;;
1988;1;18;;;;
1989;1;18;;;;
1990;1;18;;;;
1991;1;18;;;;
1992;1;18;;;;
1993;1;18;;;;
1994;1;18;;;;
1995;1;18;;;;
1996;1;18;;;;
1997;1;18;;;;
1998;1;18;;;;
1999;1;18;;;;
2000;1;18;;;;
2001;1;18;;;;
2002;1;18;;;;
2003;1;18;;;;
2004;1;18;;;;
2005;1;18;;;;
2006;1;18;;;;
2007;1;18;;;;
2008;1;18;;;;
2009;1;18;;;;
2010;1;18;;;;
2011;1;18;;;;
2012;1;18;;;;
2013;1;18;;;;
2014;1;18;;;;
2015;1;18;;;;
2016;1;18;;;;
2017;1;18;;;;
2018;1;18;;;;
2019;1;18;;;;
2020;1;18;;;;
2021;1;18;;;;
2022;1;18;;;;
2023;1;18;;;;
2024;1;18;;;;
2025;1;18;;;;
2026;1;18;;;;
2027;1;18;;;;
2028;1;18;;;;
2029;1;18;;;;
2030;1;18;;;;
2031;1;18;;;;
2032;1;18;;;;
2033;1;18;;;;
2034;1;18;;;;
2035;1;18;;;;
2036;1;18;;;;
2037;1;18;;;;
2038;1;18;;;;
2039;1;18;;;;
2040;1;18;;;;
2041;1;18;;;;
2042;1;18;;;;
2043;1;18;;;;
2044;1;18;;;;
2045;1;18;;;;
2046;1;18;;;;
2047;1;18;;;;
2048;1;18;;;;
2049;1;18;;;;
2050;1;18;;;;
2051;1;18;;;;
2052;1;18;;;;
2053;1;19;;;;
2054;1;6;;;162;
2055;1;6;;;162;
2056;1;6;;;162;
2057;1;18;;;;
2058;1;18;;;;
2059;1;18;;;;
2060;1;18;;;;
2061;1;19;;;;
2062;1;6;;;162;
2063;1;6;;;162;
2064;1;18;;;;
2065;1;14;;;;
2066;1;14;;;;
2067;1;16;;;;
2068;1;17;;;;
2069;1;17;;;;
2070;1;17;;;;
2071;1;17;;;;
2072;1;17;;;;
2073;1;17;;;;
2074;1;17;;;;
2075;1;17;;;;
2076;1;17;;;;
2077;1;17;;;;
2078;1;17;;;;
2079;1;17;;;;
2080;1;16;;;;
2081;1;16;;;;
2082;1;14;;;;
2083;1;14;;;;
2084;1;14;;;;
2085;1;14;;;;
2086;1;16;;;;
2087;1;14;;;;
2088;1;14;;;;
2089;1;16;;;;
2090;1;14;;;;
2091;1;14;;;;
2092;1;14;;;;
2093;1;14;;;;
2094;1;16;;;;
2095;1;17;;;;
2096;1;17;;;;
2097;1;16;;;;
2098;1;17;;;;
2099;1;17;;;;
2100;1;14;;;;
2101;1;17;;;;
2102;1;17;;;;
2103;1;14;;;;
2104;1;17;;;;
2105;1;17;;;;
2106;1;16;;;;
2107;1;17;;;;
2108;1;17;;;;
2109;1;16;;;;
2110;1;17;;;;
2111;1;17;;;;
2112;1;14;;;;
2113;1;17;;;;
2114;1;17;;;;
2115;1;14;;;;
2116;1;17;;;;
2117;1;17;;;;
2118;1;16;;;;
2119;1;17;;;;
2120;1;17;;;;
2121;1;16;;;;
2122;1;17;;;;
2123;1;17;;;;
2124;1;14;;;;
2125;1;17;;;;
2126;1;17;;;;
2127;1;14;;;;
2128;1;17;;;;
2129;1;17;;;;
2130;1;16;;;;
2131;1;17;;;;
2132;1;17;;;;
2133;1;16;;;;
2134;1;17;;;;
2135;1;17;;;;
2136;1;17;;;;
2137;1;17;;;;
2138;1;17;;;;
2139;1;17;;;;
2140;1;17;;;;
2141;1;17;;;;
2142;1;17;;;;
2143;1;17;;;;
2144;1;17;;;;
2145;1;17;;;;
2146;1;17;;;;
2147;1;17;;;;
2148;1;17;;;;
2149;1;17;;;;
2150;1;17;;;;
2151;1;17;;;;
2152;1;17;;;;
2153;1;17;;;;
2154;1;17;;;;
2155;1;17;;;;
2156;1;17;;;;
2157;1;14;;;;
2158;1;17;;;;
2159;1;17;;;;
2160;1;14;;;;
2161;1;17;;;;
2162;1;17;;;;
2163;1;16;;;;
2164;1;17;;;;
2165;1;17;;;;
2166;1;16;;;;
2167;1;17;;;;
2168;1;17;;;;
2169;1;14;;;;
2170;1;17;;;;
2171;1;17;;;;
2172;1;14;;;;
2173;1;17;;;;
2174;1;17;;;;
2175;1;16;;;;
2176;1;16;;;;
2177;1;14;;;;
2178;1;14;;;;
2179;1;14;;;;
2180;1;14;;;;
2181;1;14;;;;
2182;1;16;;;;
2183;1;16;;;;
2184;1;14;;;;
2185;1;14;;;;
2186;1;14;;;;
2187;1;14;;;;
2188;1;16;;;;
2189;1;16;;;;
2190;1;14;;;;
2191;1;14;;;;
2192;1;16;;;;
2193;1;16;;;;
2194;1;14;;;;
2195;1;14;;;;
2196;1;16;;;;
2197;1;16;;;;
2198;1;14;;;;
2199;1;14;;;;
2200;1;16;;;;
2201;1;16;;;;
2202;1;16;;;;
2203;1;14;;;;
2204;1;7;;;;
2205;1;7;;;;
2206;1;7;;;;
2207;1;7;;;;
2208;1;7;;;;
2209;1;7;;;;
2210;1;7;;;;
2211;1;7;;;;
2212;1;18;;;;
2213;1;18;;;;
2214;1;18;;;;
2215;1;18;;;;
2216;1;18;;;;
2217;1;18;;;;
2218;1;18;;;;
2219;1;18;;;;
2220;1;18;;;;
2221;1;18;;;;
2222;1;18;;;;
2223;1;18;;;;
2224;1;18;;;;
2225;1;18;;;;
2226;1;18;;;;
2227;1;18;;;;
2228;1;18;;;;
2229;1;18;;;;
2230;1;18;;;;
2231;1;18;;;;
2232;1;18;;;;
2233;1;18;;;;
2234;1;18;;;;
2235;1;18;;;;
2236;1;18;;;;
2237;1;18;;;;
2238;1;18;;;;
2239;1;18;;;;
2240;1;18;;;;
2241;1;18;;;;
2242;1;18;;;;
2243;1;18;;;;
2244;1;18;;;;
2245;1;18;;;;
2246;1;18;;;;
2247;1;18;;;;
2248;1;18;;;;
2249;1;18;;;;
2250;1;18;;;;
2251;1;18;;;;
2252;1;18;;;;
2253;1;18;;;;
2254;1;18;;;;
2255;1;18;;;;
2256;1;18;;;;
2257;1;18;;;;
2258;1;18;;;;
2259;1;18;;;;
2260;1;18;;;;
2261;1;18;;;;
2262;1;18;;;;
2263;1;18;;;;
2264;1;18;;;;
2265;1;18;;;;
2266;1;18;;;;
2267;1;18;;;;
2268;1;18;;;;
2269;1;18;;;;
2270;1;18;;;;
2271;1;11;;;;
2272;1;8;F28;;;
2272;1;8;F28;;;
2272;1;8;S46;;;
2272;1;8;;;63;
2273;1;2;;;;
2274;1;18;;;;
2275;1;18;;;;
2276;1;18;;;;
2277;1;18;;;;
2278;1;18;;;;
2279;1;18;;;;
2280;1;18;;;;
2281;1;18;;;;
2282;1;25;;;;
2283;1;18;;;;
2284;1;18;;;;
2285;1;18;;;;
2286;1;18;;;;
2287;1;18;;;;
2288;1;18;;;;
2289;1;18;;;;
2290;1;25;;;;
2291;1;18;;;;
2292;1;18;;;;
2293;1;18;;;;
2294;1;18;;;;
2295;1;18;;;;
2296;1;18;;;;
2297;1;18;;;;
2298;1;18;;;;
2299;1;18;;;;
2300;1;18;;;;
2301;1;18;;;;
2302;1;18;;;;
2303;1;18;;;;
2304;1;18;;;;
2305;1;18;;;;
2306;1;18;;;;
2307;1;18;;;;
2308;1;18;;;;
2309;1;18;;;;
2310;1;18;;;;
2311;1;18;;;;
2312;1;18;;;;
2313;1;18;;;;
2314;1;18;;;;
2315;1;18;;;;
2316;1;18;;;;
2317;1;18;;;;
2318;1;18;;;;
2319;1;18;;;;
2320;1;18;;;;
2321;1;18;;;;
2322;1;18;;;;
2323;1;18;;;;
2324;1;18;;;;
2325;1;18;;;;
2326;1;18;;;;
2327;1;18;;;;
2328;1;18;;;;
2329;1;18;;;;
2330;1;18;;;;
2331;1;18;;;;
2332;1;18;;;;
2333;1;18;;;;
2334;1;18;;;;
2335;1;18;;;;
2336;1;18;;;;
2337;1;18;;;;
2338;1;18;;;;
2339;1;18;;;;
2340;1;18;;;;
2341;1;18;;;;
2342;1;18;;;;
2343;1;18;;;;
2344;1;18;;;;
2345;1;18;;;;
2346;1;18;;;;
2347;1;18;;;;
2348;1;18;;;;
2349;1;18;;;;
2350;1;18;;;;
2351;1;18;;;;
2352;1;18;;;;
2353;1;18;;;;
2354;1;18;;;;
2355;1;18;;;;
2356;1;18;;;;
2357;1;18;;;;
2358;1;18;;;;
2359;1;18;;;;
2360;1;18;;;;
2361;1;18;;;;
2362;1;25;;;;
2363;1;18;;;;
2364;1;18;;;;
2365;1;18;;;;
2366;1;18;;;;
2367;1;18;;;;
2368;1;18;;;;
2369;1;18;;;;
2370;1;18;;;;
2371;1;18;;;;
2372;1;18;;;;
2373;1;25;;;;
2374;1;18;;;;
2375;1;18;;;;
2376;1;18;;;;
2377;1;18;;;;
2378;1;18;;;;
2379;1;18;;;;
2380;1;18;;;;
2381;1;18;;;;
2382;1;18;;;;
2383;1;18;;;;
2384;1;18;;;;
2385;1;18;;;;
2386;1;18;;;;
2387;1;18;;;;
2388;1;18;;;;
2389;1;18;;;;
2390;1;18;;;;
2391;1;18;;;;
2392;1;18;;;;
2393;1;18;;;;
2394;1;18;;;;
2395;1;18;;;;
2396;1;18;;;;
2397;1;18;;;;
2398;1;18;;;;
2399;1;18;;;;
2400;1;18;;;;
2401;1;18;;;;
2402;1;18;;;;
2403;1;18;;;;
2404;1;18;;;;
2405;1;18;;;;
2406;1;10;;;;
2407;1;10;;;;
2408;1;9;;;;
2409;1;9;;;;
2410;1;18;;;;
2411;1;18;;;;
2412;1;18;;;;
2413;1;18;;;;
2414;1;18;;;;
2415;1;18;;;;
2416;1;18;;;;
2417;1;18;;;;
2418;1;18;;;;
2419;1;18;;;;
2420;1;18;;;;
2421;1;18;;;;
2422;1;18;;;;
2423;1;18;;;;
2424;1;18;;;;
2425;1;18;;;;
2426;1;18;;;;
2427;1;18;;;;
2428;1;18;;;;
2429;1;18;;;;
2430;1;18;;;;
2431;1;18;;;;
2432;1;18;;;;
2433;1;18;;;;
2434;1;18;;;;
2435;1;18;;;;
2436;1;18;;;;
2437;1;18;;;;
2438;1;18;;;;
2439;1;18;;;;
2440;1;18;;;;
2441;1;18;;;;
2442;1;18;;;;
2443;1;18;;;;
2444;1;18;;;;
2445;1;18;;;;
2446;1;18;;;;
2447;1;18;;;;
2448;1;18;;;;
2449;1;18;;;;
2450;1;18;;;;
2451;1;18;;;;
2452;1;18;;;;
2453;1;18;;;;
2454;1;18;;;;
2455;1;18;;;;
2456;1;18;;;;
2457;1;18;;;;
2458;1;18;;;;
2459;1;18;;;;
2460;1;18;;;;
2461;1;18;;;;
2462;1;18;;;;
2463;1;18;;;;
2464;1;18;;;;
2465;1;9;;;;
2466;1;18;;;;
2467;1;9;;;;
2468;1;10;;;;
2469;1;10;;;;
2470;1;18;;;;
2471;1;19;;;;
2472;1;2;;;;
2473;1;2;;;;
2474;1;2;;;;
2475;1;2;;;;
2476;1;3;;;;
2477;1;18;;;;
2478;1;18;;;;
2479;1;18;;;;
2480;1;18;;;;
2481;1;18;;;;
2482;1;18;;;;
2483;1;18;;;;
2484;1;18;;;;
2485;1;18;;;;
2486;1;18;;;;
2487;1;18;;;;
2488;1;18;;;;
2489;1;18;;;;
2490;1;18;;;;
2491;1;18;;;;
2492;1;18;;;;
2493;1;18;;;;
2494;1;18;;;;
2495;1;18;;;;
2496;1;18;;;;
2497;1;18;;;;
2498;1;18;;;;
2499;1;18;;;;
2500;1;18;;;;
2501;1;18;;;;
2502;1;18;;;;
2503;1;18;;;;
2504;1;18;;;;
2505;1;18;;;;
2506;1;18;;;;
2507;1;18;;;;
2508;1;18;;;;
2509;1;18;;;;
2510;1;18;;;;
2511;1;18;;;;
2512;1;18;;;;
2513;1;18;;;;
2514;1;18;;;;
2515;1;18;;;;
2516;1;18;;;;
2517;1;18;;;;
2518;1;14;;;;
2519;1;14;;;;
2520;1;14;;;;
2521;1;14;;;;
2522;1;7;;;;
2523;1;11;;;;
2524;1;11;;;;
2525;1;11;;;;
2526;1;11;;;;
2527;1;11;;;;
2528;1;11;;;;
2529;1;11;;;;
2530;1;11;;;;
2531;1;11;;;;
2532;1;11;;;;
2533;1;11;;;;
2534;1;11;;;;
2535;1;11;;;;
2536;1;11;;;;
2537;1;11;;;;
2538;1;11;;;;
2539;1;7;;;162;
2540;1;3;;;162;
2541;1;11;;;;
2542;1;11;;;;
2543;1;11;;;;
2544;1;11;;;;
2545;1;11;;;;
2546;1;11;;;;
2547;1;7;;;162;
2548;1;3;;;162;
2549;1;11;;;;
2550;1;11;;;;
2551;1;11;;;;
2552;1;11;;;;
2553;1;11;;;;
2554;1;11;;;;
2555;1;12;;;;
2556;1;11;;;;
2557;1;11;;;;
2558;1;11;;;;
2559;1;11;;;;
2560;1;11;;;;
2561;1;11;;;;
2562;1;11;;;;
2563;1;11;;;;
2564;1;11;;;;
2565;1;11;;;;
2566;1;11;;;;
2567;1;11;;;;
2568;1;11;;;;
2569;1;11;;;;
2570;1;11;;;;
2571;1;11;;;;
2572;1;11;;;;
2573;1;11;;;;
2574;1;11;;;;
2575;1;11;;;;
2576;1;11;;;;
2577;1;11;;;;
2578;1;11;;;;
2579;1;11;;;;
2580;1;11;;;;
2581;1;11;;;;
2582;1;11;;;;
2583;1;11;;;;
2584;1;11;;;;
2585;1;11;;;;
2586;1;11;;;;
2587;1;11;;;;
2588;1;11;;;;
2589;1;11;;;;
2590;1;11;;;;
2591;1;11;;;;
2592;1;11;;;;
2593;1;11;;;;
2594;1;11;;;;
2595;1;11;;;;
2596;1;11;;;;
2597;1;11;;;;
2598;1;11;;;;
2599;1;11;;;;
2600;1;11;;;;
2601;1;11;;;;
2602;1;11;;;;
2603;1;11;;;;
2604;1;11;;;;
2605;1;11;;;;
2606;1;11;;;;
2607;1;11;;;;
2608;1;11;;;;
2609;1;11;;;;
2610;1;11;;;;
2611;1;11;;;;
2612;1;11;;;;
2613;1;11;;;;
2614;1;11;;;;
2615;1;11;;;;
2616;1;11;;;;
2617;1;11;;;;
2618;1;11;;;;
2619;1;7;;;;
2620;1;11;;;;
2621;1;11;;;;
2622;1;11;;;;
2623;1;11;;;;
2624;1;11;;;;
2625;1;11;;;;
2626;1;11;;;;
2627;1;11;;;;
2628;1;11;;;;
2629;1;7;;;;
2630;1;11;;;;
2631;1;11;;;;
2632;1;11;;;;
2633;1;11;;;;
2634;1;11;;;;
2635;1;11;;;;
2636;1;11;;;;
2637;1;11;;;;
2638;1;11;;;;
2639;1;11;;;;
2640;1;11;;;;
2641;1;11;;;;
2642;1;11;;;;
2643;1;11;;;;
2644;1;11;;;;
2645;1;11;;;;
2646;1;11;;;;
2647;1;11;;;;
2648;1;11;;;;
2649;1;11;;;;
2650;1;11;;;;
2651;1;11;;;;
2652;1;11;;;;
2653;1;11;;;;
2654;1;11;;;;
2655;1;11;;;;
2656;1;11;;;;
2657;1;11;;;;
2658;1;11;;;;
2659;1;11;;;;
2660;1;11;;;;
2661;1;11;;;;
2662;1;11;;;;
2663;1;11;;;;
2664;1;11;;;;
2665;1;11;;;;
2666;1;11;;;;
2667;1;11;;;;
2668;1;11;;;;
2669;1;11;;;;
2670;1;11;;;;
2671;1;11;;;;
2672;1;11;;;;
2673;1;11;;;;
2674;1;11;;;;
2675;1;11;;;;
2676;1;11;;;;
2677;1;11;;;;
2678;1;11;;;;
2679;1;11;;;;
2680;1;11;;;;
2681;1;11;;;;
2682;1;11;;;;
2683;1;11;;;;
2684;1;11;;;;
2685;1;11;;;;
2686;1;11;;;;
2687;1;11;;;;
2688;1;11;;;;
2689;1;11;;;;
2690;1;11;;;;
2691;1;11;;;;
2692;1;11;;;;
2693;1;11;;;;
2694;1;11;;;;
2695;1;11;;;;
2696;1;11;;;;
2697;1;11;;;;
2698;1;11;;;;
2699;1;11;;;;
2700;1;11;;;;
2701;1;11;;;;
2702;1;11;;;;
2703;1;12;;;;
2704;1;11;;;;
2705;1;11;;;;
2706;1;11;;;;
2707;1;11;;;;
2708;1;11;;;;
2709;1;11;;;;
2710;1;4;;;162;
2711;1;6;;;162;
2712;1;6;;;162;
2713;1;12;;;;
2714;1;12;;;;
2715;1;12;;;;
2716;1;10;;;;
2717;1;11;;;;
2718;1;10;;;;
2719;1;10;;;;
2720;1;11;;;;
2721;1;11;;;;
2722;1;10;;;;
2723;1;10;;;;
2724;1;11;;;;
2725;1;11;;;;
2726;1;11;;;;
2727;1;11;;;;
2728;1;10;;;;
2729;1;10;;;;
2730;1;10;;;;
2731;1;10;;;;
2732;1;4;;;162;
2733;1;4;;;162;
2734;1;7;;;162;
2735;1;4;;;162;
2736;1;11;;;;
2737;1;11;;;;
2738;1;11;;;;
2739;1;10;;;;
2740;1;10;;;;
2741;1;10;;;;
2742;1;11;;;;
2743;1;11;;;;
2744;1;11;;;;
2745;1;11;;;;
2746;1;13;;;;
2747;1;11;;;;
2748;1;11;;;;
2749;1;11;;;;
2750;1;11;;;;
2751;1;11;;;;
2752;1;11;;;;
2753;1;11;;;;
2754;1;11;;;;
2755;1;11;;;;
2756;1;11;;;;
2757;1;11;;;;
2758;1;11;;;;
2759;1;11;;;;
2760;1;11;;;;
2761;1;11;;;;
2762;1;11;;;;
2763;1;11;;;;
2764;1;11;;;;
2765;1;11;;;;
2766;1;11;;;;
2767;1;11;;;;
2768;1;11;;;;
2769;1;11;;;;
2770;1;10;;;;
2771;1;11;;;;
2772;1;11;;;;
2773;1;11;;;;
2774;1;13;;;;
2775;1;11;;;;
2776;1;11;;;;
2777;1;11;;;;
2778;1;13;;;;
2779;1;11;;;;
2780;1;11;;;;
2781;1;11;;;;
2782;1;13;;;;
2783;1;13;;;;
2784;1;11;;;;
2785;1;11;;;;
2786;1;11;;;;
2787;1;13;;;;
2788;1;11;;;;
2789;1;11;;;;
2790;1;13;;;;
2791;1;10;;;;
2792;1;11;;;;
2793;1;11;;;;
2794;1;11;;;;
2795;1;11;;;;
2796;1;11;;;;
2797;1;11;;;;
2798;1;11;;;;
2799;1;11;;;;
2800;1;11;;;;
2801;1;11;;;;
2802;1;11;;;;
2803;1;11;;;;
2804;1;11;;;;
2805;1;11;;;;
2806;1;11;;;;
2807;1;11;;;;
2808;1;11;;;;
2809;1;11;;;;
2810;1;11;;;;
2811;1;11;;;;
2812;1;11;;;;
2813;1;11;;;;
2814;1;11;;;;
2815;1;11;;;;
2816;1;11;;;;
2817;1;11;;;;
2818;1;11;;;;
2819;1;11;;;;
2820;1;11;;;;
2821;1;11;;;;
2822;1;11;;;;
2823;1;11;;;;
2824;1;11;;;;
2825;1;11;;;;
2826;1;11;;;;
2827;1;10;;;;
2828;1;2;;;;
2829;1;3;;;162;
2830;1;4;;;162;
2831;1;7;;;162;
2832;1;3;;;162;
2833;1;10;;;;
2834;1;11;;;;
2835;1;11;;;;
2836;1;2;;;;
2837;1;2;;;;
2838;1;2;;;;
2839;1;13;;;;
2840;1;13;;;;
2841;1;10;;;;
2842;1;13;;;;
2843;1;2;;;;
2844;1;2;;;;
2845;1;2;;;;
2846;1;5;;;;
2847;1;2;;;;
2848;1;2;;;;
2849;1;2;;;;
2850;1;5;;;;
2851;1;2;;;;
2852;1;2;;;;
2853;1;2;;;;
2854;1;2;;;;
2855;1;5;;;;
2856;1;2;;;;
2857;1;2;;;;
2858;1;2;;;;
2859;1;2;;;;
2860;1;2;;;;
2861;1;2;;;;
2862;1;2;;;;
2863;1;2;;;;
2864;1;2;;;;
2865;1;2;;;;
2866;1;2;;;;
2867;1;2;;;;
2868;1;2;;;;
2869;1;2;;;;
2870;1;2;;;;
2871;1;2;;;;
2872;1;2;;;;
2873;1;2;;;;
2874;1;2;;;;
2875;1;2;;;;
2876;1;2;;;;
2877;1;2;;;;
2878;1;2;;;;
2879;1;2;;;;
2880;1;2;;;;
2881;1;2;;;;
2882;1;2;;;;
2883;1;2;;;;
2884;1;2;;;;
2885;1;2;;;;
2886;1;2;;;;
2887;1;2;;;;
2888;1;2;;;;
2889;1;2;;;;
2890;1;5;;;;
2891;1;2;;;;
2892;1;2;;;;
2893;1;2;;;;
2894;1;2;;;;
2895;1;2;;;;
2896;1;3;;;;
2897;1;2;;;;
2898;1;2;;;;
2899;1;2;;;;
2900;1;2;;;;
2901;1;2;;;;
2902;1;5;;;;
2903;1;2;;;;
2904;1;3;;;;
2905;1;2;;;;
2906;1;2;;;;
2907;1;2;;;;
2908;1;2;;;;
2909;1;2;;;;
2910;1;2;;;;
2911;1;2;;;;
2912;1;2;;;;
2913;1;2;;;;
2914;1;2;;;;
2915;1;2;;;;
2916;1;2;;;;
2917;1;2;;;;
2918;1;2;;;;
2919;1;2;;;;
2920;1;2;;;;
2921;1;2;;;;
2922;1;2;;;;
2923;1;5;;;;
2924;1;5;;;;
2925;1;5;;;;
2926;1;6;;;;
2927;1;6;;;;
2928;1;6;;;;
2929;1;6;;;;
2930;1;6;;;;
2931;1;6;;;;
2932;1;6;;;;
2933;1;6;;;;
2934;1;6;;;;
2935;1;6;;;;
2936;1;6;;;;
2937;1;6;;;;
2938;1;6;F28;;;
2938;1;6;F28;;;
2938;1;6;S46;;;
2938;1;6;;;;
2939;1;6;;;;
2940;1;5;;;;
2941;1;16;F28;;;
2941;1;16;F28;;;
2941;1;16;S46;;;
2941;1;16;;;63;
2942;1;4;F28;;;
2942;1;4;F28;;;
2942;1;4;S46;;;
2942;1;4;;;63;
2943;1;15;F28;;;
2943;1;15;F28;;;
2943;1;15;S46;;;
2943;1;15;;;63;
2944;1;16;F28;;;
2944;1;16;F28;;;
2944;1;16;S46;;;
2944;1;16;;;63;
2945;1;16;F28;;;
2945;1;16;F28;;;
2945;1;16;S46;;;
2945;1;16;;;63;
2946;1;16;F28;;;
2946;1;16;F28;;;
2946;1;16;S46;;;
2946;1;16;;;63;
2947;1;15;F28;;;
2947;1;15;F28;;;
2947;1;15;S46;;;
2947;1;15;;;63;
2948;1;16;F28;;;
2948;1;16;F28;;;
2948;1;16;S46;;;
2948;1;16;;;63;
2949;1;6;F28;;;
2949;1;6;F28;;;
2949;1;6;S46;;;
2949;6;20;F28;;;
2949;6;20;F28;;;
2949;6;20;S46;;;
2949;1;20;;;63;
2950;1;15;F28;;;
2950;1;15;F28;;;
2950;1;15;S46;;;
2950;1;15;;;63;
2951;1;3;F28;;;
2951;1;3;F28;;;
2951;1;3;S46;;;
2951;1;3;;;63;
2952;1;3;;;162;
2953;1;22;F28;;;
2953;1;22;F28;;;
2953;1;22;S46;;;
2953;1;22;;;63;
2954;1;15;F28;;;
2954;1;15;F28;;;
2954;1;15;S46;;;
2954;1;15;;;63;
2955;1;15;F28;;;
2955;1;15;F28;;;
2955;1;15;S46;;;
2955;1;15;;;63;
2956;1;16;F28;;;
2956;1;16;F28;;;
2956;1;16;S46;;;
2956;1;16;;;63;
2957;1;15;F28;;;
2957;1;15;F28;;;
2957;1;15;S46;;;
2957;1;15;;;63;
2958;1;15;F28;;;
2958;1;15;F28;;;
2958;1;15;S46;;;
2958;1;15;;;63;
2959;1;15;F28;;;
2959;1;15;F28;;;
2959;1;15;S46;;;
2959;1;15;;;63;
2960;1;15;F28;;;
2960;1;15;F28;;;
2960;1;15;S46;;;
2960;1;15;;;63;
2961;1;4;F28;;;
2961;1;4;F28;;;
2961;1;4;S46;;;
2961;4;15;F28;;;
2961;4;15;F28;;;
2961;4;15;S46;;;
2961;1;15;;;63;
2962;1;15;F28;;;
2962;1;15;F28;;;
2962;1;15;S46;;;
2962;1;15;;;63;
2963;1;15;F28;;;
2963;1;15;F28;;;
2963;1;15;S46;;;
2963;1;15;;;63;
2964;1;15;F28;;;
2964;1;15;F28;;;
2964;1;15;S46;;;
2964;1;15;;;63;
2965;1;15;F28;;;
2965;1;15;F28;;;
2965;1;15;S46;;;
2965;1;15;;;63;
2966;1;15;F28;;;
2966;1;15;F28;;;
2966;1;15;S46;;;
2966;1;15;;;63;
2967;1;15;F28;;;
2967;1;15;F28;;;
2967;1;15;S46;;;
2967;1;15;;;63;
2968;1;15;F28;;;
2968;1;15;F28;;;
2968;1;15;S46;;;
2968;1;15;;;63;
2969;1;15;F28;;;
2969;1;15;F28;;;
2969;1;15;S46;;;
2969;1;15;;;63;
2970;1;15;F28;;;
2970;1;15;F28;;;
2970;1;15;S46;;;
2970;1;15;;;63;
2971;1;15;F28;;;
2971;1;15;F28;;;
2971;1;15;S46;;;
2971;1;15;;;63;
2972;1;15;F28;;;
2972;1;15;F28;;;
2972;1;15;S46;;;
2972;1;15;;;63;
2973;1;15;F28;;;
2973;1;15;F28;;;
2973;1;15;S46;;;
2973;1;15;;;63;
2974;1;16;F28;;;
2974;1;16;F28;;;
2974;1;16;S46;;;
2974;1;16;;;63;
2975;1;15;F28;;;
2975;1;15;F28;;;
2975;1;15;S46;;;
2975;1;15;;;63;
2976;1;16;F28;;;
2976;1;16;F28;;;
2976;1;16;S46;;;
2976;1;16;;;63;
2977;1;15;F28;;;
2977;1;15;F28;;;
2977;1;15;S46;;;
2977;1;15;;;63;
2978;1;16;F28;;;
2978;1;16;F28;;;
2978;1;16;S46;;;
2978;1;16;;;63;
2979;1;15;F28;;;
2979;1;15;F28;;;
2979;1;15;S46;;;
2979;1;15;;;63;
2980;1;16;F28;;;
2980;1;16;F28;;;
2980;1;16;S46;;;
2980;1;16;;;63;
2981;1;15;F28;;;
2981;1;15;F28;;;
2981;1;15;S46;;;
2981;1;15;;;63;
2982;1;15;F28;;;
2982;1;15;F28;;;
2982;1;15;S46;;;
2982;1;15;;;63;
2983;1;16;F28;;;
2983;1;16;F28;;;
2983;1;16;S46;;;
2983;1;16;;;63;
2984;1;15;F28;;;
2984;1;15;F28;;;
2984;1;15;S46;;;
2984;1;15;;;63;
2985;1;15;F28;;;
2985;1;15;F28;;;
2985;1;15;S46;;;
2985;1;15;;;63;
2986;1;16;F28;;;
2986;1;16;F28;;;
2986;1;16;S46;;;
2986;1;16;;;63;
2987;1;15;F28;;;
2987;1;15;F28;;;
2987;1;15;S46;;;
2987;1;15;;;63;
2988;1;16;F28;;;
2988;1;16;F28;;;
2988;1;16;S46;;;
2988;1;16;;;63;
2989;1;15;F28;;;
2989;1;15;F28;;;
2989;1;15;S46;;;
2989;1;15;;;63;
2990;1;16;F28;;;
2990;1;16;F28;;;
2990;1;16;S46;;;
2990;1;16;;;63;
2991;1;15;F28;;;
2991;1;15;F28;;;
2991;1;15;S46;;;
2991;1;15;;;63;
2992;1;15;F28;;;
2992;1;15;F28;;;
2992;1;15;S46;;;
2992;1;15;;;63;
2993;1;15;F28;;;
2993;1;15;F28;;;
2993;1;15;S46;;;
2993;15;20;F28;;;
2993;15;20;F28;;;
2993;15;20;S46;;;
2993;1;20;;;63;
2994;1;15;F28;;;
2994;1;15;F28;;;
2994;1;15;S46;;;
2994;1;15;;;63;
2995;1;3;;;162;
2996;1;22;F28;;;
2996;1;22;F28;;;
2996;1;22;S46;;;
2996;1;22;;;63;
2997;1;15;F28;;;
2997;1;15;F28;;;
2997;1;15;S46;;;
2997;1;15;;;63;
2998;1;12;F28;;;
2998;1;12;F28;;;
2998;1;12;S46;;;
2998;12;15;F28;;;
2998;12;15;F28;;;
2998;12;15;S46;;;
2998;1;15;;;63;
2999;1;15;F28;;;
2999;1;15;F28;;;
2999;1;15;S46;;;
2999;1;15;;;63;
3000;1;15;F28;;;
3000;1;15;F28;;;
3000;1;15;S46;;;
3000;1;15;;;63;
3001;1;15;F28;;;
3001;1;15;F28;;;
3001;1;15;S46;;;
3001;1;15;;;63;
3002;1;15;F28;;;
3002;1;15;F28;;;
3002;1;15;S46;;;
3002;1;15;;;63;
3003;1;15;F28;;;
3003;1;15;F28;;;
3003;1;15;S46;;;
3003;1;15;;;63;
3004;1;15;F28;;;
3004;1;15;F28;;;
3004;1;15;S46;;;
3004;1;15;;;63;
3005;1;15;F28;;;
3005;1;15;F28;;;
3005;1;15;S46;;;
3005;1;15;;;63;
3006;1;15;F28;;;
3006;1;15;F28;;;
3006;1;15;S46;;;
3006;1;15;;;63;
3007;1;15;F28;;;
3007;1;15;F28;;;
3007;1;15;S46;;;
3007;1;15;;;63;
3008;1;16;F28;;;
3008;1;16;F28;;;
3008;1;16;S46;;;
3008;1;16;;;63;
3009;1;16;F28;;;
3009;1;16;F28;;;
3009;1;16;S46;;;
3009;1;16;;;63;
3010;1;15;F28;;;
3010;1;15;F28;;;
3010;1;15;S46;;;
3010;1;15;;;63;
3011;1;15;F28;;;
3011;1;15;F28;;;
3011;1;15;S46;;;
3011;1;15;;;63;
3012;1;15;F28;;;
3012;1;15;F28;;;
3012;1;15;S46;;;
3012;1;15;;;63;
3013;1;7;F28;;;
3013;1;7;F28;;;
3013;1;7;S46;;;
3013;1;7;;;63;
3014;1;7;F28;;;
3014;1;7;F28;;;
3014;1;7;S46;;;
3014;1;7;;;63;
3015;1;7;F28;;;
3015;1;7;F28;;;
3015;1;7;S46;;;
3015;1;7;;;63;
3016;1;7;F28;;;
3016;1;7;F28;;;
3016;1;7;S46;;;
3016;1;7;;;63;
3017;1;2;F28;;;
3017;1;2;F28;;;
3017;1;2;S46;;;
3017;1;2;;;63;
3018;1;7;F28;;;
3018;1;7;F28;;;
3018;1;7;S46;;;
3018;7;27;F28;;;
3018;7;27;F28;;;
3018;7;27;S46;;;
3018;1;27;;;63;
3019;1;4;F28;;;
3019;1;4;F28;;;
3019;1;4;S46;;;
3019;1;4;;;63;
3020;1;11;F28;;;
3020;1;11;F28;;;
3020;1;11;S46;;;
3020;11;21;F28;;;
3020;11;21;F28;;;
3020;11;21;S46;;;
3020;1;21;;;63;
3021;1;21;F28;;;
3021;1;21;F28;;;
3021;1;21;S46;;;
3021;1;21;;;63;
3022;1;21;F28;;;
3022;1;21;F28;;;
3022;1;21;S46;;;
3022;1;21;;;63;
3023;1;21;F28;;;
3023;1;21;F28;;;
3023;1;21;S46;;;
3023;1;21;;;63;
3024;1;21;F28;;;
3024;1;21;F28;;;
3024;1;21;S46;;;
3024;1;21;;;63;
3025;1;21;F28;;;
3025;1;21;F28;;;
3025;1;21;S46;;;
3025;1;21;;;63;
3026;1;21;F28;;;
3026;1;21;F28;;;
3026;1;21;S46;;;
3026;1;21;;;63;
3027;1;21;F28;;;
3027;1;21;F28;;;
3027;1;21;S46;;;
3027;1;21;;;63;
3028;1;21;F28;;;
3028;1;21;F28;;;
3028;1;21;S46;;;
3028;1;21;;;63;
3029;1;21;F28;;;
3029;1;21;F28;;;
3029;1;21;S46;;;
3029;1;21;;;63;
3030;1;21;F28;;;
3030;1;21;F28;;;
3030;1;21;S46;;;
3030;1;21;;;63;
3031;1;21;F28;;;
3031;1;21;F28;;;
3031;1;21;S46;;;
3031;1;21;;;63;
3032;1;21;F28;;;
3032;1;21;F28;;;
3032;1;21;S46;;;
3032;1;21;;;63;
3033;1;21;F28;;;
3033;1;21;F28;;;
3033;1;21;S46;;;
3033;1;21;;;63;
3034;1;21;F28;;;
3034;1;21;F28;;;
3034;1;21;S46;;;
3034;1;21;;;63;
3035;1;21;F28;;;
3035;1;21;F28;;;
3035;1;21;S46;;;
3035;1;21;;;63;
3036;1;21;F28;;;
3036;1;21;F28;;;
3036;1;21;S46;;;
3036;1;21;;;63;
3037;1;21;F28;;;
3037;1;21;F28;;;
3037;1;21;S46;;;
3037;1;21;;;63;
3038;1;21;F28;;;
3038;1;21;F28;;;
3038;1;21;S46;;;
3038;1;21;;;63;
3039;1;21;F28;;;
3039;1;21;F28;;;
3039;1;21;S46;;;
3039;1;21;;;63;
3040;1;21;F28;;;
3040;1;21;F28;;;
3040;1;21;S46;;;
3040;1;21;;;63;
3041;1;21;F28;;;
3041;1;21;F28;;;
3041;1;21;S46;;;
3041;1;21;;;63;
3042;1;21;F28;;;
3042;1;21;F28;;;
3042;1;21;S46;;;
3042;1;21;;;63;
3043;1;21;F28;;;
3043;1;21;F28;;;
3043;1;21;S46;;;
3043;1;21;;;63;
3044;1;21;F28;;;
3044;1;21;F28;;;
3044;1;21;S46;;;
3044;1;21;;;63;
3045;1;21;F28;;;
3045;1;21;F28;;;
3045;1;21;S46;;;
3045;1;21;;;63;
3046;1;21;F28;;;
3046;1;21;F28;;;
3046;1;21;S46;;;
3046;1;21;;;63;
3047;1;21;F28;;;
3047;1;21;F28;;;
3047;1;21;S46;;;
3047;1;21;;;63;
3048;1;21;F28;;;
3048;1;21;F28;;;
3048;1;21;S46;;;
3048;1;21;;;63;
3049;1;21;F28;;;
3049;1;21;F28;;;
3049;1;21;S46;;;
3049;1;21;;;63;
3050;1;21;F28;;;
3050;1;21;F28;;;
3050;1;21;S46;;;
3050;1;21;;;63;
3051;1;21;F28;;;
3051;1;21;F28;;;
3051;1;21;S46;;;
3051;1;21;;;63;
3052;1;21;F28;;;
3052;1;21;F28;;;
3052;1;21;S46;;;
3052;1;21;;;63;
3053;1;21;F28;;;
3053;1;21;F28;;;
3053;1;21;S46;;;
3053;1;21;;;63;
3054;1;21;F28;;;
3054;1;21;F28;;;
3054;1;21;S46;;;
3054;1;21;;;63;
3055;1;21;F28;;;
3055;1;21;F28;;;
3055;1;21;S46;;;
3055;1;21;;;63;
3056;1;21;F28;;;
3056;1;21;F28;;;
3056;1;21;S46;;;
3056;1;21;;;63;
3057;1;21;F28;;;
3057;1;21;F28;;;
3057;1;21;S46;;;
3057;1;21;;;63;
3058;1;21;F28;;;
3058;1;21;F28;;;
3058;1;21;S46;;;
3058;1;21;;;63;
3059;1;21;F28;;;
3059;1;21;F28;;;
3059;1;21;S46;;;
3059;1;21;;;63;
3060;1;21;F28;;;
3060;1;21;F28;;;
3060;1;21;S46;;;
3060;1;21;;;63;
3061;1;21;F28;;;
3061;1;21;F28;;;
3061;1;21;S46;;;
3061;1;21;;;63;
3062;1;21;;;63;
3063;1;21;F28;;;
3063;1;21;F28;;;
3063;1;21;S46;;;
3063;1;21;;;63;
3064;1;21;F28;;;
3064;1;21;F28;;;
3064;1;21;S46;;;
3064;1;21;;;63;
3065;1;21;F28;;;
3065;1;21;F28;;;
3065;1;21;S46;;;
3065;1;21;;;63;
3066;1;21;F28;;;
3066;1;21;F28;;;
3066;1;21;S46;;;
3066;1;21;;;63;
3067;1;21;F28;;;
3067;1;21;F28;;;
3067;1;21;S46;;;
3067;1;21;;;63;
3068;1;21;F28;;;
3068;1;21;F28;;;
3068;1;21;S46;;;
3068;1;21;;;63;
3069;1;21;F28;;;
3069;1;21;F28;;;
3069;1;21;S46;;;
3069;1;21;;;63;
3070;1;21;F28;;;
3070;1;21;F28;;;
3070;1;21;S46;;;
3070;1;21;;;63;
3071;1;21;F28;;;
3071;1;21;F28;;;
3071;1;21;S46;;;
3071;1;21;;;63;
3072;1;21;F28;;;
3072;1;21;F28;;;
3072;1;21;S46;;;
3072;1;21;;;63;
3073;1;21;F28;;;
3073;1;21;F28;;;
3073;1;21;S46;;;
3073;1;21;;;63;
3074;1;21;F28;;;
3074;1;21;F28;;;
3074;1;21;S46;;;
3074;1;21;;;63;
3075;1;21;F28;;;
3075;1;21;F28;;;
3075;1;21;S46;;;
3075;1;21;;;63;
3076;1;21;F28;;;
3076;1;21;F28;;;
3076;1;21;S46;;;
3076;21;27;F28;;;
3076;21;27;F28;;;
3076;21;27;S46;;;
3076;1;27;;;63;
3077;1;20;F28;;;
3077;1;20;F28;;;
3077;1;20;S46;;;
3077;1;20;;;63;
3078;1;11;F28;;;
3078;1;11;F28;;;
3078;1;11;S46;;;
3078;1;11;;;63;
3079;1;11;F28;;;
3079;1;11;F28;;;
3079;1;11;S46;;;
3079;1;11;;;63;
3080;1;8;F28;;;
3080;1;8;F28;;;
3080;1;8;S46;;;
3080;1;8;;;63;
3081;1;4;F28;;;
3081;1;4;F28;;;
3081;1;4;S46;;;
3081;1;4;;;63;
3082;1;7;F28;;;
3082;1;7;F28;;;
3082;1;7;S46;;;
3082;1;7;;;63;
3083;1;11;F28;;;
3083;1;11;F28;;;
3083;1;11;S46;;;
3083;1;11;;;63;
3084;1;3;F28;;;
3084;1;3;F28;;;
3084;1;3;S46;;;
3084;1;3;;;63;
3085;1;8;F28;;;
3085;1;8;F28;;;
3085;1;8;S46;;;
3085;1;8;;;63;
3086;1;8;F28;;;
3086;1;8;F28;;;
3086;1;8;S46;;;
3086;8;11;F28;;;
3086;8;11;F28;;;
3086;8;11;S46;;;
3086;1;11;;;63;
3087;1;8;F28;;;
3087;1;8;F28;;;
3087;1;8;S46;;;
3087;8;12;F28;;;
3087;8;12;F28;;;
3087;8;12;S46;;;
3087;1;12;;;63;
3088;1;8;F28;;;
3088;1;8;F28;;;
3088;1;8;S46;;;
3088;1;8;;;63;
3089;1;8;F28;;;
3089;1;8;F28;;;
3089;1;8;S46;;;
3089;1;8;;;63;
3090;1;8;F28;;;
3090;1;8;F28;;;
3090;1;8;S46;;;
3090;1;8;;;63;
3091;1;8;F28;;;
3091;1;8;F28;;;
3091;1;8;S46;;;
3091;1;8;;;63;
3092;1;8;F28;;;
3092;1;8;F28;;;
3092;1;8;S46;;;
3092;1;8;;;63;
3093;1;8;F28;;;
3093;1;8;F28;;;
3093;1;8;S46;;;
3093;1;8;;;63;
3094;1;8;F28;;;
3094;1;8;F28;;;
3094;1;8;S46;;;
3094;1;8;;;63;
3095;1;8;F28;;;
3095;1;8;F28;;;
3095;1;8;S46;;;
3095;1;8;;;63;
3096;1;8;F28;;;
3096;1;8;F28;;;
3096;1;8;S46;;;
3096;1;8;;;63;
3097;1;8;F28;;;
3097;1;8;F28;;;
3097;1;8;S46;;;
3097;1;8;;;63;
3098;1;2;;;162;
3099;1;5;;;162;
3100;1;7;;;162;
3101;1;2;;;162;
3102;1;2;;;162;
3103;1;8;F28;;;
3103;1;8;F28;;;
3103;1;8;S46;;;
3103;8;11;F28;;;
3103;8;11;F28;;;
3103;8;11;S46;;;
3103;1;11;;;63;
3104;1;8;F28;;;
3104;1;8;F28;;;
3104;1;8;S46;;;
3104;8;11;F28;;;
3104;8;11;F28;;;
3104;8;11;S46;;;
3104;1;11;;;63;
3105;1;8;F28;;;
3105;1;8;F28;;;
3105;1;8;S46;;;
3105;8;11;F28;;;
3105;8;11;F28;;;
3105;8;11;S46;;;
3105;1;11;;;63;
3106;1;8;F28;;;
3106;1;8;F28;;;
3106;1;8;S46;;;
3106;8;12;F28;;;
3106;8;12;F28;;;
3106;8;12;S46;;;
3106;1;12;;;63;
3107;1;8;F28;;;
3107;1;8;F28;;;
3107;1;8;S46;;;
3107;8;12;F28;;;
3107;8;12;F28;;;
3107;8;12;S46;;;
3107;1;12;;;63;
3108;1;8;F28;;;
3108;1;8;F28;;;
3108;1;8;S46;;;
3108;8;12;F28;;;
3108;8;12;F28;;;
3108;8;12;S46;;;
3108;1;12;;;63;
3109;1;8;F28;;;
3109;1;8;F28;;;
3109;1;8;S46;;;
3109;1;8;;;63;
3110;1;8;F28;;;
3110;1;8;F28;;;
3110;1;8;S46;;;
3110;1;8;;;63;
3111;1;8;F28;;;
3111;1;8;F28;;;
3111;1;8;S46;;;
3111;1;8;;;63;
3112;1;8;F28;;;
3112;1;8;F28;;;
3112;1;8;S46;;;
3112;1;8;;;63;
3113;1;8;F28;;;
3113;1;8;F28;;;
3113;1;8;S46;;;
3113;1;8;;;63;
3114;1;8;F28;;;
3114;1;8;F28;;;
3114;1;8;S46;;;
3114;1;8;;;63;
3115;1;8;F28;;;
3115;1;8;F28;;;
3115;1;8;S46;;;
3115;1;8;;;63;
3116;1;8;F28;;;
3116;1;8;F28;;;
3116;1;8;S46;;;
3116;1;8;;;63;
3117;1;8;F28;;;
3117;1;8;F28;;;
3117;1;8;S46;;;
3117;1;8;;;63;
3118;1;8;F28;;;
3118;1;8;F28;;;
3118;1;8;S46;;;
3118;8;11;F28;;;
3118;8;11;F28;;;
3118;8;11;S46;;;
3118;1;11;;;63;
3119;1;8;F28;;;
3119;1;8;F28;;;
3119;1;8;S46;;;
3119;8;11;F28;;;
3119;8;11;F28;;;
3119;8;11;S46;;;
3119;1;11;;;63;
3120;1;8;F28;;;
3120;1;8;F28;;;
3120;1;8;S46;;;
3120;8;11;F28;;;
3120;8;11;F28;;;
3120;8;11;S46;;;
3120;1;11;;;63;
3121;1;8;F28;;;
3121;1;8;F28;;;
3121;1;8;S46;;;
3121;8;11;F28;;;
3121;8;11;F28;;;
3121;8;11;S46;;;
3121;1;11;;;63;
3122;1;8;F28;;;
3122;1;8;F28;;;
3122;1;8;S46;;;
3122;8;12;F28;;;
3122;8;12;F28;;;
3122;8;12;S46;;;
3122;1;12;;;63;
3123;1;8;F28;;;
3123;1;8;F28;;;
3123;1;8;S46;;;
3123;8;12;F28;;;
3123;8;12;F28;;;
3123;8;12;S46;;;
3123;1;12;;;63;
3124;1;8;F28;;;
3124;1;8;F28;;;
3124;1;8;S46;;;
3124;1;8;;;63;
3125;1;8;F28;;;
3125;1;8;F28;;;
3125;1;8;S46;;;
3125;1;8;;;63;
3126;1;8;F28;;;
3126;1;8;F28;;;
3126;1;8;S46;;;
3126;1;8;;;63;
3127;1;8;F28;;;
3127;1;8;F28;;;
3127;1;8;S46;;;
3127;1;8;;;63;
3128;1;8;F28;;;
3128;1;8;F28;;;
3128;1;8;S46;;;
3128;1;8;;;63;
3129;1;8;F28;;;
3129;1;8;F28;;;
3129;1;8;S46;;;
3129;1;8;;;63;
3130;1;8;F28;;;
3130;1;8;F28;;;
3130;1;8;S46;;;
3130;8;11;F28;;;
3130;8;11;F28;;;
3130;8;11;S46;;;
3130;1;11;;;63;
3131;1;8;F28;;;
3131;1;8;F28;;;
3131;1;8;S46;;;
3131;8;11;F28;;;
3131;8;11;F28;;;
3131;8;11;S46;;;
3131;1;11;;;63;
3132;1;8;F28;;;
3132;1;8;F28;;;
3132;1;8;S46;;;
3132;8;11;F28;;;
3132;8;11;F28;;;
3132;8;11;S46;;;
3132;1;11;;;63;
3133;1;8;F28;;;
3133;1;8;F28;;;
3133;1;8;S46;;;
3133;8;11;F28;;;
3133;8;11;F28;;;
3133;8;11;S46;;;
3133;1;11;;;63;
3134;1;8;F28;;;
3134;1;8;F28;;;
3134;1;8;S46;;;
3134;8;12;F28;;;
3134;8;12;F28;;;
3134;8;12;S46;;;
3134;1;12;;;63;
3135;1;8;F28;;;
3135;1;8;F28;;;
3135;1;8;S46;;;
3135;8;12;F28;;;
3135;8;12;F28;;;
3135;8;12;S46;;;
3135;1;12;;;63;
3136;1;8;F28;;;
3136;1;8;F28;;;
3136;1;8;S46;;;
3136;8;12;F28;;;
3136;8;12;F28;;;
3136;8;12;S46;;;
3136;1;12;;;63;
3137;1;8;F28;;;
3137;1;8;F28;;;
3137;1;8;S46;;;
3137;1;8;;;63;
3138;1;8;F28;;;
3138;1;8;F28;;;
3138;1;8;S46;;;
3138;1;8;;;63;
3139;1;8;F28;;;
3139;1;8;F28;;;
3139;1;8;S46;;;
3139;1;8;;;63;
3140;1;8;F28;;;
3140;1;8;F28;;;
3140;1;8;S46;;;
3140;1;8;;;63;
3141;1;8;F28;;;
3141;1;8;F28;;;
3141;1;8;S46;;;
3141;1;8;;;63;
3142;1;8;F28;;;
3142;1;8;F28;;;
3142;1;8;S46;;;
3142;1;8;;;63;
3143;1;8;F28;;;
3143;1;8;F28;;;
3143;1;8;S46;;;
3143;8;11;F28;;;
3143;8;11;F28;;;
3143;8;11;S46;;;
3143;1;11;;;63;
3144;1;8;F28;;;
3144;1;8;F28;;;
3144;1;8;S46;;;
3144;8;11;F28;;;
3144;8;11;F28;;;
3144;8;11;S46;;;
3144;1;11;;;63;
3145;1;8;F28;;;
3145;1;8;F28;;;
3145;1;8;S46;;;
3145;8;11;F28;;;
3145;8;11;F28;;;
3145;8;11;S46;;;
3145;1;11;;;63;
3146;1;8;F28;;;
3146;1;8;F28;;;
3146;1;8;S46;;;
3146;8;12;F28;;;
3146;8;12;F28;;;
3146;8;12;S46;;;
3146;1;12;;;63;
3147;1;8;F28;;;
3147;1;8;F28;;;
3147;1;8;S46;;;
3147;8;12;F28;;;
3147;8;12;F28;;;
3147;8;12;S46;;;
3147;1;12;;;63;
3148;1;8;F28;;;
3148;1;8;F28;;;
3148;1;8;S46;;;
3148;8;12;F28;;;
3148;8;12;F28;;;
3148;8;12;S46;;;
3148;1;12;;;63;
3149;1;8;F28;;;
3149;1;8;F28;;;
3149;1;8;S46;;;
3149;1;8;;;63;
3150;1;8;F28;;;
3150;1;8;F28;;;
3150;1;8;S46;;;
3150;1;8;;;63;
3151;1;8;F28;;;
3151;1;8;F28;;;
3151;1;8;S46;;;
3151;1;8;;;63;
3152;1;8;F28;;;
3152;1;8;F28;;;
3152;1;8;S46;;;
3152;1;8;;;63;
3153;1;8;F28;;;
3153;1;8;F28;;;
3153;1;8;S46;;;
3153;1;8;;;63;
3154;1;8;F28;;;
3154;1;8;F28;;;
3154;1;8;S46;;;
3154;1;8;;;63;
3155;1;8;F28;;;
3155;1;8;F28;;;
3155;1;8;S46;;;
3155;1;8;;;63;
3156;1;8;F28;;;
3156;1;8;F28;;;
3156;1;8;S46;;;
3156;1;8;;;63;
3157;1;8;F28;;;
3157;1;8;F28;;;
3157;1;8;S46;;;
3157;8;11;F28;;;
3157;8;11;F28;;;
3157;8;11;S46;;;
3157;1;11;;;63;
3158;1;8;F28;;;
3158;1;8;F28;;;
3158;1;8;S46;;;
3158;8;11;F28;;;
3158;8;11;F28;;;
3158;8;11;S46;;;
3158;1;11;;;63;
3159;1;8;F28;;;
3159;1;8;F28;;;
3159;1;8;S46;;;
3159;8;11;F28;;;
3159;8;11;F28;;;
3159;8;11;S46;;;
3159;1;11;;;63;
3160;1;8;F28;;;
3160;1;8;F28;;;
3160;1;8;S46;;;
3160;8;12;F28;;;
3160;8;12;F28;;;
3160;8;12;S46;;;
3160;1;12;;;63;
3161;1;8;F28;;;
3161;1;8;F28;;;
3161;1;8;S46;;;
3161;1;8;;;63;
3162;1;8;F28;;;
3162;1;8;F28;;;
3162;1;8;S46;;;
3162;1;8;;;63;
3163;1;8;F28;;;
3163;1;8;F28;;;
3163;1;8;S46;;;
3163;1;8;;;63;
3164;1;8;F28;;;
3164;1;8;F28;;;
3164;1;8;S46;;;
3164;1;8;;;63;
3165;1;8;F28;;;
3165;1;8;F28;;;
3165;1;8;S46;;;
3165;1;8;;;63;
3166;1;8;F28;;;
3166;1;8;F28;;;
3166;1;8;S46;;;
3166;1;8;;;63;
3167;1;8;F28;;;
3167;1;8;F28;;;
3167;1;8;S46;;;
3167;1;8;;;63;
3168;1;8;F28;;;
3168;1;8;F28;;;
3168;1;8;S46;;;
3168;8;11;F28;;;
3168;8;11;F28;;;
3168;8;11;S46;;;
3168;1;11;;;63;
3169;1;8;F28;;;
3169;1;8;F28;;;
3169;1;8;S46;;;
3169;8;11;F28;;;
3169;8;11;F28;;;
3169;8;11;S46;;;
3169;1;11;;;63;
3170;1;8;F28;;;
3170;1;8;F28;;;
3170;1;8;S46;;;
3170;8;11;F28;;;
3170;8;11;F28;;;
3170;8;11;S46;;;
3170;1;11;;;63;
3171;1;8;F28;;;
3171;1;8;F28;;;
3171;1;8;S46;;;
3171;8;11;F28;;;
3171;8;11;F28;;;
3171;8;11;S46;;;
3171;1;11;;;63;
3172;1;8;F28;;;
3172;1;8;F28;;;
3172;1;8;S46;;;
3172;8;11;F28;;;
3172;8;11;F28;;;
3172;8;11;S46;;;
3172;1;11;;;63;
3173;1;8;F28;;;
3173;1;8;F28;;;
3173;1;8;S46;;;
3173;8;12;F28;;;
3173;8;12;F28;;;
3173;8;12;S46;;;
3173;1;12;;;63;
3174;1;8;F28;;;
3174;1;8;F28;;;
3174;1;8;S46;;;
3174;8;12;F28;;;
3174;8;12;F28;;;
3174;8;12;S46;;;
3174;1;12;;;63;
3175;1;8;F28;;;
3175;1;8;F28;;;
3175;1;8;S46;;;
3175;8;12;F28;;;
3175;8;12;F28;;;
3175;8;12;S46;;;
3175;1;12;;;63;
3176;1;8;F28;;;
3176;1;8;F28;;;
3176;1;8;S46;;;
3176;8;12;F28;;;
3176;8;12;F28;;;
3176;8;12;S46;;;
3176;1;12;;;63;
3177;1;8;F28;;;
3177;1;8;F28;;;
3177;1;8;S46;;;
3177;1;8;;;63;
3178;1;8;F28;;;
3178;1;8;F28;;;
3178;1;8;S46;;;
3178;1;8;;;63;
3179;1;8;F28;;;
3179;1;8;F28;;;
3179;1;8;S46;;;
3179;1;8;;;63;
3180;1;8;F28;;;
3180;1;8;F28;;;
3180;1;8;S46;;;
3180;1;8;;;63;
3181;1;8;F28;;;
3181;1;8;F28;;;
3181;1;8;S46;;;
3181;1;8;;;63;
3182;1;8;F28;;;
3182;1;8;F28;;;
3182;1;8;S46;;;
3182;1;8;;;63;
3183;1;8;F28;;;
3183;1;8;F28;;;
3183;1;8;S46;;;
3183;1;8;;;63;
3184;1;8;F28;;;
3184;1;8;F28;;;
3184;1;8;S46;;;
3184;1;8;;;63;
3185;1;8;F28;;;
3185;1;8;F28;;;
3185;1;8;S46;;;
3185;1;8;;;63;
3186;1;8;F28;;;
3186;1;8;F28;;;
3186;1;8;S46;;;
3186;1;8;;;63;
3187;1;8;F28;;;
3187;1;8;F28;;;
3187;1;8;S46;;;
3187;1;8;;;63;
3188;1;8;F28;;;
3188;1;8;F28;;;
3188;1;8;S46;;;
3188;1;8;;;63;
3189;1;8;F28;;;
3189;1;8;F28;;;
3189;1;8;S46;;;
3189;1;8;;;63;
3190;1;8;F28;;;
3190;1;8;F28;;;
3190;1;8;S46;;;
3190;1;8;;;63;
3191;1;8;F28;;;
3191;1;8;F28;;;
3191;1;8;S46;;;
3191;1;8;;;63;
3192;1;8;F28;;;
3192;1;8;F28;;;
3192;1;8;S46;;;
3192;1;8;;;63;
3193;1;8;F28;;;
3193;1;8;F28;;;
3193;1;8;S46;;;
3193;1;8;;;63;
3194;1;8;F28;;;
3194;1;8;F28;;;
3194;1;8;S46;;;
3194;1;8;;;63;
3195;1;8;F28;;;
3195;1;8;F28;;;
3195;1;8;S46;;;
3195;1;8;;;63;
3196;1;8;F28;;;
3196;1;8;F28;;;
3196;1;8;S46;;;
3196;1;8;;;63;
3197;1;12;F28;;;
3197;1;12;F28;;;
3197;1;12;S46;;;
3197;1;12;;;63;
3198;1;12;F28;;;
3198;1;12;F28;;;
3198;1;12;S46;;;
3198;1;12;;;63;
3199;1;3;;;162;
3200;1;6;;;162;
3201;1;3;;;162;
3202;1;4;;;162;
3203;1;6;;;162;
3204;1;2;;;162;
3205;1;6;;;162;
3206;1;2;;;162;
3207;1;11;;;162;
3208;1;11;;;162;
3209;1;8;F28;;;
3209;1;8;F28;;;
3209;1;8;S46;;;
3209;8;11;F28;;;
3209;8;11;F28;;;
3209;8;11;S46;;;
3209;1;11;;;63;
3210;1;8;F28;;;
3210;1;8;F28;;;
3210;1;8;S46;;;
3210;8;11;F28;;;
3210;8;11;F28;;;
3210;8;11;S46;;;
3210;1;11;;;63;
3211;1;8;F28;;;
3211;1;8;F28;;;
3211;1;8;S46;;;
3211;8;12;F28;;;
3211;8;12;F28;;;
3211;8;12;S46;;;
3211;1;12;;;63;
3212;1;8;F28;;;
3212;1;8;F28;;;
3212;1;8;S46;;;
3212;8;12;F28;;;
3212;8;12;F28;;;
3212;8;12;S46;;;
3212;1;12;;;63;
3213;1;8;F28;;;
3213;1;8;F28;;;
3213;1;8;S46;;;
3213;1;8;;;63;
3214;1;8;F28;;;
3214;1;8;F28;;;
3214;1;8;S46;;;
3214;1;8;;;63;
3215;1;8;F28;;;
3215;1;8;F28;;;
3215;1;8;S46;;;
3215;1;8;;;63;
3216;1;8;F28;;;
3216;1;8;F28;;;
3216;1;8;S46;;;
3216;1;8;;;63;
3217;1;8;F28;;;
3217;1;8;F28;;;
3217;1;8;S46;;;
3217;1;8;;;63;
3218;1;6;F28;;;
3218;1;6;F28;;;
3218;1;6;S46;;;
3218;1;6;;;63;
3219;1;6;F28;;;
3219;1;6;F28;;;
3219;1;6;S46;;;
3219;1;6;;;63;
3220;1;6;F28;;;
3220;1;6;F28;;;
3220;1;6;S46;;;
3220;1;6;;;63;
3221;1;6;F28;;;
3221;1;6;F28;;;
3221;1;6;S46;;;
3221;1;6;;;63;
3222;1;4;F28;;;
3222;1;4;F28;;;
3222;1;4;S46;;;
3222;1;4;;;63;
3223;1;6;F28;;;
3223;1;6;F28;;;
3223;1;6;S46;;;
3223;1;6;;;63;
3224;1;6;F28;;;
3224;1;6;F28;;;
3224;1;6;S46;;;
3224;1;6;;;63;
3225;1;4;F28;;;
3225;1;4;F28;;;
3225;1;4;S46;;;
3225;4;11;F28;;;
3225;4;11;F28;;;
3225;4;11;S46;;;
3225;1;11;;;63;
3226;4;11;F28;;;
3226;4;11;F28;;;
3226;4;11;S46;;;
3226;1;11;;;63;
3227;5;12;F28;;;
3227;5;12;F28;;;
3227;5;12;S46;;;
3227;1;12;;;63;
3228;5;12;F28;;;
3228;5;12;F28;;;
3228;5;12;S46;;;
3228;1;12;;;63;
3229;1;4;F28;;;
3229;1;4;F28;;;
3229;1;4;S46;;;
3229;4;11;F28;;;
3229;4;11;F28;;;
3229;4;11;S46;;;
3229;1;11;;;63;
3230;1;4;F28;;;
3230;1;4;F28;;;
3230;1;4;S46;;;
3230;4;11;F28;;;
3230;4;11;F28;;;
3230;4;11;S46;;;
3230;1;11;;;63;
3231;1;4;F28;;;
3231;1;4;F28;;;
3231;1;4;S46;;;
3231;4;11;F28;;;
3231;4;11;F28;;;
3231;4;11;S46;;;
3231;1;11;;;63;
3232;1;4;F28;;;
3232;1;4;F28;;;
3232;1;4;S46;;;
3232;4;11;F28;;;
3232;4;11;F28;;;
3232;4;11;S46;;;
3232;1;11;;;63;
3233;5;12;F28;;;
3233;5;12;F28;;;
3233;5;12;S46;;;
3233;1;12;;;63;
3234;5;12;F28;;;
3234;5;12;F28;;;
3234;5;12;S46;;;
3234;1;12;;;63;
3235;5;12;F28;;;
3235;5;12;F28;;;
3235;5;12;S46;;;
3235;1;12;;;63;
3236;5;12;F28;;;
3236;5;12;F28;;;
3236;5;12;S46;;;
3236;1;12;;;63;
3237;1;4;F28;;;
3237;1;4;F28;;;
3237;1;4;S46;;;
3237;4;11;F28;;;
3237;4;11;F28;;;
3237;4;11;S46;;;
3237;1;11;;;63;
3238;1;4;F28;;;
3238;1;4;F28;;;
3238;1;4;S46;;;
3238;4;11;F28;;;
3238;4;11;F28;;;
3238;4;11;S46;;;
3238;1;11;;;63;
3239;5;12;F28;;;
3239;5;12;F28;;;
3239;5;12;S46;;;
3239;1;12;;;63;
3240;5;12;F28;;;
3240;5;12;F28;;;
3240;5;12;S46;;;
3240;1;12;;;63;
3241;1;4;F28;;;
3241;1;4;F28;;;
3241;1;4;S46;;;
3241;4;11;F28;;;
3241;4;11;F28;;;
3241;4;11;S46;;;
3241;1;11;;;63;
3242;1;4;F28;;;
3242;1;4;F28;;;
3242;1;4;S46;;;
3242;4;11;F28;;;
3242;4;11;F28;;;
3242;4;11;S46;;;
3242;1;11;;;63;
3243;5;12;F28;;;
3243;5;12;F28;;;
3243;5;12;S46;;;
3243;1;12;;;63;
3244;5;12;F28;;;
3244;5;12;F28;;;
3244;5;12;S46;;;
3244;1;12;;;63;
3245;1;4;F28;;;
3245;1;4;F28;;;
3245;1;4;S46;;;
3245;4;11;F28;;;
3245;4;11;F28;;;
3245;4;11;S46;;;
3245;1;11;;;63;
3246;1;4;F28;;;
3246;1;4;F28;;;
3246;1;4;S46;;;
3246;4;11;F28;;;
3246;4;11;F28;;;
3246;4;11;S46;;;
3246;1;11;;;63;
3247;1;4;F28;;;
3247;1;4;F28;;;
3247;1;4;S46;;;
3247;4;11;F28;;;
3247;4;11;F28;;;
3247;4;11;S46;;;
3247;1;11;;;63;
3248;1;4;F28;;;
3248;1;4;F28;;;
3248;1;4;S46;;;
3248;4;11;F28;;;
3248;4;11;F28;;;
3248;4;11;S46;;;
3248;1;11;;;63;
3249;1;4;F28;;;
3249;1;4;F28;;;
3249;1;4;S46;;;
3249;4;11;F28;;;
3249;4;11;F28;;;
3249;4;11;S46;;;
3249;1;11;;;63;
3250;5;12;F28;;;
3250;5;12;F28;;;
3250;5;12;S46;;;
3250;1;12;;;63;
3251;1;4;F28;;;
3251;1;4;F28;;;
3251;1;4;S46;;;
3251;4;11;F28;;;
3251;4;11;F28;;;
3251;4;11;S46;;;
3251;1;11;;;63;
3252;1;4;F28;;;
3252;1;4;F28;;;
3252;1;4;S46;;;
3252;4;11;F28;;;
3252;4;11;F28;;;
3252;4;11;S46;;;
3252;1;11;;;63;
3253;5;12;F28;;;
3253;5;12;F28;;;
3253;5;12;S46;;;
3253;1;12;;;63;
3254;5;12;F28;;;
3254;5;12;F28;;;
3254;5;12;S46;;;
3254;1;12;;;63;
3255;4;11;F28;;;
3255;4;11;F28;;;
3255;4;11;S46;;;
3255;1;11;;;63;
3256;4;11;F28;;;
3256;4;11;F28;;;
3256;4;11;S46;;;
3256;1;11;;;63;
3257;1;4;F28;;;
3257;1;4;F28;;;
3257;1;4;S46;;;
3257;4;11;F28;;;
3257;4;11;F28;;;
3257;4;11;S46;;;
3257;1;11;;;63;
3258;1;4;F28;;;
3258;1;4;F28;;;
3258;1;4;S46;;;
3258;4;11;F28;;;
3258;4;11;F28;;;
3258;4;11;S46;;;
3258;1;11;;;63;
3259;1;4;F28;;;
3259;1;4;F28;;;
3259;1;4;S46;;;
3259;4;11;F28;;;
3259;4;11;F28;;;
3259;4;11;S46;;;
3259;1;11;;;63;
3260;5;12;F28;;;
3260;5;12;F28;;;
3260;5;12;S46;;;
3260;1;12;;;63;
3261;5;12;F28;;;
3261;5;12;F28;;;
3261;5;12;S46;;;
3261;1;12;;;63;
3262;5;12;F28;;;
3262;5;12;F28;;;
3262;5;12;S46;;;
3262;1;12;;;63;
3263;1;4;F28;;;
3263;1;4;F28;;;
3263;1;4;S46;;;
3263;4;11;F28;;;
3263;4;11;F28;;;
3263;4;11;S46;;;
3263;1;11;;;63;
3264;1;4;F28;;;
3264;1;4;F28;;;
3264;1;4;S46;;;
3264;4;11;F28;;;
3264;4;11;F28;;;
3264;4;11;S46;;;
3264;1;11;;;63;
3265;1;4;F28;;;
3265;1;4;F28;;;
3265;1;4;S46;;;
3265;4;11;F28;;;
3265;4;11;F28;;;
3265;4;11;S46;;;
3265;1;11;;;63;
3266;1;4;F28;;;
3266;1;4;F28;;;
3266;1;4;S46;;;
3266;4;11;F28;;;
3266;4;11;F28;;;
3266;4;11;S46;;;
3266;1;11;;;63;
3267;5;12;F28;;;
3267;5;12;F28;;;
3267;5;12;S46;;;
3267;1;12;;;63;
3268;5;12;F28;;;
3268;5;12;F28;;;
3268;5;12;S46;;;
3268;1;12;;;63;
3269;5;12;F28;;;
3269;5;12;F28;;;
3269;5;12;S46;;;
3269;1;12;;;63;
3270;1;14;F28;;;
3270;1;14;F28;;;
3270;1;14;S46;;;
3270;1;14;;;63;
3271;1;17;F28;;;
3271;1;17;F28;;;
3271;1;17;S46;;;
3271;1;17;;;63;
3272;1;14;F28;;;
3272;1;14;F28;;;
3272;1;14;S46;;;
3272;1;14;;;63;
3273;1;16;F28;;;
3273;1;16;F28;;;
3273;1;16;S46;;;
3273;1;16;;;63;
3274;1;14;F28;;;
3274;1;14;F28;;;
3274;1;14;S46;;;
3274;1;14;;;63;
3275;1;14;F28;;;
3275;1;14;F28;;;
3275;1;14;S46;;;
3275;1;14;;;63;
3276;1;8;F28;;;
3276;1;8;F28;;;
3276;1;8;S46;;;
3276;1;8;;;63;
3277;1;8;F28;;;
3277;1;8;F28;;;
3277;1;8;S46;;;
3277;1;8;;;63;
3278;1;8;;;63;
3279;1;8;F28;;;
3279;1;8;F28;;;
3279;1;8;S46;;;
3279;1;8;;;63;
3280;1;4;F28;;;
3280;1;4;F28;;;
3280;1;4;S46;;;
3280;1;4;;;63;
3281;1;6;F28;;;
3281;1;6;F28;;;
3281;1;6;S46;;;
3281;1;6;;;63;
3282;1;6;F28;;;
3282;1;6;F28;;;
3282;1;6;S46;;;
3282;1;6;;;63;
3283;1;4;F28;;;
3283;1;4;F28;;;
3283;1;4;S46;;;
3283;1;4;;;63;
3284;1;4;F28;;;
3284;1;4;F28;;;
3284;1;4;S46;;;
3284;1;4;;;63;
3285;1;20;;;92;
3286;1;18;;;92;
3287;1;20;;;92;
3288;1;20;;;92;
3289;1;20;;;92;
3290;1;18;;;162;
3291;1;17;;;162;
3292;1;3;;;162;
3293;1;3;;;162;
3294;1;20;;;92;
3295;1;20;;;101;
3296;1;19;;;101;
3297;1;20;;;101;
3298;1;20;;;101;
3299;1;2;;;162;
3300;1;20;;;101;
3301;1;20;;;101;
3302;1;19;;;101;
3303;1;19;;;101;
3304;1;20;;;101;
3305;1;20;;;101;
3306;1;2;;;101;
3307;1;20;;;101;
3308;1;20;;;101;
3309;1;2;;;162;
3310;1;2;;;162;
3311;1;20;;;101;
3312;1;18;;;92;
3313;1;18;;;92;
3314;1;17;;;92;
3315;1;17;;;92;
3316;1;18;;;92;
3317;1;18;;;92;
3318;1;2;;;92;
3319;1;18;;;92;
3320;1;18;;;92;
3321;1;18;;;92;
3322;1;15;;;162;
3323;1;16;;;162;
3324;1;3;;;162;
3325;1;16;;;162;
3326;1;15;;;162;
3327;1;3;;;162;
3328;1;2;;;162;
3329;1;15;;;162;
3330;1;16;;;162;
3331;1;3;;;162;
3332;1;15;;;162;
3333;1;16;;;162;
3334;1;4;;;162;
3335;1;3;;;162;
3336;1;16;;;162;
3337;1;15;;;162;
3338;1;3;;;162;
3339;1;15;;;162;
3340;1;16;;;162;
3341;1;2;;;162;
3342;1;2;;;162;
3343;1;18;;;92;
3344;1;18;;;92;
3345;1;18;;;92;
3346;1;17;;;92;
3347;1;14;;;92;
3348;1;17;;;92;
3349;1;18;;;92;
3350;1;18;;;92;
3351;1;18;;;92;
3352;1;16;;;162;
3353;1;15;;;162;
3354;1;3;;;162;
3355;1;2;;;162;
3356;1;16;;;162;
3357;1;15;;;162;
3358;1;3;;;162;
3359;1;4;;;162;
3360;1;16;;;162;
3361;1;15;;;162;
3362;1;3;;;162;
3363;1;5;;;162;
3364;1;2;;;162;
3365;1;2;;;162;
3366;1;18;;;92;
3367;1;18;;;92;
3368;1;17;;;92;
3369;1;18;;;92;
3370;1;18;;;92;
3371;1;18;;;92;
3372;1;15;;;162;
3373;1;16;;;162;
3374;1;3;;;162;
3375;1;15;;;162;
3376;1;16;;;162;
3377;1;4;;;162;
3378;1;3;;;162;
3379;1;4;;;162;
3380;1;16;;;162;
3381;1;15;;;162;
3382;1;3;;;162;
3383;1;16;;;162;
3384;1;4;;;162;
3385;1;3;;;162;
3386;1;2;;;162;
3387;1;18;;;92;
3388;1;20;;;92;
3389;1;16;;;92;
3390;1;19;;;92;
3391;1;20;;;92;
3392;1;20;;;92;
3393;1;20;;;92;
3394;1;18;;;162;
3395;1;4;;;162;
3396;1;17;;;162;
3397;1;3;;;162;
3398;1;5;;;162;
3399;1;2;;;162;
3400;1;2;;;162;
3401;1;20;;;92;
3402;1;18;;;92;
3403;1;14;;;92;
3404;1;17;;;92;
3405;1;18;;;92;
3406;1;18;;;92;
3407;1;18;;;92;
3408;1;15;;;162;
3409;1;16;;;162;
3410;1;3;;;162;
3411;1;4;;;162;
3412;1;15;;;162;
3413;1;16;;;162;
3414;1;3;;;162;
3415;1;16;;;162;
3416;1;4;;;162;
3417;1;15;;;162;
3418;1;3;;;162;
3419;1;4;;;162;
3420;1;16;;;162;
3421;1;2;;;162;
3422;1;4;;;162;
3423;1;5;;;162;
3424;1;2;;;162;
3425;1;5;;;162;
3426;1;18;;;92;
3427;1;18;;;92;
3428;1;17;;;92;
3429;1;17;;;92;
3430;1;18;;;92;
3431;1;18;;;92;
3432;1;18;;;92;
3433;1;16;;;162;
3434;1;15;;;162;
3435;1;3;;;162;
3436;1;2;;;162;
3437;1;16;;;162;
3438;1;15;;;162;
3439;1;3;;;162;
3440;1;4;;;162;
3441;1;4;;;162;
3442;1;16;;;162;
3443;1;15;;;162;
3444;1;3;;;162;
3445;1;4;;;162;
3446;1;16;;;162;
3447;1;15;;;162;
3448;1;3;;;162;
3449;1;2;;;162;
3450;1;18;;;92;
3451;1;18;;;92;
3452;1;17;;;92;
3453;1;14;;;92;
3454;1;17;;;92;
3455;1;18;;;92;
3456;1;2;;;92;
3457;1;18;;;92;
3458;1;18;;;92;
3459;1;15;;;162;
3460;1;16;;;162;
3461;1;3;;;162;
3462;1;2;;;162;
3463;1;15;;;162;
3464;1;16;;;162;
3465;1;3;;;162;
3466;1;15;;;162;
3467;1;4;;;162;
3468;1;16;;;162;
3469;1;3;;;162;
3470;1;16;;;162;
3471;1;4;;;162;
3472;1;15;;;162;
3473;1;3;;;162;
3474;1;16;;;162;
3475;1;4;;;162;
3476;1;4;;;162;
3477;1;2;;;162;
3478;1;5;;;162;
3479;1;2;;;162;
3480;1;5;;;162;
3481;1;18;;;92;
3482;1;18;;;92;
3483;1;17;;;92;
3484;1;18;;;92;
3485;1;18;;;92;
3486;1;18;;;92;
3487;1;16;;;162;
3488;1;15;;;162;
3489;1;3;;;162;
3490;1;16;;;162;
3491;1;4;;;162;
3492;1;15;;;162;
3493;1;3;;;162;
3494;1;16;;;162;
3495;1;4;;;162;
3496;1;15;;;162;
3497;1;3;;;162;
3498;1;2;;;162;
3499;1;18;;;92;
3500;1;18;;;92;
3501;1;16;;;92;
3502;1;18;;;92;
3503;1;18;;;92;
3504;1;18;;;92;
3505;1;16;;;162;
3506;1;15;;;162;
3507;1;3;;;162;
3508;1;16;;;162;
3509;1;4;;;162;
3510;1;15;;;162;
3511;1;3;;;162;
3512;1;4;;;162;
3513;1;16;;;162;
3514;1;4;;;162;
3515;1;15;;;162;
3516;1;3;;;162;
3517;1;3;;;162;
3518;1;18;;;92;
3519;1;20;;;92;
3520;1;17;;;92;
3521;1;17;;;92;
3522;1;18;;;92;
3523;1;18;;;92;
3524;1;2;;;92;
3525;1;2;;;92;
3526;1;18;;;92;
3527;1;18;;;92;
3528;1;17;;;92;
3529;1;18;;;92;
3530;1;2;;;92;
3531;1;18;;;92;
3532;1;17;;;92;
3533;1;18;;;92;
3534;1;2;;;92;
3535;1;18;;;92;
3536;1;20;;;92;
3537;1;17;;;92;
3538;1;18;;;92;
3539;1;2;;;92;
3540;1;18;;;92;
3541;1;17;;;92;
3542;1;18;;;92;
3543;1;2;;;92;
3544;1;18;;;92;
3545;1;17;;;92;
3546;1;18;;;92;
3547;1;2;;;92;
3548;1;18;;;92;
3549;1;17;;;92;
3550;1;18;;;92;
3551;1;2;;;92;
3552;1;18;;;92;
3553;1;16;;;92;
3554;1;18;;;92;
3555;1;3;;;92;
3556;1;18;;;92;
3557;1;20;;;101;
3558;1;19;;;101;
3559;1;20;;;101;
3560;1;2;;;101;
3561;1;20;;;92;
3562;1;15;;;92;
3563;1;9;;;92;
3564;1;15;;;92;
3565;1;15;;;92;
3566;1;7;;;162;
3567;1;3;;;162;
3568;1;3;;;162;
3569;1;3;;;162;
3570;1;15;;;92;
3571;1;23;;;92;
3572;1;28;;;92;
3573;1;28;;;92;
3574;1;6;;;92;
3575;1;28;;;92;
3576;1;28;;;92;
3577;1;6;;;162;
3578;1;27;;;162;
3579;1;2;;;162;
3580;1;3;;;162;
3581;1;3;;;162;
3582;1;3;;;162;
3583;1;7;;;162;
3584;1;2;;;162;
3585;1;3;;;162;
3586;1;2;;;162;
3587;1;6;;;162;
3588;1;3;;;162;
3589;1;6;;;162;
3590;1;3;;;162;
3591;1;5;;;162;
3592;1;3;;;162;
3593;1;3;;;162;
3594;1;3;;;162;
3595;1;6;;;162;
3596;1;3;;;162;
3597;1;2;;;162;
3598;1;3;;;162;
3599;1;28;;;92;
3600;1;22;;;92;
3601;1;27;;;92;
3602;1;27;;;92;
3603;1;6;;;92;
3604;1;27;;;92;
3605;1;27;;;92;
3606;1;3;;;162;
3607;1;5;;;162;
3608;1;3;;;162;
3609;1;3;;;162;
3610;1;2;;;162;
3611;1;7;;;162;
3612;1;3;;;162;
3613;1;3;;;162;
3614;1;2;;;162;
3615;1;2;;;162;
3616;1;3;;;162;
3617;1;2;;;162;
3618;1;26;;;162;
3619;1;3;;;162;
3620;1;27;;;92;
3621;1;11;;;92;
3622;1;9;;;92;
3623;1;11;;;92;
3624;1;11;;;92;
3625;1;11;;;92;
3626;1;3;;;162;
3627;1;3;;;162;
3628;1;4;;;162;
3629;1;3;;;162;
3630;1;3;;;162;
3631;1;12;;;162;
3632;1;11;;;92;
3633;1;15;;;92;
3634;1;15;;;92;
3635;1;15;;;92;
3636;1;15;;;92;
3637;1;3;;;162;
3638;1;3;;;162;
3639;1;15;;;162;
3640;1;3;;;162;
3641;1;3;;;162;
3642;1;3;;;162;
3643;1;4;;;162;
3644;1;15;;;162;
3645;1;22;;;101;
3646;1;22;;;101;
3647;1;22;;;101;
3648;1;18;;;92;
3649;1;18;;;92;
3650;1;18;;;92;
3651;1;18;;;92;
3652;1;17;;;162;
3653;1;5;;;162;
3654;1;3;;;162;
3655;1;3;;;162;
3656;1;3;;;162;
3657;1;5;;;162;
3658;1;3;;;162;
3659;1;5;;;162;
3660;1;17;;;162;
3661;1;5;;;162;
3662;1;17;;;162;
3663;1;5;;;162;
3664;1;3;;;162;
3665;1;3;;;162;
3666;1;5;;;162;
3667;1;17;;;162;
3668;1;5;;;162;
3669;1;3;;;162;
3670;1;3;;;162;
3671;1;5;;;162;
3672;1;5;;;162;
3673;1;17;;;162;
3674;1;5;;;162;
3675;1;3;;;162;
3676;1;3;;;162;
3677;1;17;;;162;
3678;1;5;;;162;
3679;1;5;;;162;
3680;1;3;;;162;
3681;1;3;;;162;
3682;1;5;;;162;
3683;1;18;;;92;
3684;1;18;;;92;
3685;1;18;;;92;
3686;1;18;;;92;
3687;1;17;;;162;
3688;1;3;;;162;
3689;1;5;;;162;
3690;1;3;;;162;
3691;1;5;;;162;
3692;1;17;;;162;
3693;1;3;;;162;
3694;1;3;;;162;
3695;1;5;;;162;
3696;1;5;;;162;
3697;1;17;;;162;
3698;1;3;;;162;
3699;1;3;;;162;
3700;1;5;;;162;
3701;1;5;;;162;
3702;1;5;;;162;
3703;1;17;;;162;
3704;1;3;;;162;
3705;1;3;;;162;
3706;1;5;;;162;
3707;1;5;;;162;
3708;1;17;;;162;
3709;1;3;;;162;
3710;1;3;;;162;
3711;1;5;;;162;
3712;1;3;;;162;
3713;1;5;;;162;
3714;1;5;;;162;
3715;1;17;;;162;
3716;1;3;;;162;
3717;1;3;;;162;
3718;1;5;;;162;
3719;1;14;;;92;
3720;1;14;;;92;
3721;1;14;;;92;
3722;1;14;;;92;
3723;1;15;;;162;
3724;1;3;;;162;
3725;1;3;;;162;
3726;1;3;;;162;
3727;1;4;;;92;
3728;1;4;;;92;
3729;1;4;;;92;
3730;1;4;;;92;
3731;1;4;;;162;
3732;1;3;;;162;
3733;1;4;;;162;
3734;1;3;;;162;
3735;1;19;;;92;
3736;1;17;;;92;
3737;1;19;;;92;
3738;1;2;;;162;
3739;1;3;;;162;
3740;1;19;;;92;
3741;1;19;;;92;
3742;1;17;;;92;
3743;1;19;;;92;
3744;1;19;;;92;
3745;1;2;;;162;
3746;1;3;;;162;
3747;1;2;;;162;
3748;1;3;;;162;
3749;1;19;;;92;
3750;1;19;;;92;
3751;1;17;;;92;
3752;1;19;;;92;
3753;1;3;;;162;
3754;1;2;;;162;
3755;1;19;;;92;
3756;1;38;;;92;
3757;1;19;;;92;
3758;1;26;;;92;
3759;1;36;;;92;
3760;1;36;;;92;
3761;1;38;;;92;
3762;1;38;;;92;
3763;1;3;;;92;
3764;1;2;;;162;
3765;1;3;;;162;
3766;1;2;;;162;
3767;1;10;;;162;
3768;1;38;;;92;
3769;1;19;;;92;
3770;1;17;;;92;
3771;1;19;;;92;
3772;1;19;;;92;
3773;1;3;;;162;
3774;1;2;;;162;
3775;1;3;;;162;
3776;1;2;;;162;
3777;1;19;;;92;
3778;1;38;;;92;
3779;1;38;;;92;
3780;1;38;;;92;
3781;1;26;;;92;
3782;1;36;;;92;
3783;1;20;;;92;
3784;1;36;;;92;
3785;1;36;;;92;
3786;1;36;;;92;
3787;1;38;;;92;
3788;1;38;;;92;
3789;1;3;;;162;
3790;1;31;;;162;
3791;1;3;;;162;
3792;1;10;;;162;
3793;1;3;;;162;
3794;1;3;;;162;
3795;1;2;;;162;
3796;1;10;;;162;
3797;1;13;;;162;
3798;1;2;;;162;
3799;1;2;;;162;
3800;1;2;;;162;
3801;1;10;;;162;
3802;1;38;;;92;
3803;1;38;;;92;
3804;1;38;;;92;
3805;1;38;;;92;
3806;1;17;;;92;
3807;1;26;;;92;
3808;1;36;;;92;
3809;1;36;;;92;
3810;1;36;;;92;
3811;1;36;;;92;
3812;1;36;;;92;
3813;1;38;;;92;
3814;1;38;;;92;
3815;1;3;;;92;
3816;1;2;;;162;
3817;1;19;;;162;
3818;1;3;;;162;
3819;1;2;;;162;
3820;1;3;;;162;
3821;1;2;;;162;
3822;1;3;;;162;
3823;1;3;;;162;
3824;1;2;;;162;
3825;1;10;;;162;
3826;1;38;;;92;
3827;1;19;;;92;
3828;1;17;;;92;
3829;1;19;;;92;
3830;1;19;;;92;
3831;1;2;;;162;
3832;1;3;;;162;
3833;1;2;;;162;
3834;1;3;;;162;
3835;1;19;;;92;
3836;1;38;;;92;
3837;1;17;;;92;
3838;1;26;;;92;
3839;1;36;;;92;
3840;1;36;;;92;
3841;1;36;;;92;
3842;1;38;;;92;
3843;1;3;;;162;
3844;1;2;;;162;
3845;1;19;;;162;
3846;1;2;;;162;
3847;1;3;;;162;
3848;1;3;;;162;
3849;1;2;;;162;
3850;1;19;;;162;
3851;1;2;;;162;
3852;1;3;;;162;
3853;1;3;;;162;
3854;1;2;;;162;
3855;1;2;;;162;
3856;1;3;;;162;
3857;1;2;;;162;
3858;1;10;;;162;
3859;1;38;;;92;
3860;1;19;;;92;
3861;1;38;;;92;
3862;1;20;;;92;
3863;1;17;;;92;
3864;1;17;;;92;
3865;1;36;;;92;
3866;1;19;;;92;
3867;1;36;;;92;
3868;1;38;;;92;
3869;1;3;;;92;
3870;1;19;;;92;
3871;1;2;;;162;
3872;1;13;;;162;
3873;1;12;;;162;
3874;1;2;;;162;
3875;1;13;;;162;
3876;1;12;;;162;
3877;1;13;;;162;
3878;1;2;;;162;
3879;1;11;;;162;
3880;1;19;;;162;
3881;1;2;;;162;
3882;1;3;;;162;
3883;1;2;;;162;
3884;1;3;;;162;
3885;1;2;;;162;
3886;1;3;;;162;
3887;1;13;;;162;
3888;1;2;;;162;
3889;1;11;;;162;
3890;1;2;;;162;
3891;1;2;;;162;
3892;1;38;;;92;
3893;1;19;;;92;
3894;1;19;;;92;
3895;1;17;;;92;
3896;1;19;;;92;
3897;1;19;;;92;
3898;1;3;;;162;
3899;1;2;;;162;
3900;1;2;;;162;
3901;1;3;;;162;
3902;1;19;;;92;
3903;1;19;;;92;
3904;1;17;;;92;
3905;1;19;;;92;
3906;1;19;;;92;
3907;1;2;;;162;
3908;1;13;;;162;
3909;1;10;;;162;
3910;1;3;;;162;
3911;1;2;;;162;
3912;1;3;;;162;
3913;1;2;;;162;
3914;1;19;;;92;
3915;1;20;;;;
3916;1;10;;;;
3917;1;18;;;;
3918;1;20;;;;
3919;1;2;;;162;
3920;1;10;;;162;
3921;1;20;;;;
3922;1;20;;;;
3923;1;18;;;;
3924;1;20;;;;
3925;1;20;;;;
3926;1;19;;;162;
3927;1;3;;;162;
3928;1;2;;;162;
3929;1;20;;;;
3930;1;30;;;;
3931;1;10;;;;
3932;1;30;;;;
3933;1;18;;;;
3934;1;13;;;;
3935;1;30;;;;
3936;1;2;;;162;
3937;1;10;;;162;
3938;1;30;;;;
3939;1;20;;;;
3940;1;18;;;;
3941;1;20;;;;
3942;1;20;;;;
3943;1;19;;;162;
3944;1;2;;;162;
3945;1;3;;;162;
3946;1;2;;;162;
3947;1;20;;;;
3948;1;20;;;;
3949;1;18;;;;
3950;1;20;;;;
3951;1;20;;;;
3952;1;3;;;;
3953;1;20;;;;
3954;1;19;;;162;
3955;1;3;;;162;
3956;1;2;;;162;
3957;1;20;;;;
3958;1;5;;;92;
3959;1;5;;;92;
3960;1;5;;;92;
3961;1;5;;;162;
3962;1;5;;;92;
3963;1;5;;;92;
3964;1;5;;;92;
3965;1;5;;;162;
3966;1;5;;;92;
3967;1;5;;;92;
3968;1;5;;;92;
3969;1;5;;;162;
3970;1;5;;;92;
3971;1;5;;;92;
3972;1;5;;;92;
3973;1;5;;;162;
3974;1;5;;;92;
3975;1;5;;;92;
3976;1;5;;;92;
3977;1;5;;;162;
3978;1;5;;;92;
3979;1;5;;;92;
3980;1;5;;;92;
3981;1;5;;;162;
3982;1;5;;;92;
3983;1;5;;;92;
3984;1;5;;;92;
3985;1;5;;;162;
3986;1;5;;;92;
3987;1;5;;;92;
3988;1;5;;;92;
3989;1;5;;;162;
3990;1;20;;;;
3991;1;20;;;;
3992;1;20;;;;
3993;1;23;;;;
3994;1;23;;;;
3995;1;23;;;;
3996;1;22;;;;
3997;1;22;;;;
3998;1;22;;;;
3999;1;13;;;;
4000;1;13;;;;
4001;1;21;;;;
4002;1;21;;;;
4003;1;9;;;;
4004;1;13;;;;
4005;1;21;;;;
4006;1;14;;;;
4007;1;3;;;;
4008;1;14;;;;
4009;1;22;;;;
4010;1;22;;;;
4011;1;9;;;;
4012;1;12;;;;
4013;1;14;;;;
4014;1;22;;;;
4015;1;22;;;;
4016;1;20;;;;
4017;1;22;;;;
4018;1;15;;;;
4019;1;28;;;;
4020;1;31;;;;
4021;1;31;;;;
4022;1;10;;;;
4023;1;14;;;;
4024;1;22;;;;
4025;1;20;;;;
4026;1;31;;;;
4027;1;15;;;;
4028;1;28;;;;
4029;1;2;;;162;
4030;1;2;;;162;
4031;1;4;;;162;
4032;1;4;;;162;
4033;1;4;;;162;
4034;1;6;;;162;
4035;1;4;;;162;
4036;1;3;;;162;
4037;1;6;;;162;
4038;1;25;;;162;
4039;1;31;;;;
4040;1;28;;;;
4041;1;22;;;;
4042;1;22;;;;
4043;1;5;;;;
4044;1;22;;;;
4045;1;30;;;;
4046;1;30;;;;
4047;1;9;;;;
4048;1;18;;;;
4049;1;22;;;;
4050;1;30;;;;
4051;1;2;;;162;
4052;1;2;;;162;
4053;1;4;;;162;
4054;1;4;;;162;
4055;1;4;;;162;
4056;1;25;;;162;
4057;1;6;;;162;
4058;1;30;;;;
4059;1;17;;;;
4060;1;5;;;;
4061;1;17;;;;
4062;1;13;;;;
4063;1;26;;;;
4064;1;26;;;;
4065;1;10;;;;
4066;1;14;;;;
4067;1;17;;;;
4068;1;26;;;;
4069;1;13;;;;
4070;1;26;;;;
4071;1;2;;;162;
4072;1;2;;;162;
4073;1;4;;;162;
4074;1;4;;;162;
4075;1;4;;;162;
4076;1;3;;;162;
4077;1;6;;;162;
4078;1;20;;;162;
4079;1;26;;;;
4080;1;22;;;;
4081;1;22;;;;
4082;1;14;;;;
4083;1;31;;;;
4084;1;31;;;;
4085;1;31;;;;
4086;1;10;;;;
4087;1;18;;;;
4088;1;22;;;;
4089;1;31;;;;
4090;1;31;;;;
4091;1;2;;;162;
4092;1;2;;;162;
4093;1;2;;;162;
4094;1;2;;;162;
4095;1;4;;;162;
4096;1;4;;;162;
4097;1;4;;;162;
4098;1;25;;;162;
4099;1;6;;;162;
4100;1;31;;;;
4101;1;19;;;;
4102;1;7;;;;
4103;1;19;;;;
4104;1;15;;;;
4105;1;27;;;;
4106;1;27;;;;
4107;1;9;;;;
4108;1;13;;;;
4109;1;19;;;;
4110;1;27;;;;
4111;1;15;;;;
4112;1;27;;;;
4113;1;4;;;162;
4114;1;4;;;162;
4115;1;4;;;162;
4116;1;3;;;162;
4117;1;6;;;162;
4118;1;22;;;162;
4119;1;27;;;;
4120;1;22;;;;
4121;1;22;;;;
4122;1;10;;;;
4123;1;12;;;;
4124;1;29;;;;
4125;1;29;;;;
4126;1;8;;;;
4127;1;18;;;;
4128;1;22;;;;
4129;1;29;;;;
4130;1;29;;;;
4131;1;2;;;162;
4132;1;2;;;162;
4133;1;22;;;162;
4134;1;4;;;162;
4135;1;4;;;162;
4136;1;16;;;162;
4137;1;4;;;162;
4138;1;4;;;162;
4139;1;25;;;162;
4140;1;3;;;162;
4141;1;6;;;162;
4142;1;29;;;;
4143;1;18;;;;
4144;1;6;;;;
4145;1;18;;;;
4146;1;6;;;;
4147;1;14;;;;
4148;1;27;;;;
4149;1;27;;;;
4150;1;10;;;;
4151;1;14;;;;
4152;1;18;;;;
4153;1;27;;;;
4154;1;27;;;;
4155;1;14;;;;
4156;1;3;;;162;
4157;1;4;;;162;
4158;1;4;;;162;
4159;1;16;;;162;
4160;1;16;;;162;
4161;1;3;;;162;
4162;1;6;;;162;
4163;1;16;;;162;
4164;1;2;;;162;
4165;1;2;;;162;
4166;1;6;;;162;
4167;1;4;;;162;
4168;1;4;;;162;
4169;1;22;;;162;
4170;1;27;;;;
4171;1;24;;;;
4172;1;24;;;;
4173;1;22;;;;
4174;1;28;;;;
4175;1;33;;;;
4176;1;31;;;;
4177;1;31;;;;
4178;1;33;;;;
4179;1;10;;;;
4180;1;28;;;;
4181;1;31;;;;
4182;1;24;;;;
4183;1;22;;;;
4184;1;31;;;;
4185;1;33;;;;
4186;1;28;;;;
4187;1;4;;;162;
4188;1;3;;;162;
4189;1;6;;;162;
4190;1;4;;;162;
4191;1;16;;;162;
4192;1;3;;;162;
4193;1;4;;;162;
4194;1;27;;;162;
4195;1;3;;;162;
4196;1;6;;;162;
4197;1;2;;;162;
4198;1;2;;;162;
4199;1;2;;;162;
4200;1;2;;;162;
4201;1;22;;;162;
4202;1;4;;;162;
4203;1;4;;;162;
4204;1;33;;;;
4205;1;31;;;;
4206;1;17;;;;
4207;1;17;;;;
4208;1;5;;;;
4209;1;25;;;;
4210;1;25;;;;
4211;1;9;;;;
4212;1;25;;;;
4213;1;17;;;;
4214;1;25;;;;
4215;1;25;;;;
4216;1;6;;;162;
4217;1;4;;;162;
4218;1;4;;;162;
4219;1;22;;;162;
4220;1;4;;;162;
4221;1;3;;;162;
4222;1;4;;;162;
4223;1;16;;;162;
4224;1;3;;;162;
4225;1;6;;;162;
4226;1;16;;;162;
4227;1;4;;;162;
4228;1;25;;;;
4229;1;17;;;;
4230;1;22;;;;
4231;1;20;;;;
4232;1;15;;;;
4233;1;17;;;;
4234;1;10;;;;
4235;1;25;;;;
4236;1;13;;;;
4237;1;25;;;;
4238;1;30;;;;
4239;1;30;;;;
4240;1;9;;;;
4241;1;18;;;;
4242;1;17;;;;
4243;1;22;;;;
4244;1;20;;;;
4245;1;15;;;;
4246;1;30;;;;
4247;1;25;;;;
4248;1;30;;;;
4249;1;25;;;;
4250;1;3;;;162;
4251;1;20;;;162;
4252;1;3;;;162;
4253;1;6;;;162;
4254;1;4;;;162;
4255;1;2;;;162;
4256;1;2;;;162;
4257;1;6;;;162;
4258;1;4;;;162;
4259;1;6;;;162;
4260;1;4;;;162;
4261;1;4;;;162;
4262;1;3;;;162;
4263;1;22;;;162;
4264;1;16;;;162;
4265;1;4;;;162;
4266;1;3;;;162;
4267;1;4;;;162;
4268;1;25;;;;
4269;1;30;;;;
4270;1;19;;;;
4271;1;17;;;;
4272;1;19;;;;
4273;1;7;;;;
4274;1;15;;;;
4275;1;28;;;;
4276;1;28;;;;
4277;1;10;;;;
4278;1;14;;;;
4279;1;19;;;;
4280;1;17;;;;
4281;1;28;;;;
4282;1;28;;;;
4283;1;15;;;;
4284;1;4;;;162;
4285;1;3;;;162;
4286;1;4;;;162;
4287;1;16;;;162;
4288;1;3;;;162;
4289;1;6;;;162;
4290;1;16;;;162;
4291;1;4;;;162;
4292;1;2;;;162;
4293;1;2;;;162;
4294;1;6;;;162;
4295;1;4;;;162;
4296;1;6;;;162;
4297;1;4;;;162;
4298;1;4;;;162;
4299;1;22;;;162;
4300;1;28;;;;
4301;1;19;;;;
4302;1;22;;;;
4303;1;20;;;;
4304;1;17;;;;
4305;1;19;;;;
4306;1;10;;;;
4307;1;3;;;;
4308;1;17;;;;
4309;1;28;;;;
4310;1;31;;;;
4311;1;31;;;;
4312;1;28;;;;
4313;1;10;;;;
4314;1;15;;;;
4315;1;31;;;;
4316;1;12;;;;
4317;1;19;;;;
4318;1;22;;;;
4319;1;20;;;;
4320;1;17;;;;
4321;1;31;;;;
4322;1;28;;;;
4323;1;31;;;;
4324;1;6;;;162;
4325;1;4;;;162;
4326;1;6;;;162;
4327;1;3;;;162;
4328;1;4;;;162;
4329;1;16;;;162;
4330;1;3;;;162;
4331;1;4;;;162;
4332;1;16;;;162;
4333;1;3;;;162;
4334;1;2;;;162;
4335;1;2;;;162;
4336;1;2;;;162;
4337;1;2;;;162;
4338;1;22;;;162;
4339;1;6;;;162;
4340;1;4;;;162;
4341;1;4;;;162;
4342;1;28;;;;
4343;1;31;;;;
4344;1;19;;;;
4345;1;17;;;;
4346;1;19;;;;
4347;1;7;;;;
4348;1;15;;;;
4349;1;17;;;;
4350;1;27;;;;
4351;1;27;;;;
4352;1;9;;;;
4353;1;3;;;;
4354;1;17;;;;
4355;1;11;;;;
4356;1;19;;;;
4357;1;17;;;;
4358;1;27;;;;
4359;1;27;;;;
4360;1;15;;;;
4361;1;6;;;162;
4362;1;4;;;162;
4363;1;6;;;162;
4364;1;4;;;162;
4365;1;22;;;162;
4366;1;4;;;162;
4367;1;3;;;162;
4368;1;4;;;162;
4369;1;16;;;162;
4370;1;3;;;162;
4371;1;6;;;162;
4372;1;16;;;162;
4373;1;4;;;162;
4374;1;27;;;;
4375;1;27;;;;
4376;1;20;;;;
4377;1;18;;;;
4378;1;20;;;;
4379;1;8;;;;
4380;1;13;;;;
4381;1;28;;;;
4382;1;28;;;;
4383;1;11;;;;
4384;1;9;;;;
4385;1;16;;;;
4386;1;20;;;;
4387;1;18;;;;
4388;1;28;;;;
4389;1;28;;;;
4390;1;4;;;162;
4391;1;16;;;162;
4392;1;3;;;162;
4393;1;6;;;162;
4394;1;4;;;162;
4395;1;2;;;162;
4396;1;2;;;162;
4397;1;22;;;162;
4398;1;6;;;162;
4399;1;4;;;162;
4400;1;4;;;162;
4401;1;4;;;162;
4402;1;6;;;162;
4403;1;3;;;162;
4404;1;4;;;162;
4405;1;16;;;162;
4406;1;3;;;162;
4407;1;28;;;;
4408;1;17;;;;
4409;1;15;;;;
4410;1;17;;;;
4411;1;5;;;;
4412;1;13;;;;
4413;1;26;;;;
4414;1;26;;;;
4415;1;10;;;;
4416;1;14;;;;
4417;1;17;;;;
4418;1;15;;;;
4419;1;26;;;;
4420;1;26;;;;
4421;1;13;;;;
4422;1;3;;;162;
4423;1;4;;;162;
4424;1;16;;;162;
4425;1;3;;;162;
4426;1;6;;;162;
4427;1;16;;;162;
4428;1;4;;;162;
4429;1;2;;;162;
4430;1;2;;;162;
4431;1;6;;;162;
4432;1;4;;;162;
4433;1;6;;;162;
4434;1;4;;;162;
4435;1;4;;;162;
4436;1;22;;;162;
4437;1;4;;;162;
4438;1;26;;;;
4439;1;17;;;;
4440;1;17;;;;
4441;1;15;;;;
4442;1;5;;;;
4443;1;26;;;;
4444;1;26;;;;
4445;1;10;;;;
4446;1;26;;;;
4447;1;17;;;;
4448;1;15;;;;
4449;1;26;;;;
4450;1;26;;;;
4451;1;3;;;162;
4452;1;16;;;162;
4453;1;3;;;162;
4454;1;6;;;162;
4455;1;4;;;162;
4456;1;2;;;162;
4457;1;2;;;162;
4458;1;6;;;162;
4459;1;6;;;162;
4460;1;4;;;162;
4461;1;4;;;162;
4462;1;22;;;162;
4463;1;3;;;162;
4464;1;4;;;162;
4465;1;16;;;162;
4466;1;4;;;162;
4467;1;26;;;;
4468;1;17;;;;
4469;1;17;;;;
4470;1;22;;;;
4471;1;20;;;;
4472;1;15;;;;
4473;1;10;;;;
4474;1;5;;;;
4475;1;13;;;;
4476;1;25;;;;
4477;1;25;;;;
4478;1;30;;;;
4479;1;30;;;;
4480;1;9;;;;
4481;1;13;;;;
4482;1;30;;;;
4483;1;25;;;;
4484;1;17;;;;
4485;1;22;;;;
4486;1;20;;;;
4487;1;15;;;;
4488;1;30;;;;
4489;1;25;;;;
4490;1;30;;;;
4491;1;25;;;;
4492;1;13;;;;
4493;1;6;;;162;
4494;1;20;;;162;
4495;1;4;;;162;
4496;1;6;;;162;
4497;1;4;;;162;
4498;1;6;;;162;
4499;1;4;;;162;
4500;1;6;;;162;
4501;1;4;;;162;
4502;1;4;;;162;
4503;1;22;;;162;
4504;1;4;;;162;
4505;1;3;;;162;
4506;1;4;;;162;
4507;1;16;;;162;
4508;1;3;;;162;
4509;1;25;;;;
4510;1;30;;;;
4511;1;19;;;;
4512;1;17;;;;
4513;1;19;;;;
4514;1;7;;;;
4515;1;13;;;;
4516;1;27;;;;
4517;1;27;;;;
4518;1;9;;;;
4519;1;15;;;;
4520;1;19;;;;
4521;1;17;;;;
4522;1;27;;;;
4523;1;27;;;;
4524;1;22;;;162;
4525;1;6;;;162;
4526;1;4;;;162;
4527;1;4;;;162;
4528;1;4;;;162;
4529;1;6;;;162;
4530;1;3;;;162;
4531;1;16;;;162;
4532;1;4;;;162;
4533;1;3;;;162;
4534;1;4;;;162;
4535;1;3;;;162;
4536;1;16;;;162;
4537;1;3;;;162;
4538;1;6;;;162;
4539;1;4;;;162;
4540;1;27;;;;
4541;1;19;;;;
4542;1;17;;;;
4543;1;19;;;;
4544;1;7;;;;
4545;1;15;;;;
4546;1;28;;;;
4547;1;28;;;;
4548;1;10;;;;
4549;1;14;;;;
4550;1;19;;;;
4551;1;17;;;;
4552;1;28;;;;
4553;1;28;;;;
4554;1;15;;;;
4555;1;4;;;162;
4556;1;4;;;162;
4557;1;4;;;162;
4558;1;4;;;162;
4559;1;4;;;162;
4560;1;4;;;162;
4561;1;4;;;162;
4562;1;3;;;162;
4563;1;5;;;162;
4564;1;2;;;162;
4565;1;2;;;162;
4566;1;6;;;162;
4567;1;22;;;162;
4568;1;4;;;162;
4569;1;6;;;162;
4570;1;16;;;162;
4571;1;3;;;162;
4572;1;6;;;162;
4573;1;22;;;162;
4574;1;4;;;162;
4575;1;28;;;;
4576;1;19;;;;
4577;1;22;;;;
4578;1;17;;;;
4579;1;20;;;;
4580;1;19;;;;
4581;1;7;;;;
4582;1;10;;;;
4583;1;13;;;;
4584;1;27;;;;
4585;1;27;;;;
4586;1;30;;;;
4587;1;30;;;;
4588;1;9;;;;
4589;1;15;;;;
4590;1;27;;;;
4591;1;19;;;;
4592;1;22;;;;
4593;1;17;;;;
4594;1;20;;;;
4595;1;27;;;;
4596;1;30;;;;
4597;1;27;;;;
4598;1;30;;;;
4599;1;3;;;162;
4600;1;4;;;162;
4601;1;3;;;162;
4602;1;22;;;162;
4603;1;3;;;162;
4604;1;6;;;162;
4605;1;4;;;162;
4606;1;2;;;162;
4607;1;2;;;162;
4608;1;22;;;162;
4609;1;6;;;162;
4610;1;4;;;162;
4611;1;4;;;162;
4612;1;4;;;162;
4613;1;6;;;162;
4614;1;3;;;162;
4615;1;16;;;162;
4616;1;4;;;162;
4617;1;27;;;;
4618;1;30;;;;
4619;1;19;;;;
4620;1;22;;;;
4621;1;20;;;;
4622;1;17;;;;
4623;1;19;;;;
4624;1;7;;;;
4625;1;18;;;;
4626;1;30;;;;
4627;1;27;;;;
4628;1;30;;;;
4629;1;30;;;;
4630;1;27;;;;
4631;1;9;;;;
4632;1;13;;;;
4633;1;30;;;;
4634;1;27;;;;
4635;1;19;;;;
4636;1;22;;;;
4637;1;20;;;;
4638;1;17;;;;
4639;1;30;;;;
4640;1;27;;;;
4641;1;30;;;;
4642;1;27;;;;
4643;1;18;;;;
4644;1;3;;;162;
4645;1;4;;;162;
4646;1;16;;;162;
4647;1;3;;;162;
4648;1;6;;;162;
4649;1;22;;;162;
4650;1;4;;;162;
4651;1;2;;;162;
4652;1;2;;;162;
4653;1;6;;;162;
4654;1;4;;;162;
4655;1;6;;;162;
4656;1;4;;;162;
4657;1;4;;;162;
4658;1;31;;;162;
4659;1;4;;;162;
4660;1;27;;;;
4661;1;30;;;;
4662;1;17;;;;
4663;1;15;;;;
4664;1;17;;;;
4665;1;5;;;;
4666;1;25;;;;
4667;1;25;;;;
4668;1;9;;;;
4669;1;17;;;;
4670;1;15;;;;
4671;1;25;;;;
4672;1;25;;;;
4673;1;22;;;162;
4674;1;4;;;162;
4675;1;6;;;162;
4676;1;4;;;162;
4677;1;4;;;162;
4678;1;6;;;162;
4679;1;3;;;162;
4680;1;16;;;162;
4681;1;4;;;162;
4682;1;4;;;162;
4683;1;3;;;162;
4684;1;3;;;162;
4685;1;20;;;162;
4686;1;3;;;162;
4687;1;6;;;162;
4688;1;4;;;162;
4689;1;25;;;;
4690;1;19;;;;
4691;1;17;;;;
4692;1;15;;;;
4693;1;17;;;;
4694;1;19;;;;
4695;1;5;;;;
4696;1;15;;;;
4697;1;13;;;;
4698;1;28;;;;
4699;1;26;;;;
4700;1;26;;;;
4701;1;28;;;;
4702;1;10;;;;
4703;1;14;;;;
4704;1;14;;;;
4705;1;19;;;;
4706;1;17;;;;
4707;1;15;;;;
4708;1;17;;;;
4709;1;26;;;;
4710;1;28;;;;
4711;1;26;;;;
4712;1;15;;;;
4713;1;28;;;;
4714;1;13;;;;
4715;1;22;;;162;
4716;1;4;;;162;
4717;1;6;;;162;
4718;1;4;;;162;
4719;1;6;;;162;
4720;1;4;;;162;
4721;1;4;;;162;
4722;1;2;;;162;
4723;1;2;;;162;
4724;1;2;;;162;
4725;1;2;;;162;
4726;1;6;;;162;
4727;1;4;;;162;
4728;1;3;;;162;
4729;1;4;;;162;
4730;1;16;;;162;
4731;1;3;;;162;
4732;1;6;;;162;
4733;1;22;;;162;
4734;1;4;;;162;
4735;1;28;;;;
4736;1;26;;;;
4737;1;17;;;;
4738;1;17;;;;
4739;1;15;;;;
4740;1;5;;;;
4741;1;26;;;;
4742;1;26;;;;
4743;1;10;;;;
4744;1;26;;;;
4745;1;17;;;;
4746;1;15;;;;
4747;1;26;;;;
4748;1;26;;;;
4749;1;4;;;162;
4750;1;20;;;162;
4751;1;3;;;162;
4752;1;6;;;162;
4753;1;4;;;162;
4754;1;2;;;162;
4755;1;2;;;162;
4756;1;22;;;162;
4757;1;6;;;162;
4758;1;4;;;162;
4759;1;4;;;162;
4760;1;4;;;162;
4761;1;3;;;162;
4762;1;6;;;162;
4763;1;4;;;162;
4764;1;16;;;162;
4765;1;3;;;162;
4766;1;26;;;;
4767;1;19;;;;
4768;1;19;;;;
4769;1;17;;;;
4770;1;7;;;;
4771;1;27;;;;
4772;1;27;;;;
4773;1;9;;;;
4774;1;27;;;;
4775;1;19;;;;
4776;1;17;;;;
4777;1;27;;;;
4778;1;27;;;;
4779;1;6;;;162;
4780;1;16;;;162;
4781;1;4;;;162;
4782;1;2;;;162;
4783;1;2;;;162;
4784;1;22;;;162;
4785;1;4;;;162;
4786;1;6;;;162;
4787;1;4;;;162;
4788;1;4;;;162;
4789;1;4;;;162;
4790;1;6;;;162;
4791;1;4;;;162;
4792;1;3;;;162;
4793;1;4;;;162;
4794;1;16;;;162;
4795;1;3;;;162;
4796;1;27;;;;
4797;1;19;;;;
4798;1;19;;;;
4799;1;17;;;;
4800;1;17;;;;
4801;1;19;;;;
4802;1;7;;;;
4803;1;12;;;;
4804;1;12;;;;
4805;1;26;;;;
4806;1;26;;;;
4807;1;26;;;;
4808;1;26;;;;
4809;1;8;;;;
4810;1;15;;;;
4811;1;15;;;;
4812;1;19;;;;
4813;1;17;;;;
4814;1;26;;;;
4815;1;26;;;;
4816;1;26;;;;
4817;1;4;;;162;
4818;1;22;;;162;
4819;1;6;;;162;
4820;1;4;;;162;
4821;1;6;;;162;
4822;1;4;;;162;
4823;1;4;;;162;
4824;1;4;;;162;
4825;1;4;;;162;
4826;1;3;;;162;
4827;1;4;;;162;
4828;1;4;;;162;
4829;1;16;;;162;
4830;1;4;;;162;
4831;1;3;;;162;
4832;1;16;;;162;
4833;1;3;;;162;
4834;1;6;;;162;
4835;1;26;;;;
4836;1;26;;;;
4837;1;19;;;;
4838;1;17;;;;
4839;1;7;;;;
4840;1;19;;;;
4841;1;7;;;;
4842;1;15;;;;
4843;1;28;;;;
4844;1;28;;;;
4845;1;10;;;;
4846;1;14;;;;
4847;1;19;;;;
4848;1;17;;;;
4849;1;28;;;;
4850;1;28;;;;
4851;1;15;;;;
4852;1;3;;;162;
4853;1;6;;;162;
4854;1;6;;;162;
4855;1;4;;;162;
4856;1;4;;;162;
4857;1;16;;;162;
4858;1;4;;;162;
4859;1;22;;;162;
4860;1;4;;;162;
4861;1;2;;;162;
4862;1;2;;;162;
4863;1;2;;;162;
4864;1;2;;;162;
4865;1;4;;;162;
4866;1;16;;;162;
4867;1;3;;;162;
4868;1;6;;;162;
4869;1;16;;;162;
4870;1;4;;;162;
4871;1;28;;;;
4872;1;19;;;;
4873;1;17;;;;
4874;1;15;;;;
4875;1;7;;;;
4876;1;19;;;;
4877;1;7;;;;
4878;1;28;;;;
4879;1;28;;;;
4880;1;10;;;;
4881;1;28;;;;
4882;1;19;;;;
4883;1;17;;;;
4884;1;15;;;;
4885;1;28;;;;
4886;1;28;;;;
4887;1;4;;;162;
4888;1;22;;;162;
4889;1;3;;;162;
4890;1;4;;;162;
4891;1;16;;;162;
4892;1;3;;;162;
4893;1;4;;;162;
4894;1;16;;;162;
4895;1;3;;;162;
4896;1;6;;;162;
4897;1;4;;;162;
4898;1;2;;;162;
4899;1;2;;;162;
4900;1;6;;;162;
4901;1;6;;;162;
4902;1;4;;;162;
4903;1;4;;;162;
4904;1;6;;;162;
4905;1;8;;;162;
4906;1;16;;;162;
4907;1;4;;;162;
4908;1;4;;;162;
4909;1;28;;;;
4910;1;19;;;;
4911;1;17;;;;
4912;1;15;;;;
4913;1;7;;;;
4914;1;19;;;;
4915;1;7;;;;
4916;1;27;;;;
4917;1;27;;;;
4918;1;9;;;;
4919;1;27;;;;
4920;1;19;;;;
4921;1;17;;;;
4922;1;15;;;;
4923;1;27;;;;
4924;1;27;;;;
4925;1;16;;;162;
4926;1;3;;;162;
4927;1;6;;;162;
4928;1;16;;;162;
4929;1;4;;;162;
4930;1;2;;;162;
4931;1;2;;;162;
4932;1;22;;;162;
4933;1;4;;;162;
4934;1;6;;;162;
4935;1;4;;;162;
4936;1;8;;;162;
4937;1;6;;;162;
4938;1;16;;;162;
4939;1;4;;;162;
4940;1;6;;;162;
4941;1;4;;;162;
4942;1;3;;;162;
4943;1;4;;;162;
4944;1;27;;;;
4945;1;19;;;;
4946;1;17;;;;
4947;1;13;;;;
4948;1;7;;;;
4949;1;19;;;;
4950;1;5;;;;
4951;1;13;;;;
4952;1;25;;;;
4953;1;27;;;;
4954;1;25;;;;
4955;1;27;;;;
4956;1;9;;;;
4957;1;15;;;;
4958;1;19;;;;
4959;1;17;;;;
4960;1;13;;;;
4961;1;25;;;;
4962;1;27;;;;
4963;1;25;;;;
4964;1;27;;;;
4965;1;22;;;162;
4966;1;4;;;162;
4967;1;6;;;162;
4968;1;8;;;162;
4969;1;16;;;162;
4970;1;4;;;162;
4971;1;4;;;162;
4972;1;6;;;162;
4973;1;3;;;162;
4974;1;4;;;162;
4975;1;16;;;162;
4976;1;4;;;162;
4977;1;3;;;162;
4978;1;16;;;162;
4979;1;3;;;162;
4980;1;6;;;162;
4981;1;4;;;162;
4982;1;27;;;;
4983;1;25;;;;
4984;1;17;;;;
4985;1;22;;;;
4986;1;18;;;;
4987;1;13;;;;
4988;1;5;;;;
4989;1;17;;;;
4990;1;10;;;;
4991;1;5;;;;
4992;1;13;;;;
4993;1;18;;;;
4994;1;26;;;;
4995;1;31;;;;
4996;1;31;;;;
4997;1;26;;;;
4998;1;10;;;;
4999;1;14;;;;
5000;1;14;;;;
5001;1;17;;;;
5002;1;22;;;;
5003;1;18;;;;
5004;1;13;;;;
5005;1;31;;;;
5006;1;26;;;;
5007;1;31;;;;
5008;1;26;;;;
5009;1;3;;;162;
5010;1;6;;;162;
5011;1;4;;;162;
5012;1;6;;;162;
5013;1;8;;;162;
5014;1;16;;;162;
5015;1;4;;;162;
5016;1;22;;;162;
5017;1;4;;;162;
5018;1;2;;;162;
5019;1;2;;;162;
5020;1;2;;;162;
5021;1;2;;;162;
5022;1;4;;;162;
5023;1;16;;;162;
5024;1;3;;;162;
5025;1;6;;;162;
5026;1;16;;;162;
5027;1;4;;;162;
5028;1;26;;;;
5029;1;31;;;;
5030;1;19;;;;
5031;1;19;;;;
5032;1;15;;;;
5033;1;7;;;;
5034;1;7;;;;
5035;1;28;;;;
5036;1;28;;;;
5037;1;10;;;;
5038;1;28;;;;
5039;1;19;;;;
5040;1;15;;;;
5041;1;28;;;;
5042;1;28;;;;
5043;1;4;;;162;
5044;1;16;;;162;
5045;1;3;;;162;
5046;1;6;;;162;
5047;1;4;;;162;
5048;1;2;;;162;
5049;1;2;;;162;
5050;1;6;;;162;
5051;1;4;;;162;
5052;1;8;;;162;
5053;1;6;;;162;
5054;1;16;;;162;
5055;1;4;;;162;
5056;1;4;;;162;
5057;1;22;;;162;
5058;1;3;;;162;
5059;1;4;;;162;
5060;1;16;;;162;
5061;1;3;;;162;
5062;1;28;;;;
5063;1;22;;;;
5064;1;22;;;;
5065;1;18;;;;
5066;1;10;;;;
5067;1;10;;;;
5068;1;30;;;;
5069;1;30;;;;
5070;1;9;;;;
5071;1;30;;;;
5072;1;22;;;;
5073;1;18;;;;
5074;1;30;;;;
5075;1;30;;;;
5076;1;6;;;162;
5077;1;16;;;162;
5078;1;4;;;162;
5079;1;2;;;162;
5080;1;2;;;162;
5081;1;6;;;162;
5082;1;4;;;162;
5083;1;6;;;162;
5084;1;8;;;162;
5085;1;16;;;162;
5086;1;4;;;162;
5087;1;22;;;162;
5088;1;4;;;162;
5089;1;3;;;162;
5090;1;4;;;162;
5091;1;16;;;162;
5092;1;3;;;162;
5093;1;30;;;;
5094;1;19;;;;
5095;1;15;;;;
5096;1;7;;;;
5097;1;19;;;;
5098;1;7;;;;
5099;1;13;;;;
5100;1;27;;;;
5101;1;27;;;;
5102;1;9;;;;
5103;1;15;;;;
5104;1;19;;;;
5105;1;15;;;;
5106;1;27;;;;
5107;1;27;;;;
5108;1;6;;;162;
5109;1;4;;;162;
5110;1;6;;;162;
5111;1;8;;;162;
5112;1;16;;;162;
5113;1;4;;;162;
5114;1;4;;;162;
5115;1;3;;;162;
5116;1;22;;;162;
5117;1;4;;;162;
5118;1;16;;;162;
5119;1;4;;;162;
5120;1;3;;;162;
5121;1;16;;;162;
5122;1;3;;;162;
5123;1;6;;;162;
5124;1;4;;;162;
5125;1;27;;;;
5126;1;22;;;;
5127;1;18;;;;
5128;1;10;;;;
5129;1;22;;;;
5130;1;10;;;;
5131;1;18;;;;
5132;1;31;;;;
5133;1;31;;;;
5134;1;10;;;;
5135;1;14;;;;
5136;1;22;;;;
5137;1;18;;;;
5138;1;31;;;;
5139;1;31;;;;
5140;1;3;;;162;
5141;1;4;;;162;
5142;1;6;;;162;
5143;1;8;;;162;
5144;1;16;;;162;
5145;1;4;;;162;
5146;1;31;;;162;
5147;1;4;;;162;
5148;1;4;;;162;
5149;1;16;;;162;
5150;1;2;;;162;
5151;1;2;;;162;
5152;1;2;;;162;
5153;1;2;;;162;
5154;1;6;;;162;
5155;1;6;;;162;
5156;1;22;;;162;
5157;1;4;;;162;
5158;1;31;;;;
5159;1;19;;;;
5160;1;15;;;;
5161;1;7;;;;
5162;1;19;;;;
5163;1;7;;;;
5164;1;28;;;;
5165;1;28;;;;
5166;1;10;;;;
5167;1;28;;;;
5168;1;19;;;;
5169;1;15;;;;
5170;1;28;;;;
5171;1;28;;;;
5172;1;16;;;162;
5173;1;3;;;162;
5174;1;6;;;162;
5175;1;4;;;162;
5176;1;2;;;162;
5177;1;2;;;162;
5178;1;22;;;162;
5179;1;4;;;162;
5180;1;8;;;162;
5181;1;6;;;162;
5182;1;16;;;162;
5183;1;4;;;162;
5184;1;6;;;162;
5185;1;3;;;162;
5186;1;4;;;162;
5187;1;16;;;162;
5188;1;3;;;162;
5189;1;4;;;162;
5190;1;28;;;;
5191;1;17;;;;
5192;1;13;;;;
5193;1;5;;;;
5194;1;17;;;;
5195;1;5;;;;
5196;1;26;;;;
5197;1;26;;;;
5198;1;10;;;;
5199;1;17;;;;
5200;1;13;;;;
5201;1;26;;;;
5202;1;26;;;;
5203;1;3;;;162;
5204;1;6;;;162;
5205;1;4;;;162;
5206;1;2;;;162;
5207;1;2;;;162;
5208;1;6;;;162;
5209;1;4;;;162;
5210;1;14;;;162;
5211;1;16;;;162;
5212;1;4;;;162;
5213;1;3;;;162;
5214;1;22;;;162;
5215;1;4;;;162;
5216;1;16;;;162;
5217;1;3;;;162;
5218;1;4;;;162;
5219;1;16;;;162;
5220;1;26;;;;
5221;1;7;;;;
5222;1;7;;;;
5223;1;7;;;;
5224;1;6;;;;
5225;1;6;;;;
5226;1;6;;;;
5227;1;7;;;;
5228;1;7;;;;
5229;1;7;;;;
5230;1;6;;;;
5231;1;6;;;;
5232;1;6;;;;
5233;1;7;;;;
5234;1;7;;;;
5235;1;7;;;;
5236;1;7;;;;
5237;1;5;;;;
5238;1;5;;;;
5239;1;5;;;;
5240;1;7;;;;
5241;1;7;;;;
5242;1;6;;;;
5243;1;6;;;;
5244;1;6;;;;
5245;1;7;;;;
5246;1;7;;;;
5247;1;7;;;;
5248;1;6;;;;
5249;1;6;;;;
5250;1;6;;;;
5251;1;7;;;;
5252;1;7;;;;
5253;1;7;;;;
5254;1;6;;;;
5255;1;6;;;;
5256;1;6;;;;
5257;1;7;;;;
5258;1;7;;;;
5259;1;7;;;;
5260;1;6;;;;
5261;1;6;;;;
5262;1;7;;;;
5263;1;7;;;;
5264;1;7;;;;
5265;1;7;;;;
5266;1;7;;;;
5267;1;7;;;;
5268;1;7;;;;
5269;1;7;;;;
5270;1;7;;;;
5271;1;7;;;;
5272;1;7;;;;
5273;1;7;;;;
5274;1;7;;;;
5275;1;7;;;;
5276;1;7;;;;
5277;1;6;;;;
5278;1;6;;;;
5279;1;7;;;;
5280;1;7;;;;
5281;1;6;;;;
5282;1;6;;;;
5283;1;7;;;;
5284;1;7;;;;
5285;1;6;;;;
5286;1;6;;;;
5287;1;7;;;;
5288;1;7;;;;
5289;1;7;;;;
5290;1;6;;;;
5291;1;6;;;;
5292;1;7;;;;
5293;1;7;;;;
5294;1;6;;;;
5295;1;6;;;;
5296;1;7;;;;
5297;1;7;;;;
5298;1;6;;;;
5299;1;6;;;;
5300;1;6;;;;
5301;1;7;;;;
5302;1;7;;;;
5303;1;6;;;;
5304;1;6;;;;
5305;1;7;;;;
5306;1;7;;;;
5307;1;6;;;;
5308;1;6;;;;
5309;1;7;;;;
5310;1;7;;;;
5311;1;7;;;;
5312;1;7;;;;
5313;1;9;;;;
5314;1;9;;;;
5315;1;9;;;;
5316;1;10;;;;
5317;1;9;;;;
5318;1;2;;;162;
5319;1;8;;;162;
5320;1;3;;;162;
5321;1;3;;;162;
5322;1;2;;;162;
5323;1;8;;;162;
5324;1;3;;;162;
5325;1;3;;;162;
5326;1;9;;;;
5327;1;9;;;;
5328;1;9;;;;
5329;1;10;;;;
5330;1;9;;;;
5331;1;8;;;162;
5332;1;2;;;162;
5333;1;3;;;162;
5334;1;3;;;162;
5335;1;8;;;162;
5336;1;2;;;162;
5337;1;3;;;162;
5338;1;3;;;162;
5339;1;9;;;;
5340;1;9;;;;
5341;1;9;;;;
5342;1;9;;;;
5343;1;9;;;;
5344;1;9;;;;
5345;1;9;;;;
5346;1;9;;;;
5347;1;9;;;;
5348;1;9;;;;
5349;1;9;;;;
5350;1;9;;;;
5351;1;9;;;;
5352;1;9;;;;
5353;1;10;;;;
5354;1;9;;;;
5355;1;3;;;162;
5356;1;3;;;162;
5357;1;8;;;162;
5358;1;2;;;162;
5359;1;3;;;162;
5360;1;3;;;162;
5361;1;2;;;162;
5362;1;8;;;162;
5363;1;3;;;162;
5364;1;3;;;162;
5365;1;2;;;162;
5366;1;8;;;162;
5367;1;9;;;;
5368;1;9;;;;
5369;1;9;;;;
5370;1;10;;;;
5371;1;9;;;;
5372;1;3;;;162;
5373;1;3;;;162;
5374;1;8;;;162;
5375;1;2;;;162;
5376;1;3;;;162;
5377;1;3;;;162;
5378;1;2;;;162;
5379;1;8;;;162;
5380;1;3;;;162;
5381;1;3;;;162;
5382;1;2;;;162;
5383;1;8;;;162;
5384;1;9;;;;
5385;1;9;;;;
5386;1;9;;;;
5387;1;9;;;;
5388;1;9;;;;
5389;1;9;;;;
5390;1;9;;;;
5391;1;7;;;;
5392;1;7;;;;
5393;1;7;;;;
5394;1;7;;;;
5395;1;7;;;;
5396;1;7;;;162;
5397;1;7;;;;
5398;1;7;;;;
5399;1;7;;;;
5400;1;7;;;162;
5401;1;7;;;;
5402;1;7;;;;
5403;1;7;;;;
5404;1;7;;;;
5405;1;7;;;;
5406;1;7;;;;
5407;1;6;;;;
5408;1;6;;;;
5409;1;6;;;;
5410;1;6;;;;
5411;1;6;;;;
5412;1;6;;;;
5413;1;6;;;;
5414;1;6;;;;
5415;1;7;;;;
5416;1;7;;;;
5417;1;7;;;;
5418;1;7;;;;
5419;1;7;;;;
5420;1;7;;;;
5421;1;7;;;;
5422;1;7;;;;
5423;1;7;;;;
5424;1;7;;;;
5425;1;7;;;;
5426;1;7;;;;
5427;1;7;;;;
5428;1;7;;;;
5429;1;7;;;162;
5430;1;7;;;;
5431;1;7;;;;
5432;1;7;;;;
5433;1;7;;;162;
5434;1;7;;;;
5435;1;7;;;;
5436;1;7;;;;
5437;1;7;;;162;
5438;1;26;;;63;
5439;1;26;;;63;
5440;1;4;;;63;
5441;1;10;;;92;
5442;1;4;;;92;
5443;1;10;;;92;
5444;1;4;;;63;
5445;1;4;;;63;
5446;1;7;S25;;;
5446;1;7;F28;;;
5446;1;7;F28;;;
5446;1;28;;;63;
5447;1;7;S25;;;
5447;1;7;F28;;;
5447;1;7;F28;;;
5447;1;28;;;92;
5448;1;6;S25;;;
5448;1;6;F28;;;
5448;1;6;F28;;;
5448;1;6;;;63;
5449;1;10;;;92;
5450;1;6;S25;;;
5450;1;6;F28;;;
5450;1;6;F28;;;
5450;1;6;;;92;
5451;1;10;;;92;
5452;1;6;S25;;;
5452;1;6;F28;;;
5452;1;6;F28;;;
5452;1;6;;;63;
5453;1;6;S25;;;
5453;1;6;F28;;;
5453;1;6;F28;;;
5453;1;6;;;92;
5454;1;28;;;63;
5455;1;28;;;92;
5456;1;6;;;63;
5457;1;10;;;92;
5458;1;6;;;92;
5459;1;10;;;92;
5460;1;6;;;63;
5461;1;6;;;92;
5462;1;4;S25;;;
5462;1;4;F28;;;
5462;1;4;F28;;;
5462;1;25;;;63;
5463;1;10;;;92;
5464;1;10;;;92;
5465;1;3;S25;;;
5465;1;3;F28;;;
5465;1;3;F28;;;
5465;1;3;;;92;
5466;1;3;S25;;;
5466;1;3;F28;;;
5466;1;3;F28;;;
5466;1;3;;;63;
5467;1;3;S25;;;
5467;1;3;F28;;;
5467;1;3;F28;;;
5467;1;3;;;92;
5468;1;17;;;63;
5469;1;4;;;92;
5470;1;4;;;92;
5471;1;4;;;63;
5472;1;4;;;92;
5473;1;5;S25;;;
5473;1;5;F28;;;
5473;1;5;F28;;;
5473;1;26;;;63;
5474;1;10;;;92;
5475;1;4;S25;;;
5475;1;4;F28;;;
5475;1;4;F28;;;
5475;1;4;;;92;
5476;1;4;S25;;;
5476;1;4;F28;;;
5476;1;4;F28;;;
5476;1;4;;;63;
5477;1;4;S25;;;
5477;1;4;F28;;;
5477;1;4;F28;;;
5477;1;4;;;92;
5478;1;28;;;92;
5479;1;6;;;92;
5480;1;10;;;92;
5481;1;6;;;92;
5482;1;6;;;92;
5483;1;6;S25;;;
5483;1;6;F28;;;
5483;1;6;F28;;;
5483;1;18;;;63;
5484;1;5;S25;;;
5484;1;5;F28;;;
5484;1;5;F28;;;
5484;1;5;;;92;
5485;1;5;S25;;;
5485;1;5;F28;;;
5485;1;5;F28;;;
5485;1;5;;;63;
5486;1;5;S25;;;
5486;1;5;F28;;;
5486;1;5;F28;;;
5486;1;5;;;92;
5487;1;16;F28;;;
5487;1;16;F28;;;
5487;1;16;S46;;;
5487;1;16;F48;;;
5487;1;16;;;92;
5488;1;9;F28;;;
5488;1;9;F28;;;
5488;1;9;S46;;;
5488;1;9;F48;;;
5488;1;9;;;92;
5489;1;16;F28;;;
5489;1;16;F28;;;
5489;1;16;S46;;;
5489;1;16;F48;;;
5489;1;16;;;92;
5490;1;16;F28;;;
5490;1;16;F28;;;
5490;1;16;S46;;;
5490;1;16;F48;;;
5490;1;16;;;92;
5491;1;8;F28;;;
5491;1;8;F28;;;
5491;1;8;S46;;;
5491;1;8;F48;;;
5491;1;8;;;92;
5492;1;16;F28;;;
5492;1;16;F28;;;
5492;1;16;S46;;;
5492;1;16;F48;;;
5492;1;16;;;92;
5493;1;14;;;162;
5494;1;3;;;162;
5495;1;3;;;162;
5496;1;5;;;162;
5497;1;2;;;162;
5498;1;16;F28;;;
5498;1;16;F28;;;
5498;1;16;S46;;;
5498;1;16;F48;;;
5498;1;16;;;92;
5499;1;21;F28;;;
5499;1;21;F28;;;
5499;1;21;S46;;;
5499;1;21;F48;;;
5499;1;21;;;92;
5500;1;21;F28;;;
5500;1;21;F28;;;
5500;1;21;S46;;;
5500;1;21;F48;;;
5500;1;21;;;92;
5501;1;18;F28;;;
5501;1;18;F28;;;
5501;1;18;S46;;;
5501;1;18;F48;;;
5501;1;18;;;92;
5502;1;21;F28;;;
5502;1;21;F28;;;
5502;1;21;S46;;;
5502;1;21;F48;;;
5502;1;21;;;92;
5503;1;21;F28;;;
5503;1;21;F28;;;
5503;1;21;S46;;;
5503;1;21;F48;;;
5503;1;21;;;92;
5504;1;21;F28;;;
5504;1;21;F28;;;
5504;1;21;S46;;;
5504;1;21;F48;;;
5504;1;21;;;92;
5505;1;18;;;162;
5506;1;15;;;162;
5507;1;4;;;162;
5508;1;2;;;162;
5509;1;4;;;162;
5510;1;4;;;162;
5511;1;2;;;162;
5512;1;6;;;162;
5513;1;18;;;162;
5514;1;15;;;162;
5515;1;21;F28;;;
5515;1;21;F28;;;
5515;1;21;S46;;;
5515;1;21;F48;;;
5515;1;21;;;92;
5516;1;21;F28;;;
5516;1;21;F28;;;
5516;1;21;S46;;;
5516;1;21;F48;;;
5516;1;21;;;92;
5517;1;18;F28;;;
5517;1;18;F28;;;
5517;1;18;S46;;;
5517;1;18;F48;;;
5517;1;18;;;92;
5518;1;21;F28;;;
5518;1;21;F28;;;
5518;1;21;S46;;;
5518;1;21;F48;;;
5518;1;21;;;92;
5519;1;21;F28;;;
5519;1;21;F28;;;
5519;1;21;S46;;;
5519;1;21;F48;;;
5519;1;21;;;92;
5520;1;2;;;162;
5521;1;4;;;162;
5522;1;15;;;162;
5523;1;18;;;162;
5524;1;4;;;162;
5525;1;2;;;162;
5526;1;4;;;162;
5527;1;4;;;162;
5528;1;6;;;162;
5529;1;2;;;162;
5530;1;15;;;162;
5531;1;18;;;162;
5532;1;21;F28;;;
5532;1;21;F28;;;
5532;1;21;S46;;;
5532;1;21;F48;;;
5532;1;21;;;92;
5533;1;21;F28;;;
5533;1;21;S46;;;
5533;1;21;F13;;;
5533;1;21;F11;;;
5533;1;21;;;101;
5534;1;21;F28;;;
5534;1;21;S46;;;
5534;1;21;F13;;;
5534;1;21;F11;;;
5534;1;21;;;101;
5535;1;21;F28;;;
5535;1;21;S46;;;
5535;1;21;F13;;;
5535;1;21;F11;;;
5535;1;21;;;101;
5536;1;21;F28;;;
5536;1;21;S46;;;
5536;1;21;F13;;;
5536;1;21;F11;;;
5536;1;21;;;101;
5537;1;21;F28;;;
5537;1;21;S46;;;
5537;1;21;F13;;;
5537;1;21;F11;;;
5537;1;21;;;101;
5538;1;4;;;162;
5539;1;4;;;162;
5540;1;4;;;162;
5541;1;21;F28;;;
5541;1;21;S46;;;
5541;1;21;F13;;;
5541;1;21;F11;;;
5541;1;21;;;101;
5542;1;21;F28;;;
5542;1;21;S46;;;
5542;1;21;F13;;;
5542;1;21;F11;;;
5542;1;21;;;101;
5543;1;21;F28;;;
5543;1;21;S46;;;
5543;1;21;F13;;;
5543;1;21;F11;;;
5543;1;21;;;101;
5544;1;21;F28;;;
5544;1;21;S46;;;
5544;1;21;F13;;;
5544;1;21;F11;;;
5544;1;21;;;101;
5545;1;4;;;162;
5546;1;4;;;162;
5547;1;6;;;162;
5548;1;2;;;162;
5549;1;7;F28;;;
5549;1;7;F28;;;
5549;1;7;S46;;;
5549;1;7;F48;;;
5549;1;7;;;92;
5550;1;7;F28;;;
5550;1;7;F28;;;
5550;1;7;S46;;;
5550;1;7;F48;;;
5550;1;7;;;92;
5551;1;7;F28;;;
5551;1;7;F28;;;
5551;1;7;S46;;;
5551;1;7;F48;;;
5551;1;7;;;92;
5552;1;11;F28;;;
5552;1;11;F28;;;
5552;1;11;S46;;;
5552;1;11;F48;;;
5552;1;11;;;92;
5553;1;10;F28;;;
5553;1;10;F28;;;
5553;1;10;S46;;;
5553;1;10;F48;;;
5553;1;10;;;92;
5554;1;11;F28;;;
5554;1;11;F28;;;
5554;1;11;S46;;;
5554;1;11;F48;;;
5554;1;11;;;92;
5555;1;10;F28;;;
5555;1;10;F28;;;
5555;1;10;S46;;;
5555;1;10;F48;;;
5555;1;10;;;92;
5556;1;11;F28;;;
5556;1;11;F28;;;
5556;1;11;S46;;;
5556;1;11;F48;;;
5556;1;11;;;92;
5557;1;18;F28;;;
5557;1;18;F28;;;
5557;1;18;S46;;;
5557;1;18;F48;;;
5557;1;18;;;92;
5558;1;16;F28;;;
5558;1;16;F28;;;
5558;1;16;S46;;;
5558;1;16;F48;;;
5558;1;16;;;92;
5559;1;18;F28;;;
5559;1;18;F28;;;
5559;1;18;S46;;;
5559;1;18;F48;;;
5559;1;18;;;92;
5560;1;12;F28;;;
5560;1;12;F28;;;
5560;1;12;S46;;;
5560;1;12;F48;;;
5560;1;12;;;92;
5561;1;18;F28;;;
5561;1;18;F28;;;
5561;1;18;S46;;;
5561;1;18;F48;;;
5561;1;18;;;92;
5562;1;18;F28;;;
5562;1;18;F28;;;
5562;1;18;S46;;;
5562;1;18;F48;;;
5562;1;18;;;92;
5563;1;18;F28;;;
5563;1;18;F28;;;
5563;1;18;S46;;;
5563;1;18;F48;;;
5563;1;18;;;92;
5564;1;18;F28;;;
5564;1;18;F28;;;
5564;1;18;S46;;;
5564;1;18;F48;;;
5564;1;18;;;92;
5565;1;18;F28;;;
5565;1;18;F28;;;
5565;1;18;S46;;;
5565;1;18;F48;;;
5565;1;18;;;92;
5566;1;2;;;162;
5567;1;3;;;162;
5568;1;16;;;162;
5569;1;13;;;162;
5570;1;3;;;162;
5571;1;2;;;162;
5572;1;3;;;162;
5573;1;4;;;162;
5574;1;4;;;162;
5575;1;2;;;162;
5576;1;5;;;162;
5577;1;3;;;162;
5578;1;4;;;162;
5579;1;2;;;162;
5580;1;18;;;92;
5581;1;18;F28;;;
5581;1;18;F28;;;
5581;1;18;S46;;;
5581;1;18;F48;;;
5581;1;18;;;92;
5582;1;18;F28;;;
5582;1;18;F28;;;
5582;1;18;S46;;;
5582;1;18;F48;;;
5582;1;18;;;92;
5583;1;16;F28;;;
5583;1;16;F28;;;
5583;1;16;S46;;;
5583;1;16;F48;;;
5583;1;16;;;92;
5584;1;18;F28;;;
5584;1;18;F28;;;
5584;1;18;S46;;;
5584;1;18;F48;;;
5584;1;18;;;92;
5585;1;18;F28;;;
5585;1;18;F28;;;
5585;1;18;S46;;;
5585;1;18;F48;;;
5585;1;18;;;92;
5586;1;13;;;162;
5587;1;15;;;162;
5588;1;3;;;162;
5589;1;2;;;162;
5590;1;3;;;162;
5591;1;4;;;162;
5592;1;6;;;162;
5593;1;2;;;162;
5594;1;18;F28;;;
5594;1;18;F28;;;
5594;1;18;S46;;;
5594;1;18;F48;;;
5594;1;18;;;92;
5595;1;16;F28;;;
5595;1;16;F28;;;
5595;1;16;S46;;;
5595;1;16;F48;;;
5595;1;16;;;92;
5596;1;14;F28;;;
5596;1;14;F28;;;
5596;1;14;S46;;;
5596;1;14;F48;;;
5596;1;14;;;92;
5597;1;16;F28;;;
5597;1;16;F28;;;
5597;1;16;S46;;;
5597;1;16;F48;;;
5597;1;16;;;92;
5598;1;16;F28;;;
5598;1;16;F28;;;
5598;1;16;S46;;;
5598;1;16;F48;;;
5598;1;16;;;92;
5599;1;13;;;162;
5600;1;11;;;162;
5601;1;3;;;162;
5602;1;2;;;162;
5603;1;3;;;162;
5604;1;2;;;162;
5605;1;2;;;162;
5606;1;4;;;162;
5607;1;16;F28;;;
5607;1;16;F28;;;
5607;1;16;S46;;;
5607;1;16;F48;;;
5607;1;16;;;92;
5608;1;17;F28;;;
5608;1;17;F28;;;
5608;1;17;S46;;;
5608;1;17;F48;;;
5608;1;17;;;92;
5609;1;15;F28;;;
5609;1;15;F28;;;
5609;1;15;S46;;;
5609;1;15;F48;;;
5609;1;15;;;92;
5610;1;17;F28;;;
5610;1;17;F28;;;
5610;1;17;S46;;;
5610;1;17;F48;;;
5610;1;17;;;92;
5611;1;17;F28;;;
5611;1;17;F28;;;
5611;1;17;S46;;;
5611;1;17;F48;;;
5611;1;17;;;92;
5612;1;15;;;162;
5613;1;13;;;162;
5614;1;3;;;162;
5615;1;2;;;162;
5616;1;3;;;162;
5617;1;3;;;162;
5618;1;5;;;162;
5619;1;2;;;162;
5620;1;15;;;162;
5621;1;13;;;162;
5622;1;17;;;92;
5623;1;18;F28;;;
5623;1;18;F28;;;
5623;1;18;S46;;;
5623;1;18;F48;;;
5623;1;18;;;92;
5624;1;18;F28;;;
5624;1;18;F28;;;
5624;1;18;S46;;;
5624;1;18;F48;;;
5624;1;18;;;92;
5625;1;19;F28;;;
5625;1;19;F28;;;
5625;1;19;S46;;;
5625;1;19;F48;;;
5625;1;19;;;92;
5626;1;19;F28;;;
5626;1;19;F28;;;
5626;1;19;S46;;;
5626;1;19;F48;;;
5626;1;19;;;92;
5627;1;19;F28;;;
5627;1;19;F28;;;
5627;1;19;S46;;;
5627;1;19;F48;;;
5627;1;19;;;92;
5628;1;18;F28;;;
5628;1;18;F28;;;
5628;1;18;S46;;;
5628;1;18;F48;;;
5628;1;18;;;92;
5629;1;19;F28;;;
5629;1;19;F28;;;
5629;1;19;S46;;;
5629;1;19;F48;;;
5629;1;19;;;92;
5630;1;18;F28;;;
5630;1;18;F28;;;
5630;1;18;S46;;;
5630;1;18;F48;;;
5630;1;18;;;92;
5631;1;19;F28;;;
5631;1;19;F28;;;
5631;1;19;S46;;;
5631;1;19;F48;;;
5631;1;19;;;92;
5632;1;16;;;162;
5633;1;4;;;162;
5634;1;3;;;162;
5635;1;2;;;162;
5636;1;5;;;162;
5637;1;16;;;162;
5638;1;19;F28;;;
5638;1;19;F28;;;
5638;1;19;S46;;;
5638;1;19;F48;;;
5638;1;19;;;92;
5639;1;16;F28;;;
5639;1;16;F28;;;
5639;1;16;S46;;;
5639;1;16;F48;;;
5639;1;16;;;92;
5640;1;18;F28;;;
5640;1;18;F28;;;
5640;1;18;S46;;;
5640;1;18;F48;;;
5640;1;18;;;92;
5641;1;18;F28;;;
5641;1;18;F28;;;
5641;1;18;S46;;;
5641;1;18;F48;;;
5641;1;18;;;92;
5642;1;13;F28;;;
5642;1;13;F28;;;
5642;1;13;S46;;;
5642;1;13;F48;;;
5642;1;13;;;92;
5643;1;18;F28;;;
5643;1;18;F28;;;
5643;1;18;S46;;;
5643;1;18;F48;;;
5643;1;18;;;92;
5644;1;18;F28;;;
5644;1;18;F28;;;
5644;1;18;S46;;;
5644;1;18;F48;;;
5644;1;18;;;92;
5645;1;19;F28;;;
5645;1;19;F28;;;
5645;1;19;S46;;;
5645;1;19;F48;;;
5645;1;19;;;92;
5646;1;18;F28;;;
5646;1;18;F28;;;
5646;1;18;S46;;;
5646;1;18;F48;;;
5646;1;18;;;92;
5647;1;18;F28;;;
5647;1;18;F28;;;
5647;1;18;S46;;;
5647;1;18;F48;;;
5647;1;18;;;92;
5648;1;16;;;162;
5649;1;4;;;162;
5650;1;2;;;162;
5651;1;4;;;162;
5652;1;3;;;162;
5653;1;5;;;162;
5654;1;2;;;162;
5655;1;5;;;162;
5656;1;2;;;162;
5657;1;5;;;162;
5658;1;16;;;162;
5659;1;19;;;92;
5660;1;18;;;92;
5661;1;19;F28;;;
5661;1;19;F28;;;
5661;1;19;S46;;;
5661;1;19;F48;;;
5661;1;19;;;92;
5662;1;16;F28;;;
5662;1;16;F28;;;
5662;1;16;S46;;;
5662;1;16;F48;;;
5662;1;16;;;92;
5663;1;19;F28;;;
5663;1;19;F28;;;
5663;1;19;S46;;;
5663;1;19;F48;;;
5663;1;19;;;92;
5664;1;19;F28;;;
5664;1;19;F28;;;
5664;1;19;S46;;;
5664;1;19;F48;;;
5664;1;19;;;92;
5665;1;16;;;162;
5666;1;4;;;162;
5667;1;2;;;162;
5668;1;3;;;162;
5669;1;2;;;162;
5670;1;5;;;162;
5671;1;16;;;162;
5672;1;19;F28;;;
5672;1;19;F28;;;
5672;1;19;S46;;;
5672;1;19;F48;;;
5672;1;19;;;92;
5673;1;12;F28;;;
5673;1;12;F28;;;
5673;1;12;S46;;;
5673;1;12;F48;;;
5673;1;12;;;92;
5674;1;12;F28;;;
5674;1;12;F28;;;
5674;1;12;S46;;;
5674;1;12;F48;;;
5674;1;12;;;92;
5675;1;12;F28;;;
5675;1;12;F28;;;
5675;1;12;S46;;;
5675;1;12;F48;;;
5675;1;12;;;92;
5676;1;2;;;92;
5677;1;12;;;92;
5678;1;13;F28;;;
5678;1;13;F28;;;
5678;1;13;S46;;;
5678;1;13;F48;;;
5678;1;13;;;92;
5679;1;13;F28;;;
5679;1;13;F28;;;
5679;1;13;S46;;;
5679;1;13;F48;;;
5679;1;13;;;92;
5680;1;13;F28;;;
5680;1;13;F28;;;
5680;1;13;S46;;;
5680;1;13;F48;;;
5680;1;13;;;92;
5681;1;2;;;92;
5682;1;13;F28;;;
5682;1;13;F28;;;
5682;1;13;S46;;;
5682;1;13;F48;;;
5682;1;13;;;92;
5683;1;13;;;92;
5684;1;13;F28;;;
5684;1;13;F28;;;
5684;1;13;S46;;;
5684;1;13;F48;;;
5684;1;13;;;92;
5685;1;13;F28;;;
5685;1;13;F28;;;
5685;1;13;S46;;;
5685;1;13;F48;;;
5685;1;13;;;92;
5686;1;13;F28;;;
5686;1;13;F28;;;
5686;1;13;S46;;;
5686;1;13;F48;;;
5686;1;13;;;92;
5687;1;12;F28;;;
5687;1;12;F28;;;
5687;1;12;S46;;;
5687;1;12;F48;;;
5687;1;12;;;92;
5688;1;12;F28;;;
5688;1;12;F28;;;
5688;1;12;S46;;;
5688;1;12;F48;;;
5688;1;12;;;92;
5689;1;13;F28;;;
5689;1;13;F28;;;
5689;1;13;S46;;;
5689;1;13;F48;;;
5689;1;13;;;92;
5690;1;13;F28;;;
5690;1;13;F28;;;
5690;1;13;S46;;;
5690;1;13;F48;;;
5690;1;13;;;92;
5691;1;13;F28;;;
5691;1;13;F28;;;
5691;1;13;S46;;;
5691;1;13;F48;;;
5691;1;13;;;92;
5692;1;13;F28;;;
5692;1;13;F28;;;
5692;1;13;S46;;;
5692;1;13;F48;;;
5692;1;13;;;92;
5693;1;13;;;92;
5694;1;15;F28;;;
5694;1;15;F28;;;
5694;1;15;S46;;;
5694;1;15;F48;;;
5694;1;15;;;92;
5695;1;15;F28;;;
5695;1;15;F28;;;
5695;1;15;S46;;;
5695;1;15;F48;;;
5695;1;15;;;92;
5696;1;15;F28;;;
5696;1;15;F28;;;
5696;1;15;S46;;;
5696;1;15;F48;;;
5696;1;15;;;92;
5697;1;15;;;92;
5698;1;13;F28;;;
5698;1;13;F28;;;
5698;1;13;S46;;;
5698;1;13;F48;;;
5698;1;13;;;92;
5699;1;13;F28;;;
5699;1;13;F28;;;
5699;1;13;S46;;;
5699;1;13;F48;;;
5699;1;13;;;92;
5700;1;14;F28;;;
5700;1;14;F28;;;
5700;1;14;S46;;;
5700;1;14;F48;;;
5700;1;14;;;92;
5701;1;14;F28;;;
5701;1;14;F28;;;
5701;1;14;S46;;;
5701;1;14;F48;;;
5701;1;14;;;92;
5702;1;14;F28;;;
5702;1;14;F28;;;
5702;1;14;S46;;;
5702;1;14;F48;;;
5702;1;14;;;92;
5703;1;15;F28;;;
5703;1;15;F28;;;
5703;1;15;S46;;;
5703;1;15;F48;;;
5703;1;15;;;92;
5704;1;14;F28;;;
5704;1;14;F28;;;
5704;1;14;S46;;;
5704;1;14;F48;;;
5704;1;14;;;92;
5705;1;15;F28;;;
5705;1;15;F28;;;
5705;1;15;S46;;;
5705;1;15;F48;;;
5705;1;15;;;92;
5706;1;15;F28;;;
5706;1;15;F28;;;
5706;1;15;S46;;;
5706;1;15;F48;;;
5706;1;15;;;92;
5707;1;15;F28;;;
5707;1;15;F28;;;
5707;1;15;S46;;;
5707;1;15;F48;;;
5707;1;15;;;92;
5708;1;15;F28;;;
5708;1;15;F28;;;
5708;1;15;S46;;;
5708;1;15;F48;;;
5708;1;15;;;92;
5709;1;15;F28;;;
5709;1;15;F28;;;
5709;1;15;S46;;;
5709;1;15;F48;;;
5709;1;15;;;92;
5710;1;16;F28;;;
5710;1;16;F28;;;
5710;1;16;S46;;;
5710;1;16;F48;;;
5710;1;16;;;92;
5711;1;16;F28;;;
5711;1;16;F28;;;
5711;1;16;S46;;;
5711;1;16;F48;;;
5711;1;16;;;92;
5712;1;16;F28;;;
5712;1;16;F28;;;
5712;1;16;S46;;;
5712;1;16;F48;;;
5712;1;16;;;92;
5713;1;16;F28;;;
5713;1;16;F28;;;
5713;1;16;S46;;;
5713;1;16;F48;;;
5713;1;16;;;92;
5714;1;16;F28;;;
5714;1;16;F28;;;
5714;1;16;S46;;;
5714;1;16;F48;;;
5714;1;16;;;92;
5715;1;16;F28;;;
5715;1;16;F28;;;
5715;1;16;S46;;;
5715;1;16;F48;;;
5715;1;16;;;92;
5716;1;16;F28;;;
5716;1;16;F28;;;
5716;1;16;S46;;;
5716;1;16;F48;;;
5716;1;16;;;92;
5717;1;16;F28;;;
5717;1;16;F28;;;
5717;1;16;S46;;;
5717;1;16;F48;;;
5717;1;16;;;101;
5718;1;16;F28;;;
5718;1;16;F28;;;
5718;1;16;S46;;;
5718;1;16;F48;;;
5718;1;16;;;101;
5719;1;16;F28;;;
5719;1;16;F28;;;
5719;1;16;S46;;;
5719;1;16;F48;;;
5719;1;16;;;101;
5720;1;16;F28;;;
5720;1;16;F28;;;
5720;1;16;S46;;;
5720;1;16;F48;;;
5720;1;16;;;101;
5721;1;16;F28;;;
5721;1;16;F28;;;
5721;1;16;S46;;;
5721;1;16;F48;;;
5721;1;16;;;101;
5722;1;16;F28;;;
5722;1;16;F28;;;
5722;1;16;S46;;;
5722;1;16;F48;;;
5722;1;16;;;101;
5723;1;16;F28;;;
5723;1;16;F28;;;
5723;1;16;S46;;;
5723;1;16;F48;;;
5723;1;16;;;101;
5724;1;16;F28;;;
5724;1;16;S46;;;
5724;1;16;F13;;;
5724;1;16;F11;;;
5724;1;16;;;101;
5725;1;16;F28;;;
5725;1;16;S46;;;
5725;1;16;F13;;;
5725;1;16;F11;;;
5725;1;16;;;101;
5726;1;16;F28;;;
5726;1;16;S46;;;
5726;1;16;F13;;;
5726;1;16;F11;;;
5726;1;16;;;101;
5727;1;16;F28;;;
5727;1;16;S46;;;
5727;1;16;F13;;;
5727;1;16;F11;;;
5727;1;16;;;92;
5728;1;26;;;;
5729;1;26;;;;
5730;1;26;;;;
5731;1;26;;;;
5732;1;26;;;;
5733;1;26;;;;
5734;1;26;;;;
5735;1;26;;;;
5736;1;26;;;;
5737;1;26;;;;
5738;1;26;;;;
5739;1;26;;;;
5740;1;26;;;;
5741;1;26;;;;
5742;1;26;;;;
5743;1;26;;;;
5744;1;26;;;;
5745;1;26;;;;
5746;1;26;;;;
5747;1;26;;;;
5748;1;26;;;;
5749;1;26;;;;
5750;1;26;;;;
5751;1;26;;;;
5752;1;26;;;;
5753;1;26;;;;
5754;1;26;;;;
5755;1;26;;;;
5756;1;26;;;;
5757;1;26;;;;
5758;1;26;;;;
5759;1;26;;;;
5760;1;26;;;;
5761;1;26;;;;
5762;1;26;;;;
5763;1;26;;;;
5764;1;26;;;;
5765;1;26;;;;
5766;1;26;;;;
5767;1;26;;;;
5768;1;26;;;;
5769;1;26;;;;
5770;1;26;;;;
5771;1;26;;;;
5772;1;26;;;;
5773;1;26;;;;
5774;1;26;;;;
5775;1;26;;;;
5776;1;26;;;;
5777;1;26;;;;
5778;1;26;;;;
5779;1;20;;;;
5780;1;7;;;;
5781;1;26;;;;
5782;1;26;;;;
5783;1;26;;;;
5784;1;20;;;;
5785;1;7;;;;
5786;1;26;;;;
5787;1;26;;;;
5788;1;26;;;;
5789;1;20;;;;
5790;1;7;;;;
5791;1;26;;;;
5792;1;26;;;;
5793;1;20;;;;
5794;1;7;;;;
5795;1;26;;;;
5796;1;26;;;;
5797;1;20;;;;
5798;1;7;;;;
5799;1;26;;;;
5800;1;26;;;;
5801;1;20;;;;
5802;1;7;;;;
5803;1;26;;;;
5804;1;26;;;;
5805;1;20;;;;
5806;1;7;;;;
5807;1;26;;;;
5808;1;26;;;;
5809;1;20;;;;
5810;1;7;;;;
5811;1;26;;;;
5812;1;26;;;;
5813;1;20;;;;
5814;1;7;;;;
5815;1;26;;;;
5816;1;26;;;;
5817;1;26;;;;
5818;1;20;;;;
5819;1;7;;;;
5820;1;26;;;;
5821;1;26;;;;
5822;1;20;;;;
5823;1;7;;;;
5824;1;26;;;;
5825;1;26;;;;
5826;1;26;;;;
5827;1;20;;;;
5828;1;7;;;;
5829;1;26;;;;
5830;1;26;;;;
5831;1;26;;;;
5832;1;20;;;;
5833;1;7;;;;
5834;1;26;;;;
5835;1;26;;;;
5836;1;26;;;;
5837;1;20;;;;
5838;1;7;;;;
5839;1;26;;;;
5840;1;26;;;;
5841;1;26;;;;
5842;1;20;;;;
5843;1;7;;;;
5844;1;26;;;;
5845;1;26;;;;
5846;1;26;;;;
5847;1;20;;;;
5848;1;7;;;;
5849;1;26;;;;
5850;1;26;;;;
5851;1;26;;;;
5852;1;20;;;;
5853;1;7;;;;
5854;1;26;;;;
5855;1;26;;;;
5856;1;26;;;;
5857;1;20;;;;
5858;1;7;;;;
5859;1;26;;;;
5860;1;26;;;;
5861;1;26;;;;
5862;1;20;;;;
5863;1;7;;;;
5864;1;26;;;;
5865;1;26;;;;
5866;1;26;;;;
5867;1;20;;;;
5868;1;7;;;;
5869;1;26;;;;
5870;1;26;;;;
5871;1;31;;;;
5872;1;26;;;;
5873;1;31;;;;
5874;1;31;;;;
5875;1;20;;;;
5876;1;12;;;;
5877;1;26;;;;
5878;1;12;;;;
5879;1;31;;;;
5880;1;20;;;;
5881;1;6;;;162;
5882;1;31;;;;
5883;1;2;;;162;
5884;1;2;;;162;
5885;1;2;;;162;
5886;1;31;;;;
5887;1;20;;;;
5888;1;12;;;;
5889;1;26;;;;
5890;1;12;;;;
5891;1;20;;;;
5892;1;6;;;162;
5893;1;6;;;162;
5894;1;31;;;;
5895;1;2;;;162;
5896;1;2;;;162;
5897;1;2;;;162;
5898;1;31;;;;
5899;1;20;;;;
5900;1;12;;;;
5901;1;26;;;;
5902;1;12;;;;
5903;1;31;;;;
5904;1;20;;;;
5905;1;6;;;162;
5906;1;31;;;;
5907;1;2;;;162;
5908;1;2;;;162;
5909;1;2;;;162;
5910;1;31;;;;
5911;1;31;;;;
5912;1;20;;;;
5913;1;12;;;;
5914;1;26;;;;
5915;1;12;;;;
5916;1;31;;;;
5917;1;20;;;;
5918;1;6;;;162;
5919;1;31;;;;
5920;1;2;;;162;
5921;1;2;;;162;
5922;1;2;;;162;
5923;1;31;;;;
5924;1;20;;;;
5925;1;12;;;;
5926;1;26;;;;
5927;1;19;;;;
5928;1;12;;;;
5929;1;20;;;;
5930;1;6;;;162;
5931;1;8;;;162;
5932;1;5;;;162;
5933;1;8;;;162;
5934;1;31;;;;
5935;1;2;;;162;
5936;1;2;;;162;
5937;1;2;;;162;
5938;1;31;;;;
5939;1;31;;;;
5940;1;20;;;;
5941;1;12;;;;
5942;1;26;;;;
5943;1;19;;;;
5944;1;12;;;;
5945;1;20;;;;
5946;1;6;;;162;
5947;1;6;;;162;
5948;1;7;;;162;
5949;1;8;;;162;
5950;1;31;;;;
5951;1;2;;;162;
5952;1;2;;;162;
5953;1;2;;;162;
5954;1;31;;;;
5955;1;20;;;;
5956;1;12;;;;
5957;1;26;;;;
5958;1;19;;;;
5959;1;12;;;;
5960;1;20;;;;
5961;1;6;;;162;
5962;1;5;;;162;
5963;1;8;;;162;
5964;1;31;;;;
5965;1;2;;;162;
5966;1;2;;;162;
5967;1;2;;;162;
5968;1;31;;;;
5969;1;31;;;;
5970;1;20;;;;
5971;1;12;;;;
5972;1;26;;;;
5973;1;19;;;;
5974;1;12;;;;
5975;1;20;;;;
5976;1;6;;;162;
5977;1;7;;;162;
5978;1;8;;;162;
5979;1;31;;;;
5980;1;2;;;162;
5981;1;2;;;162;
5982;1;2;;;162;
5983;1;31;;;;
5984;1;31;;;;
5985;1;20;;;;
5986;1;12;;;;
5987;1;26;;;;
5988;1;19;;;;
5989;1;12;;;;
5990;1;20;;;;
5991;1;6;;;162;
5992;1;5;;;162;
5993;1;8;;;162;
5994;1;31;;;;
5995;1;2;;;162;
5996;1;2;;;162;
5997;1;2;;;162;
5998;1;31;;;;
5999;1;31;;;;
6000;1;20;;;;
6001;1;12;;;;
6002;1;26;;;;
6003;1;19;;;;
6004;1;12;;;;
6005;1;20;;;;
6006;1;6;;;162;
6007;1;7;;;162;
6008;1;8;;;162;
6009;1;31;;;;
6010;1;2;;;162;
6011;1;2;;;162;
6012;1;2;;;162;
6013;1;31;;;;
6014;1;20;;;;
6015;1;12;;;;
6016;1;26;;;;
6017;1;19;;;;
6018;1;12;;;;
6019;1;20;;;;
6020;1;6;;;162;
6021;1;5;;;162;
6022;1;8;;;162;
6023;1;31;;;;
6024;1;2;;;162;
6025;1;2;;;162;
6026;1;2;;;162;
6027;1;31;;;;
6028;1;31;;;;
6029;1;20;;;;
6030;1;12;;;;
6031;1;26;;;;
6032;1;19;;;;
6033;1;12;;;;
6034;1;20;;;;
6035;1;6;;;162;
6036;1;7;;;162;
6037;1;8;;;162;
6038;1;31;;;;
6039;1;2;;;162;
6040;1;2;;;162;
6041;1;2;;;162;
6042;1;31;;;;
6043;1;31;;;;
6044;1;20;;;;
6045;1;12;;;;
6046;1;26;;;;
6047;1;19;;;;
6048;1;12;;;;
6049;1;20;;;;
6050;1;6;;;162;
6051;1;5;;;162;
6052;1;8;;;162;
6053;1;31;;;;
6054;1;2;;;162;
6055;1;2;;;162;
6056;1;2;;;162;
6057;1;31;;;;
6058;1;31;;;;
6059;1;20;;;;
6060;1;12;;;;
6061;1;26;;;;
6062;1;19;;;;
6063;1;12;;;;
6064;1;20;;;;
6065;1;6;;;162;
6066;1;7;;;162;
6067;1;8;;;162;
6068;1;31;;;;
6069;1;2;;;162;
6070;1;2;;;162;
6071;1;2;;;162;
6072;1;31;;;;
6073;1;20;;;;
6074;1;12;;;;
6075;1;26;;;;
6076;1;19;;;;
6077;1;12;;;;
6078;1;20;;;;
6079;1;6;;;162;
6080;1;5;;;162;
6081;1;8;;;162;
6082;1;31;;;;
6083;1;2;;;162;
6084;1;2;;;162;
6085;1;2;;;162;
6086;1;31;;;;
6087;1;31;;;;
6088;1;20;;;;
6089;1;12;;;;
6090;1;26;;;;
6091;1;19;;;;
6092;1;12;;;;
6093;1;20;;;;
6094;1;6;;;162;
6095;1;7;;;162;
6096;1;8;;;162;
6097;1;31;;;;
6098;1;2;;;162;
6099;1;2;;;162;
6100;1;2;;;162;
6101;1;31;;;;
6102;1;31;;;;
6103;1;20;;;;
6104;1;12;;;;
6105;1;26;;;;
6106;1;19;;;;
6107;1;12;;;;
6108;1;20;;;;
6109;1;6;;;162;
6110;1;5;;;162;
6111;1;8;;;162;
6112;1;31;;;;
6113;1;2;;;162;
6114;1;2;;;162;
6115;1;2;;;162;
6116;1;31;;;;
6117;1;31;;;;
6118;1;20;;;;
6119;1;12;;;;
6120;1;26;;;;
6121;1;19;;;;
6122;1;12;;;;
6123;1;20;;;;
6124;1;6;;;162;
6125;1;7;;;162;
6126;1;8;;;162;
6127;1;31;;;;
6128;1;2;;;162;
6129;1;2;;;162;
6130;1;2;;;162;
6131;1;31;;;;
6132;1;20;;;;
6133;1;12;;;;
6134;1;26;;;;
6135;1;19;;;;
6136;1;12;;;;
6137;1;20;;;;
6138;1;6;;;162;
6139;1;5;;;162;
6140;1;8;;;162;
6141;1;31;;;;
6142;1;2;;;162;
6143;1;2;;;162;
6144;1;2;;;162;
6145;1;31;;;;
6146;1;31;;;;
6147;1;20;;;;
6148;1;12;;;;
6149;1;26;;;;
6150;1;19;;;;
6151;1;12;;;;
6152;1;20;;;;
6153;1;6;;;162;
6154;1;7;;;162;
6155;1;8;;;162;
6156;1;31;;;;
6157;1;2;;;162;
6158;1;2;;;162;
6159;1;2;;;162;
6160;1;31;;;;
6161;1;20;;;;
6162;1;12;;;;
6163;1;26;;;;
6164;1;19;;;;
6165;1;12;;;;
6166;1;20;;;;
6167;1;6;;;162;
6168;1;5;;;162;
6169;1;8;;;162;
6170;1;31;;;;
6171;1;2;;;162;
6172;1;2;;;162;
6173;1;2;;;162;
6174;1;31;;;;
6175;1;31;;;;
6176;1;20;;;;
6177;1;20;;;;
6178;1;12;;;;
6179;1;26;;;;
6180;1;26;;;;
6181;1;19;;;;
6182;1;12;;;;
6183;1;20;;;;
6184;1;4;;;162;
6185;1;6;;;162;
6186;1;7;;;162;
6187;1;8;;;162;
6188;1;31;;;;
6189;1;2;;;162;
6190;1;2;;;162;
6191;1;2;;;162;
6192;1;31;;;;
6193;1;20;;;;
6194;1;12;;;;
6195;1;26;;;;
6196;1;19;;;;
6197;1;12;;;;
6198;1;20;;;;
6199;1;6;;;162;
6200;1;5;;;162;
6201;1;8;;;162;
6202;1;31;;;;
6203;1;2;;;162;
6204;1;2;;;162;
6205;1;2;;;162;
6206;1;31;;;;
6207;1;31;;;;
6208;1;20;;;;
6209;1;12;;;;
6210;1;26;;;;
6211;1;19;;;;
6212;1;12;;;;
6213;1;20;;;;
6214;1;4;;;162;
6215;1;6;;;162;
6216;1;7;;;162;
6217;1;8;;;162;
6218;1;31;;;;
6219;1;2;;;162;
6220;1;2;;;162;
6221;1;2;;;162;
6222;1;31;;;;
6223;1;31;;;;
6224;1;20;;;;
6225;1;12;;;;
6226;1;26;;;;
6227;1;19;;;;
6228;1;12;;;;
6229;1;20;;;;
6230;1;6;;;162;
6231;1;5;;;162;
6232;1;8;;;162;
6233;1;31;;;;
6234;1;2;;;162;
6235;1;2;;;162;
6236;1;2;;;162;
6237;1;31;;;;
6238;1;31;;;;
6239;1;20;;;;
6240;1;12;;;;
6241;1;26;;;;
6242;1;19;;;;
6243;1;12;;;;
6244;1;20;;;;
6245;1;4;;;162;
6246;1;6;;;162;
6247;1;7;;;162;
6248;1;8;;;162;
6249;1;31;;;;
6250;1;2;;;162;
6251;1;2;;;162;
6252;1;2;;;162;
6253;1;31;;;;
6254;1;20;;;;
6255;1;20;;;;
6256;1;12;;;;
6257;1;26;;;;
6258;1;26;;;;
6259;1;19;;;;
6260;1;12;;;;
6261;1;20;;;;
6262;1;6;;;162;
6263;1;5;;;162;
6264;1;8;;;162;
6265;1;31;;;;
6266;1;2;;;162;
6267;1;2;;;162;
6268;1;2;;;162;
6269;1;31;;;;
6270;1;31;;;;
6271;1;20;;;;
6272;1;12;;;;
6273;1;26;;;;
6274;1;19;;;;
6275;1;12;;;;
6276;1;20;;;;
6277;1;4;;;162;
6278;1;6;;;162;
6279;1;7;;;162;
6280;1;8;;;162;
6281;1;31;;;;
6282;1;2;;;162;
6283;1;2;;;162;
6284;1;2;;;162;
6285;1;31;;;;
6286;1;31;;;;
6287;1;20;;;;
6288;1;12;;;;
6289;1;26;;;;
6290;1;19;;;;
6291;1;12;;;;
6292;1;20;;;;
6293;1;6;;;162;
6294;1;5;;;162;
6295;1;8;;;162;
6296;1;31;;;;
6297;1;2;;;162;
6298;1;2;;;162;
6299;1;2;;;162;
6300;1;31;;;;
6301;1;31;;;;
6302;1;20;;;;
6303;1;12;;;;
6304;1;26;;;;
6305;1;19;;;;
6306;1;12;;;;
6307;1;20;;;;
6308;1;4;;;162;
6309;1;6;;;162;
6310;1;7;;;162;
6311;1;8;;;162;
6312;1;31;;;;
6313;1;2;;;162;
6314;1;2;;;162;
6315;1;2;;;162;
6316;1;31;;;;
6317;1;20;;;;
6318;1;12;;;;
6319;1;26;;;;
6320;1;19;;;;
6321;1;12;;;;
6322;1;20;;;;
6323;1;4;;;162;
6324;1;6;;;162;
6325;1;5;;;162;
6326;1;8;;;162;
6327;1;31;;;;
6328;1;2;;;162;
6329;1;2;;;162;
6330;1;2;;;162;
6331;1;31;;;;
6332;1;31;;;;
6333;1;20;;;;
6334;1;12;;;;
6335;1;26;;;;
6336;1;12;;;;
6337;1;20;;;;
6338;1;4;;;162;
6339;1;6;;;162;
6340;1;7;;;162;
6341;1;8;;;162;
6342;1;31;;;;
6343;1;2;;;162;
6344;1;2;;;162;
6345;1;2;;;162;
6346;1;31;;;;
6347;1;31;;;;
6348;1;20;;;;
6349;1;12;;;;
6350;1;26;;;;
6351;1;12;;;;
6352;1;20;;;;
6353;1;4;;;162;
6354;1;6;;;162;
6355;1;31;;;;
6356;1;2;;;162;
6357;1;2;;;162;
6358;1;2;;;162;
6359;1;31;;;;
6360;1;31;;;;
6361;1;20;;;;
6362;1;12;;;;
6363;1;26;;;;
6364;1;12;;;;
6365;1;20;;;;
6366;1;4;;;162;
6367;1;6;;;162;
6368;1;31;;;;
6369;1;2;;;162;
6370;1;2;;;162;
6371;1;2;;;162;
6372;1;31;;;;
6373;1;20;;;;
6374;1;12;;;;
6375;1;26;;;;
6376;1;12;;;;
6377;1;20;;;;
6378;1;4;;;162;
6379;1;6;;;162;
6380;1;31;;;;
6381;1;2;;;162;
6382;1;2;;;162;
6383;1;2;;;162;
6384;1;31;;;;
6385;1;31;;;;
6386;1;20;;;;
6387;1;12;;;;
6388;1;26;;;;
6389;1;12;;;;
6390;1;20;;;;
6391;1;4;;;162;
6392;1;6;;;162;
6393;1;31;;;;
6394;1;2;;;162;
6395;1;2;;;162;
6396;1;2;;;162;
6397;1;31;;;;
6398;1;31;;;;
6399;1;20;;;;
6400;1;12;;;;
6401;1;26;;;;
6402;1;12;;;;
6403;1;20;;;;
6404;1;4;;;162;
6405;1;6;;;162;
6406;1;31;;;;
6407;1;2;;;162;
6408;1;2;;;162;
6409;1;2;;;162;
6410;1;31;;;;
6411;1;31;;;;
6412;1;20;;;;
6413;1;20;;;;
6414;1;12;;;;
6415;1;26;;;;
6416;1;26;;;;
6417;1;31;;;;
6418;1;12;;;;
6419;1;20;;;;
6420;1;4;;;162;
6421;1;6;;;162;
6422;1;31;;;;
6423;1;2;;;162;
6424;1;2;;;162;
6425;1;2;;;162;
6426;1;31;;;;
6427;1;20;;;;
6428;1;12;;;;
6429;1;26;;;;
6430;1;12;;;;
6431;1;20;;;;
6432;1;4;;;162;
6433;1;6;;;162;
6434;1;31;;;;
6435;1;2;;;162;
6436;1;2;;;162;
6437;1;2;;;162;
6438;1;31;;;;
6439;1;31;;;;
6440;1;20;;;;
6441;1;12;;;;
6442;1;26;;;;
6443;1;12;;;;
6444;1;20;;;;
6445;1;4;;;162;
6446;1;6;;;162;
6447;1;31;;;;
6448;1;2;;;162;
6449;1;2;;;162;
6450;1;2;;;162;
6451;1;31;;;;
6452;1;31;;;;
6453;1;20;;;;
6454;1;12;;;;
6455;1;26;;;;
6456;1;12;;;;
6457;1;20;;;;
6458;1;4;;;162;
6459;1;6;;;162;
6460;1;31;;;;
6461;1;2;;;162;
6462;1;2;;;162;
6463;1;2;;;162;
6464;1;31;;;;
6465;1;31;;;;
6466;1;20;;;;
6467;1;12;;;;
6468;1;26;;;;
6469;1;12;;;;
6470;1;20;;;;
6471;1;4;;;162;
6472;1;6;;;162;
6473;1;31;;;;
6474;1;2;;;162;
6475;1;2;;;162;
6476;1;2;;;162;
6477;1;31;;;;
6478;1;20;;;;
6479;1;20;;;;
6480;1;12;;;;
6481;1;26;;;;
6482;1;26;;;;
6483;1;31;;;;
6484;1;12;;;;
6485;1;20;;;;
6486;1;4;;;162;
6487;1;6;;;162;
6488;1;31;;;;
6489;1;2;;;162;
6490;1;2;;;162;
6491;1;2;;;162;
6492;1;31;;;;
6493;1;31;;;;
6494;1;20;;;;
6495;1;12;;;;
6496;1;26;;;;
6497;1;12;;;;
6498;1;20;;;;
6499;1;6;;;162;
6500;1;31;;;;
6501;1;2;;;162;
6502;1;2;;;162;
6503;1;2;;;162;
6504;1;31;;;;
6505;1;31;;;;
6506;1;20;;;;
6507;1;12;;;;
6508;1;26;;;;
6509;1;12;;;;
6510;1;20;;;;
6511;1;4;;;162;
6512;1;6;;;162;
6513;1;31;;;;
6514;1;2;;;162;
6515;1;2;;;162;
6516;1;2;;;162;
6517;1;31;;;;
6518;1;31;;;;
6519;1;20;;;;
6520;1;12;;;;
6521;1;26;;;;
6522;1;12;;;;
6523;1;20;;;;
6524;1;6;;;162;
6525;1;31;;;;
6526;1;2;;;162;
6527;1;2;;;162;
6528;1;2;;;162;
6529;1;31;;;;
6530;1;31;;;;
6531;1;20;;;;
6532;1;12;;;;
6533;1;26;;;;
6534;1;12;;;;
6535;1;20;;;;
6536;1;4;;;162;
6537;1;6;;;162;
6538;1;31;;;;
6539;1;2;;;162;
6540;1;2;;;162;
6541;1;2;;;162;
6542;1;31;;;;
6543;1;31;;;;
6544;1;20;;;;
6545;1;12;;;;
6546;1;26;;;;
6547;1;12;;;;
6548;1;20;;;;
6549;1;6;;;162;
6550;1;31;;;;
6551;1;2;;;162;
6552;1;2;;;162;
6553;1;2;;;162;
6554;1;31;;;;
6555;1;31;;;;
6556;1;20;;;;
6557;1;12;;;;
6558;1;26;;;;
6559;1;26;;;;
6560;1;12;;;;
6561;1;20;;;;
6562;1;6;;;162;
6563;1;4;;;162;
6564;1;6;;;162;
6565;1;31;;;;
6566;1;2;;;162;
6567;1;2;;;162;
6568;1;2;;;162;
6569;1;31;;;;
6570;1;31;;;;
6571;1;20;;;;
6572;1;12;;;;
6573;1;26;;;;
6574;1;12;;;;
6575;1;20;;;;
6576;1;6;;;162;
6577;1;31;;;;
6578;1;2;;;162;
6579;1;2;;;162;
6580;1;2;;;162;
6581;1;31;;;;
6582;1;20;;;;
6583;1;12;;;;
6584;1;26;;;;
6585;1;12;;;;
6586;1;20;;;;
6587;1;6;;;162;
6588;1;4;;;162;
6589;1;6;;;162;
6590;1;31;;;;
6591;1;2;;;162;
6592;1;2;;;162;
6593;1;2;;;162;
6594;1;31;;;;
6595;1;31;;;;
6596;1;20;;;;
6597;1;12;;;;
6598;1;26;;;;
6599;1;12;;;;
6600;1;20;;;;
6601;1;6;;;162;
6602;1;31;;;;
6603;1;2;;;162;
6604;1;2;;;162;
6605;1;2;;;162;
6606;1;31;;;;
6607;1;31;;;;
6608;1;20;;;;
6609;1;12;;;;
6610;1;26;;;;
6611;1;26;;;;
6612;1;12;;;;
6613;1;20;;;;
6614;1;6;;;162;
6615;1;6;;;162;
6616;1;31;;;;
6617;1;2;;;162;
6618;1;2;;;162;
6619;1;2;;;162;
6620;1;31;;;;
6621;1;31;;;;
6622;1;20;;;;
6623;1;12;;;;
6624;1;26;;;;
6625;1;12;;;;
6626;1;20;;;;
6627;1;6;;;162;
6628;1;31;;;;
6629;1;2;;;162;
6630;1;2;;;162;
6631;1;2;;;162;
6632;1;31;;;;
6633;1;31;;;;
6634;1;20;;;;
6635;1;12;;;;
6636;1;26;;;;
6637;1;26;;;;
6638;1;12;;;;
6639;1;20;;;;
6640;1;6;;;162;
6641;1;6;;;162;
6642;1;31;;;;
6643;1;2;;;162;
6644;1;2;;;162;
6645;1;2;;;162;
6646;1;31;;;;
6647;1;31;;;;
6648;1;20;;;;
6649;1;12;;;;
6650;1;26;;;;
6651;1;12;;;;
6652;1;20;;;;
6653;1;6;;;162;
6654;1;31;;;;
6655;1;2;;;162;
6656;1;2;;;162;
6657;1;2;;;162;
6658;1;31;;;;
6659;1;31;;;;
6660;1;20;;;;
6661;1;12;;;;
6662;1;26;;;;
6663;1;26;;;;
6664;1;12;;;;
6665;1;20;;;;
6666;1;6;;;162;
6667;1;6;;;162;
6668;1;31;;;;
6669;1;2;;;162;
6670;1;2;;;162;
6671;1;2;;;162;
6672;1;31;;;;
6673;1;31;;;;
6674;1;20;;;;
6675;1;12;;;;
6676;1;26;;;;
6677;1;26;;;;
6678;1;12;;;;
6679;1;20;;;;
6680;1;6;;;162;
6681;1;6;;;162;
6682;1;31;;;;
6683;1;2;;;162;
6684;1;2;;;162;
6685;1;2;;;162;
6686;1;31;;;;
6687;1;20;;;;
6688;1;12;;;;
6689;1;26;;;;
6690;1;12;;;;
6691;1;20;;;;
6692;1;6;;;162;
6693;1;6;;;162;
6694;1;31;;;;
6695;1;2;;;162;
6696;1;2;;;162;
6697;1;2;;;162;
6698;1;31;;;;
6699;1;31;;;;
6700;1;20;;;;
6701;1;12;;;;
6702;1;26;;;;
6703;1;26;;;;
6704;1;12;;;;
6705;1;20;;;;
6706;1;6;;;162;
6707;1;6;;;162;
6708;1;31;;;;
6709;1;2;;;162;
6710;1;2;;;162;
6711;1;2;;;162;
6712;1;31;;;;
6713;1;31;;;;
6714;1;20;;;;
6715;1;12;;;;
6716;1;13;;;;
6717;1;26;;;;
6718;1;26;;;;
6719;1;12;;;;
6720;1;20;;;;
6721;1;6;;;;
6722;1;6;;;162;
6723;1;6;;;162;
6724;1;31;;;;
6725;1;2;;;162;
6726;1;2;;;162;
6727;1;2;;;162;
6728;1;31;;;;
6729;1;31;;;;
6730;1;20;;;;
6731;1;12;;;;
6732;1;26;;;;
6733;1;26;;;;
6734;1;12;;;;
6735;1;20;;;;
6736;1;6;;;162;
6737;1;6;;;162;
6738;1;31;;;;
6739;1;2;;;162;
6740;1;2;;;162;
6741;1;2;;;162;
6742;1;31;;;;
6743;1;20;;;;
6744;1;12;;;;
6745;1;13;;;;
6746;1;26;;;;
6747;1;12;;;;
6748;1;20;;;;
6749;1;19;;;;
6750;1;8;;;162;
6751;1;6;;;162;
6752;1;6;;;162;
6753;1;31;;;;
6754;1;2;;;162;
6755;1;2;;;162;
6756;1;2;;;162;
6757;1;31;;;;
6758;1;31;;;;
6759;1;20;;;;
6760;1;12;;;;
6761;1;26;;;;
6762;1;26;;;;
6763;1;12;;;;
6764;1;20;;;;
6765;1;6;;;162;
6766;1;6;;;162;
6767;1;31;;;;
6768;1;2;;;162;
6769;1;2;;;162;
6770;1;2;;;162;
6771;1;31;;;;
6772;1;31;;;;
6773;1;20;;;;
6774;1;12;;;;
6775;1;13;;;;
6776;1;13;;;;
6777;1;26;;;;
6778;1;26;;;;
6779;1;12;;;;
6780;1;20;;;;
6781;1;19;;;;
6782;1;8;;;162;
6783;1;6;;;162;
6784;1;6;;;162;
6785;1;31;;;;
6786;1;2;;;162;
6787;1;2;;;162;
6788;1;2;;;162;
6789;1;31;;;;
6790;1;31;;;;
6791;1;20;;;;
6792;1;12;;;;
6793;1;26;;;;
6794;1;26;;;;
6795;1;13;;;;
6796;1;12;;;;
6797;1;20;;;;
6798;1;19;;;;
6799;1;6;;;162;
6800;1;6;;;162;
6801;1;31;;;;
6802;1;2;;;162;
6803;1;2;;;162;
6804;1;2;;;162;
6805;1;31;;;;
6806;1;20;;;;
6807;1;12;;;;
6808;1;13;;;;
6809;1;26;;;;
6810;1;12;;;;
6811;1;20;;;;
6812;1;19;;;;
6813;1;8;;;162;
6814;1;6;;;162;
6815;1;6;;;162;
6816;1;31;;;;
6817;1;2;;;162;
6818;1;2;;;162;
6819;1;2;;;162;
6820;1;31;;;;
6821;1;31;;;;
6822;1;20;;;;
6823;1;12;;;;
6824;1;13;;;;
6825;1;26;;;;
6826;1;26;;;;
6827;1;12;;;;
6828;1;20;;;;
6829;1;19;;;;
6830;1;8;;;162;
6831;1;6;;;162;
6832;1;6;;;162;
6833;1;31;;;;
6834;1;2;;;162;
6835;1;2;;;162;
6836;1;2;;;162;
6837;1;31;;;;
6838;1;31;;;;
6839;1;20;;;;
6840;1;12;;;;
6841;1;13;;;;
6842;1;13;;;;
6843;1;26;;;;
6844;1;26;;;;
6845;1;12;;;;
6846;1;20;;;;
6847;1;19;;;;
6848;1;8;;;162;
6849;1;6;;;162;
6850;1;6;;;162;
6851;1;31;;;;
6852;1;2;;;162;
6853;1;2;;;162;
6854;1;2;;;162;
6855;1;31;;;;
6856;1;31;;;;
6857;1;20;;;;
6858;1;12;;;;
6859;1;13;;;;
6860;1;13;;;;
6861;1;26;;;;
6862;1;26;;;;
6863;1;12;;;;
6864;1;20;;;;
6865;1;19;;;;
6866;1;8;;;162;
6867;1;6;;;162;
6868;1;6;;;162;
6869;1;31;;;;
6870;1;2;;;162;
6871;1;2;;;162;
6872;1;2;;;162;
6873;1;31;;;;
6874;1;31;;;;
6875;1;20;;;;
6876;1;12;;;;
6877;1;13;;;;
6878;1;26;;;;
6879;1;12;;;;
6880;1;20;;;;
6881;1;19;;;;
6882;1;8;;;162;
6883;1;6;;;162;
6884;1;6;;;162;
6885;1;31;;;;
6886;1;2;;;162;
6887;1;2;;;162;
6888;1;2;;;162;
6889;1;31;;;;
6890;1;31;;;;
6891;1;20;;;;
6892;1;12;;;;
6893;1;13;;;;
6894;1;26;;;;
6895;1;26;;;;
6896;1;12;;;;
6897;1;20;;;;
6898;1;19;;;;
6899;1;8;;;162;
6900;1;6;;;162;
6901;1;6;;;162;
6902;1;31;;;;
6903;1;2;;;162;
6904;1;2;;;162;
6905;1;2;;;162;
6906;1;31;;;;
6907;1;31;;;;
6908;1;20;;;;
6909;1;12;;;;
6910;1;13;;;;
6911;1;13;;;;
6912;1;26;;;;
6913;1;26;;;;
6914;1;12;;;;
6915;1;20;;;;
6916;1;19;;;;
6917;1;8;;;162;
6918;1;6;;;162;
6919;1;6;;;162;
6920;1;31;;;;
6921;1;2;;;162;
6922;1;2;;;162;
6923;1;2;;;162;
6924;1;31;;;;
6925;1;31;;;;
6926;1;20;;;;
6927;1;12;;;;
6928;1;13;;;;
6929;1;26;;;;
6930;1;26;;;;
6931;1;12;;;;
6932;1;20;;;;
6933;1;19;;;;
6934;1;8;;;162;
6935;1;6;;;162;
6936;1;6;;;162;
6937;1;31;;;;
6938;1;2;;;162;
6939;1;2;;;162;
6940;1;2;;;162;
6941;1;31;;;;
6942;1;20;;;;
6943;1;12;;;;
6944;1;13;;;;
6945;1;26;;;;
6946;1;12;;;;
6947;1;20;;;;
6948;1;19;;;;
6949;1;8;;;162;
6950;1;6;;;162;
6951;1;6;;;162;
6952;1;31;;;;
6953;1;2;;;162;
6954;1;2;;;162;
6955;1;2;;;162;
6956;1;31;;;;
6957;1;20;;;;
6958;1;12;;;;
6959;1;13;;;;
6960;1;26;;;;
6961;1;12;;;;
6962;1;20;;;;
6963;1;19;;;;
6964;1;8;;;162;
6965;1;14;;;162;
6966;1;14;;;162;
6967;1;31;;;;
6968;1;2;;;162;
6969;1;2;;;162;
6970;1;2;;;162;
6971;1;29;;;;
6972;1;29;;;;
6973;1;28;;;;
6974;1;28;;;;
6975;1;12;;;;
6976;1;13;;;;
6977;1;13;;;;
6978;1;29;;;;
6979;1;18;;;;
6980;1;17;;;;
6981;1;2;;;;
6982;1;2;;;162;
6983;1;4;;;162;
6984;1;4;;;162;
6985;1;4;;;162;
6986;1;4;;;162;
6987;1;5;;;162;
6988;1;5;;;162;
6989;1;5;;;162;
6990;1;5;;;162;
6991;1;2;;;162;
6992;1;29;;;;
6993;1;2;;;162;
6994;1;31;;;;
6995;1;19;;;;
6996;1;31;;;;
6997;1;31;;;;
6998;1;31;;;;
6999;1;2;;;162;
7000;1;8;;;162;
7001;1;6;;;162;
7002;1;6;;;162;
7003;1;7;;;162;
7004;1;8;;;162;
7005;1;31;;;;
7006;1;2;;;162;
7007;1;2;;;162;
7008;1;12;;;;
7009;1;24;;;;
7010;1;20;;;;
7011;1;6;;;;
7012;1;17;;;;
7013;1;6;;;;
7014;1;17;;;;
7015;1;6;;;;
7016;1;17;;;;
7017;1;6;;;;
7018;1;17;;;;
7019;1;6;;;;
7020;1;17;;;;
7021;1;6;;;;
7022;1;17;;;;
7023;1;6;;;;
7024;1;17;;;;
7025;1;6;;;;
7026;1;17;;;;
7027;1;6;;;;
7028;1;17;;;;
7029;1;6;;;;
7030;1;17;;;;
7031;1;6;;;;
7032;1;17;;;;
7033;1;6;;;;
7034;1;17;;;;
7035;1;6;;;;
7036;1;17;;;;
7037;1;6;;;;
7038;1;17;;;;
7039;1;6;;;;
7040;1;17;;;;
7041;1;6;;;;
7042;1;17;;;;
7043;1;6;;;;
7044;1;17;;;;
7045;1;6;;;;
7046;1;17;;;;
7047;1;6;;;;
7048;1;17;;;;
7049;1;6;;;;
7050;1;17;;;;
7051;1;6;;;;
7052;1;17;;;;
7053;1;6;;;;
7054;1;17;;;;
7055;1;6;;;;
7056;1;17;;;;
7057;1;6;;;;
7058;1;17;;;;
7059;1;6;;;;
7060;1;17;;;;
7061;1;6;;;;
7062;1;17;;;;
7063;1;6;;;;
7064;1;17;;;;
7065;1;6;;;;
7066;1;17;;;;
7067;1;6;;;;
7068;1;17;;;;
7069;1;6;;;;
7070;1;17;;;;
7071;1;6;;;;
7072;1;17;;;;
7073;1;6;;;;
7074;1;17;;;;
7075;1;6;;;;
7076;1;17;;;;
7077;1;6;;;;
7078;1;17;;;;
7079;1;6;;;;
7080;1;17;;;;
7081;1;6;;;;
7082;1;17;;;;
7083;1;6;;;;
7084;1;17;;;;
7085;1;6;;;;
7086;1;17;;;;
7087;1;6;;;;
7088;1;17;;;;
7089;1;6;;;;
7090;1;17;;;;
7091;1;6;;;;
7092;1;17;;;;
7093;1;6;;;;
7094;1;17;;;;
7095;1;6;;;;
7096;1;17;;;;
7097;1;6;;;;
7098;1;17;;;;
7099;1;6;;;;
7100;1;17;;;;
7101;1;6;;;;
7102;1;17;;;;
7103;1;6;;;;
7104;1;17;;;;
7105;1;6;;;;
7106;1;17;;;;
7107;1;6;;;;
7108;1;17;;;;
7109;1;6;;;;
7110;1;17;;;;
7111;1;6;;;;
7112;1;17;;;;
7113;1;6;;;;
7114;1;17;;;;
7115;1;6;;;;
7116;1;17;;;;
7117;1;6;;;;
7118;1;17;;;;
7119;1;6;;;;
7120;1;17;;;;
7121;1;6;;;;
7122;1;17;;;;
7123;1;6;;;;
7124;1;17;;;;
7125;1;6;;;;
7126;1;17;;;;
7127;1;6;;;;
7128;1;17;;;;
7129;1;6;;;;
7130;1;17;;;;
7131;1;6;;;;
7132;1;17;;;;
7133;1;6;;;;
7134;1;17;;;;
7135;1;6;;;;
7136;1;17;;;;
7137;1;6;;;;
7138;1;17;;;;
7139;1;6;;;;
7140;1;17;;;;
7141;1;6;;;;
7142;1;17;;;;
7143;1;6;;;;
7144;1;17;;;;
7145;1;6;;;;
7146;1;17;;;;
7147;1;6;;;;
7148;1;17;;;;
7149;1;6;;;;
7150;1;17;;;;
7151;1;6;;;;
7152;1;17;;;;
7153;1;6;;;;
7154;1;6;;;;
7155;1;17;;;;
7156;1;6;;;;
7157;1;17;;;;
7158;1;6;;;;
7159;1;17;;;;
7160;1;6;;;;
7161;1;17;;;;
7162;1;6;;;;
7163;1;17;;;;
7164;1;15;;;;
7165;1;6;;;;
7166;1;17;;;;
7167;1;13;;;;
7168;1;26;;;;
7169;1;26;;;;
7170;1;13;;;;
7171;1;13;;;;
7172;1;13;;;;
7173;1;18;;;;
7174;1;6;;;162;
7175;1;18;;;;
7176;1;18;;;;
7177;1;6;;;162;
7178;1;6;;;162;
7179;1;6;;;162;
7180;1;18;;;;
7181;1;6;;;162;
7182;1;6;;;162;
7183;1;18;;;;
7184;1;6;;;162;
7185;1;18;;;;
7186;1;10;;;;
7187;1;18;;;;
7188;1;8;;;;
7189;1;2;;;162;
7190;1;2;;;162;
7191;1;18;;;;
7192;1;6;;;162;
7193;1;6;;;162;
7194;1;6;;;162;
7195;1;18;;;;
7196;1;18;;;;
7197;1;18;;;;
7198;1;2;;;162;
7199;1;6;;;162;
7200;1;6;;;162;
7201;1;6;;;162;
7202;1;6;;;162;
7203;1;6;;;162;
7204;1;6;;;162;
7205;1;18;;;;
7206;1;10;;;;
7207;1;18;;;;
7208;1;8;;;;
7209;1;2;;;162;
7210;1;2;;;162;
7211;1;18;;;;
7212;1;6;;;162;
7213;1;6;;;162;
7214;1;6;;;162;
7215;1;6;;;162;
7216;1;6;;;162;
7217;1;6;;;162;
7218;1;18;;;;
7219;1;18;;;;
7220;1;18;;;;
7221;1;2;;;162;
7222;1;6;;;162;
7223;1;6;;;162;
7224;1;6;;;162;
7225;1;18;;;;
7226;1;10;;;;
7227;1;18;;;;
7228;1;8;;;;
7229;1;2;;;162;
7230;1;2;;;162;
7231;1;18;;;;
7232;1;6;;;162;
7233;1;6;;;162;
7234;1;6;;;162;
7235;1;18;;;;
7236;1;18;;;;
7237;1;18;;;;
7238;1;2;;;162;
7239;1;6;;;162;
7240;1;6;;;162;
7241;1;6;;;162;
7242;1;6;;;162;
7243;1;6;;;162;
7244;1;6;;;162;
7245;1;18;;;;
7246;1;10;;;;
7247;1;18;;;;
7248;1;8;;;;
7249;1;2;;;162;
7250;1;2;;;162;
7251;1;18;;;;
7252;1;6;;;162;
7253;1;6;;;162;
7254;1;6;;;162;
7255;1;18;;;;
7256;1;18;;;;
7257;1;18;;;;
7258;1;2;;;162;
7259;1;6;;;162;
7260;1;6;;;162;
7261;1;6;;;162;
7262;1;18;;;;
7263;1;10;;;;
7264;1;18;;;;
7265;1;8;;;;
7266;1;2;;;162;
7267;1;2;;;162;
7268;1;18;;;;
7269;1;6;;;162;
7270;1;6;;;162;
7271;1;6;;;162;
7272;1;18;;;;
7273;1;18;;;;
7274;1;18;;;;
7275;1;2;;;162;
7276;1;6;;;162;
7277;1;6;;;162;
7278;1;6;;;162;
7279;1;6;;;162;
7280;1;6;;;162;
7281;1;6;;;162;
7282;1;18;;;;
7283;1;10;;;;
7284;1;18;;;;
7285;1;8;;;;
7286;1;2;;;162;
7287;1;2;;;162;
7288;1;18;;;;
7289;1;6;;;162;
7290;1;6;;;162;
7291;1;6;;;162;
7292;1;18;;;;
7293;1;18;;;;
7294;1;18;;;;
7295;1;2;;;162;
7296;1;6;;;162;
7297;1;6;;;162;
7298;1;6;;;162;
7299;1;18;;;;
7300;1;10;;;;
7301;1;18;;;;
7302;1;8;;;;
7303;1;2;;;162;
7304;1;2;;;162;
7305;1;18;;;;
7306;1;6;;;162;
7307;1;6;;;162;
7308;1;6;;;162;
7309;1;18;;;;
7310;1;18;;;;
7311;1;18;;;;
7312;1;2;;;162;
7313;1;6;;;162;
7314;1;6;;;162;
7315;1;6;;;162;
7316;1;6;;;162;
7317;1;6;;;162;
7318;1;6;;;162;
7319;1;18;;;;
7320;1;10;;;;
7321;1;18;;;;
7322;1;8;;;;
7323;1;2;;;162;
7324;1;2;;;162;
7325;1;18;;;;
7326;1;6;;;162;
7327;1;6;;;162;
7328;1;6;;;162;
7329;1;6;;;162;
7330;1;18;;;;
7331;1;18;;;;
7332;1;18;;;;
7333;1;2;;;162;
7334;1;6;;;162;
7335;1;6;;;162;
7336;1;6;;;162;
7337;1;18;;;;
7338;1;10;;;;
7339;1;18;;;;
7340;1;8;;;;
7341;1;2;;;162;
7342;1;2;;;162;
7343;1;18;;;;
7344;1;6;;;162;
7345;1;6;;;162;
7346;1;6;;;162;
7347;1;6;;;162;
7348;1;6;;;162;
7349;1;6;;;162;
7350;1;6;;;162;
7351;1;18;;;;
7352;1;18;;;;
7353;1;18;;;;
7354;1;2;;;162;
7355;1;6;;;162;
7356;1;6;;;162;
7357;1;6;;;162;
7358;1;6;;;162;
7359;1;6;;;162;
7360;1;6;;;162;
7361;1;18;;;;
7362;1;10;;;;
7363;1;18;;;;
7364;1;8;;;;
7365;1;2;;;162;
7366;1;2;;;162;
7367;1;18;;;;
7368;1;6;;;162;
7369;1;6;;;162;
7370;1;6;;;162;
7371;1;6;;;162;
7372;1;18;;;;
7373;1;18;;;;
7374;1;18;;;;
7375;1;2;;;162;
7376;1;6;;;162;
7377;1;6;;;162;
7378;1;6;;;162;
7379;1;18;;;;
7380;1;10;;;;
7381;1;18;;;;
7382;1;8;;;;
7383;1;2;;;162;
7384;1;2;;;162;
7385;1;18;;;;
7386;1;6;;;162;
7387;1;6;;;162;
7388;1;6;;;162;
7389;1;6;;;162;
7390;1;6;;;162;
7391;1;6;;;162;
7392;1;18;;;;
7393;1;18;;;;
7394;1;18;;;;
7395;1;2;;;162;
7396;1;6;;;162;
7397;1;6;;;162;
7398;1;6;;;162;
7399;1;6;;;162;
7400;1;6;;;162;
7401;1;6;;;162;
7402;1;18;;;;
7403;1;10;;;;
7404;1;18;;;;
7405;1;8;;;;
7406;1;2;;;162;
7407;1;2;;;162;
7408;1;18;;;;
7409;1;6;;;162;
7410;1;6;;;162;
7411;1;6;;;162;
7412;1;18;;;;
7413;1;18;;;;
7414;1;18;;;;
7415;1;2;;;162;
7416;1;6;;;162;
7417;1;6;;;162;
7418;1;6;;;162;
7419;1;18;;;;
7420;1;10;;;;
7421;1;18;;;;
7422;1;8;;;;
7423;1;2;;;162;
7424;1;2;;;162;
7425;1;18;;;;
7426;1;6;;;162;
7427;1;6;;;162;
7428;1;6;;;162;
7429;1;6;;;162;
7430;1;6;;;162;
7431;1;6;;;162;
7432;1;18;;;;
7433;1;18;;;;
7434;1;18;;;;
7435;1;2;;;162;
7436;1;6;;;162;
7437;1;6;;;162;
7438;1;6;;;162;
7439;1;6;;;162;
7440;1;6;;;162;
7441;1;6;;;162;
7442;1;18;;;;
7443;1;10;;;;
7444;1;18;;;;
7445;1;8;;;;
7446;1;2;;;162;
7447;1;2;;;162;
7448;1;18;;;;
7449;1;6;;;162;
7450;1;6;;;162;
7451;1;6;;;162;
7452;1;6;;;162;
7453;1;18;;;;
7454;1;18;;;;
7455;1;18;;;;
7456;1;2;;;162;
7457;1;6;;;162;
7458;1;6;;;162;
7459;1;6;;;162;
7460;1;18;;;;
7461;1;10;;;;
7462;1;18;;;;
7463;1;8;;;;
7464;1;2;;;162;
7465;1;18;;;;
7466;1;6;;;162;
7467;1;6;;;162;
7468;1;6;;;162;
7469;1;6;;;162;
7470;1;6;;;162;
7471;1;6;;;162;
7472;1;6;;;162;
7473;1;6;;;162;
7474;1;18;;;;
7475;1;18;;;;
7476;1;18;;;;
7477;1;2;;;162;
7478;1;6;;;162;
7479;1;6;;;162;
7480;1;6;;;162;
7481;1;6;;;162;
7482;1;6;;;162;
7483;1;6;;;162;
7484;1;18;;;;
7485;1;10;;;;
7486;1;18;;;;
7487;1;8;;;;
7488;1;18;;;;
7489;1;6;;;162;
7490;1;6;;;162;
7491;1;6;;;162;
7492;1;18;;;;
7493;1;18;;;;
7494;1;18;;;;
7495;1;2;;;162;
7496;1;6;;;162;
7497;1;6;;;162;
7498;1;6;;;162;
7499;1;18;;;;
7500;1;18;;;;
7501;1;10;;;;
7502;1;18;;;;
7503;1;8;;;;
7504;1;18;;;;
7505;1;6;;;162;
7506;1;6;;;162;
7507;1;6;;;162;
7508;1;6;;;162;
7509;1;6;;;162;
7510;1;6;;;162;
7511;1;18;;;;
7512;1;18;;;;
7513;1;18;;;;
7514;1;2;;;162;
7515;1;6;;;162;
7516;1;6;;;162;
7517;1;6;;;162;
7518;1;6;;;162;
7519;1;6;;;162;
7520;1;6;;;162;
7521;1;18;;;;
7522;1;10;;;;
7523;1;18;;;;
7524;1;8;;;;
7525;1;18;;;;
7526;1;6;;;162;
7527;1;6;;;162;
7528;1;6;;;162;
7529;1;18;;;;
7530;1;18;;;;
7531;1;18;;;;
7532;1;2;;;162;
7533;1;6;;;162;
7534;1;6;;;162;
7535;1;6;;;162;
7536;1;6;;;162;
7537;1;6;;;162;
7538;1;18;;;;
7539;1;10;;;;
7540;1;18;;;;
7541;1;8;;;;
7542;1;18;;;;
7543;1;6;;;162;
7544;1;6;;;162;
7545;1;6;;;162;
7546;1;6;;;162;
7547;1;6;;;162;
7548;1;6;;;162;
7549;1;18;;;;
7550;1;18;;;;
7551;1;18;;;;
7552;1;2;;;162;
7553;1;6;;;162;
7554;1;6;;;162;
7555;1;6;;;162;
7556;1;6;;;162;
7557;1;6;;;162;
7558;1;6;;;162;
7559;1;6;;;162;
7560;1;6;;;162;
7561;1;18;;;;
7562;1;10;;;;
7563;1;18;;;;
7564;1;8;;;;
7565;1;18;;;;
7566;1;6;;;162;
7567;1;6;;;162;
7568;1;6;;;162;
7569;1;18;;;;
7570;1;18;;;;
7571;1;18;;;;
7572;1;2;;;162;
7573;1;6;;;162;
7574;1;6;;;162;
7575;1;6;;;162;
7576;1;18;;;;
7577;1;10;;;;
7578;1;18;;;;
7579;1;8;;;;
7580;1;18;;;;
7581;1;6;;;162;
7582;1;6;;;162;
7583;1;6;;;162;
7584;1;6;;;162;
7585;1;6;;;162;
7586;1;6;;;162;
7587;1;18;;;;
7588;1;18;;;;
7589;1;18;;;;
7590;1;2;;;162;
7591;1;6;;;162;
7592;1;6;;;162;
7593;1;6;;;162;
7594;1;6;;;162;
7595;1;6;;;162;
7596;1;6;;;162;
7597;1;18;;;;
7598;1;10;;;;
7599;1;18;;;;
7600;1;8;;;;
7601;1;18;;;;
7602;1;6;;;162;
7603;1;6;;;162;
7604;1;6;;;162;
7605;1;18;;;;
7606;1;18;;;;
7607;1;18;;;;
7608;1;2;;;162;
7609;1;6;;;162;
7610;1;6;;;162;
7611;1;6;;;162;
7612;1;18;;;;
7613;1;10;;;;
7614;1;18;;;;
7615;1;8;;;;
7616;1;18;;;;
7617;1;6;;;162;
7618;1;6;;;162;
7619;1;6;;;162;
7620;1;6;;;162;
7621;1;6;;;162;
7622;1;6;;;162;
7623;1;18;;;;
7624;1;18;;;;
7625;1;18;;;;
7626;1;2;;;162;
7627;1;6;;;162;
7628;1;6;;;162;
7629;1;6;;;162;
7630;1;6;;;162;
7631;1;6;;;162;
7632;1;6;;;162;
7633;1;18;;;;
7634;1;10;;;;
7635;1;18;;;;
7636;1;8;;;;
7637;1;18;;;;
7638;1;6;;;162;
7639;1;6;;;162;
7640;1;6;;;162;
7641;1;18;;;;
7642;1;18;;;;
7643;1;18;;;;
7644;1;2;;;162;
7645;1;6;;;162;
7646;1;6;;;162;
7647;1;6;;;162;
7648;1;18;;;;
7649;1;10;;;;
7650;1;18;;;;
7651;1;8;;;;
7652;1;18;;;;
7653;1;6;;;162;
7654;1;6;;;162;
7655;1;6;;;162;
7656;1;6;;;162;
7657;1;6;;;162;
7658;1;6;;;162;
7659;1;18;;;;
7660;1;18;;;;
7661;1;18;;;;
7662;1;2;;;162;
7663;1;6;;;162;
7664;1;6;;;162;
7665;1;6;;;162;
7666;1;6;;;162;
7667;1;6;;;162;
7668;1;6;;;162;
7669;1;18;;;;
7670;1;10;;;;
7671;1;18;;;;
7672;1;8;;;;
7673;1;18;;;;
7674;1;6;;;162;
7675;1;6;;;162;
7676;1;6;;;162;
7677;1;18;;;;
7678;1;18;;;;
7679;1;18;;;;
7680;1;2;;;162;
7681;1;6;;;162;
7682;1;6;;;162;
7683;1;6;;;162;
7684;1;18;;;;
7685;1;10;;;;
7686;1;18;;;;
7687;1;8;;;;
7688;1;18;;;;
7689;1;6;;;162;
7690;1;6;;;162;
7691;1;6;;;162;
7692;1;6;;;162;
7693;1;6;;;162;
7694;1;6;;;162;
7695;1;18;;;;
7696;1;18;;;;
7697;1;18;;;;
7698;1;2;;;162;
7699;1;6;;;162;
7700;1;6;;;162;
7701;1;6;;;162;
7702;1;6;;;162;
7703;1;6;;;162;
7704;1;6;;;162;
7705;1;18;;;;
7706;1;10;;;;
7707;1;18;;;;
7708;1;8;;;;
7709;1;18;;;;
7710;1;6;;;162;
7711;1;6;;;162;
7712;1;6;;;162;
7713;1;18;;;;
7714;1;18;;;;
7715;1;18;;;;
7716;1;18;;;;
7717;1;2;;;162;
7718;1;6;;;162;
7719;1;6;;;162;
7720;1;6;;;162;
7721;1;18;;;;
7722;1;10;;;;
7723;1;18;;;;
7724;1;8;;;;
7725;1;18;;;;
7726;1;6;;;162;
7727;1;6;;;162;
7728;1;6;;;162;
7729;1;6;;;162;
7730;1;6;;;162;
7731;1;6;;;162;
7732;1;18;;;;
7733;1;18;;;;
7734;1;18;;;;
7735;1;2;;;162;
7736;1;6;;;162;
7737;1;6;;;162;
7738;1;6;;;162;
7739;1;6;;;162;
7740;1;6;;;162;
7741;1;6;;;162;
7742;1;18;;;;
7743;1;10;;;;
7744;1;18;;;;
7745;1;8;;;;
7746;1;2;;;162;
7747;1;18;;;;
7748;1;6;;;162;
7749;1;6;;;162;
7750;1;6;;;162;
7751;1;6;;;162;
7752;1;6;;;162;
7753;1;6;;;162;
7754;1;18;;;;
7755;1;18;;;;
7756;1;18;;;;
7757;1;2;;;162;
7758;1;6;;;162;
7759;1;6;;;162;
7760;1;6;;;162;
7761;1;18;;;;
7762;1;10;;;;
7763;1;18;;;;
7764;1;8;;;;
7765;1;2;;;162;
7766;1;18;;;;
7767;1;6;;;162;
7768;1;6;;;162;
7769;1;6;;;162;
7770;1;6;;;162;
7771;1;6;;;162;
7772;1;6;;;162;
7773;1;18;;;;
7774;1;18;;;;
7775;1;18;;;;
7776;1;2;;;162;
7777;1;2;;;162;
7778;1;6;;;162;
7779;1;6;;;162;
7780;1;6;;;162;
7781;1;6;;;162;
7782;1;6;;;162;
7783;1;6;;;162;
7784;1;18;;;;
7785;1;10;;;;
7786;1;18;;;;
7787;1;8;;;;
7788;1;2;;;162;
7789;1;18;;;;
7790;1;6;;;162;
7791;1;6;;;162;
7792;1;6;;;162;
7793;1;6;;;162;
7794;1;6;;;162;
7795;1;6;;;162;
7796;1;18;;;;
7797;1;14;;;;
7798;1;18;;;;
7799;1;5;;;;
7800;1;18;;;;
7801;1;2;;;162;
7802;1;18;;;;
7803;1;6;;;162;
7804;1;6;;;162;
7805;1;6;;;162;
7806;1;18;;;;
7807;1;10;;;;
7808;1;14;;;;
7809;1;18;;;;
7810;1;8;;;;
7811;1;5;;;;
7812;1;2;;;162;
7813;1;18;;;;
7814;1;6;;;162;
7815;1;6;;;162;
7816;1;6;;;162;
7817;1;18;;;;
7818;1;14;;;;
7819;1;18;;;;
7820;1;5;;;;
7821;1;18;;;;
7822;1;2;;;162;
7823;1;18;;;;
7824;1;6;;;162;
7825;1;6;;;162;
7826;1;6;;;162;
7827;1;6;;;162;
7828;1;6;;;162;
7829;1;6;;;162;
7830;1;18;;;;
7831;1;10;;;;
7832;1;14;;;;
7833;1;18;;;;
7834;1;8;;;;
7835;1;5;;;;
7836;1;2;;;162;
7837;1;18;;;;
7838;1;6;;;162;
7839;1;6;;;162;
7840;1;6;;;162;
7841;1;6;;;162;
7842;1;6;;;162;
7843;1;6;;;162;
7844;1;18;;;;
7845;1;14;;;;
7846;1;18;;;;
7847;1;5;;;;
7848;1;18;;;;
7849;1;2;;;162;
7850;1;18;;;;
7851;1;6;;;162;
7852;1;6;;;162;
7853;1;6;;;162;
7854;1;18;;;;
7855;1;10;;;;
7856;1;14;;;;
7857;1;18;;;;
7858;1;8;;;;
7859;1;5;;;;
7860;1;2;;;162;
7861;1;18;;;;
7862;1;6;;;162;
7863;1;6;;;162;
7864;1;6;;;162;
7865;1;18;;;;
7866;1;14;;;;
7867;1;18;;;;
7868;1;5;;;;
7869;1;18;;;;
7870;1;2;;;162;
7871;1;18;;;;
7872;1;6;;;162;
7873;1;6;;;162;
7874;1;6;;;162;
7875;1;6;;;162;
7876;1;6;;;162;
7877;1;6;;;162;
7878;1;18;;;;
7879;1;10;;;;
7880;1;14;;;;
7881;1;18;;;;
7882;1;8;;;;
7883;1;5;;;;
7884;1;2;;;162;
7885;1;18;;;;
7886;1;6;;;162;
7887;1;6;;;162;
7888;1;6;;;162;
7889;1;6;;;162;
7890;1;6;;;162;
7891;1;6;;;162;
7892;1;18;;;;
7893;1;14;;;;
7894;1;18;;;;
7895;1;5;;;;
7896;1;18;;;;
7897;1;2;;;162;
7898;1;18;;;;
7899;1;6;;;162;
7900;1;6;;;162;
7901;1;6;;;162;
7902;1;18;;;;
7903;1;10;;;;
7904;1;14;;;;
7905;1;18;;;;
7906;1;8;;;;
7907;1;5;;;;
7908;1;2;;;162;
7909;1;18;;;;
7910;1;6;;;162;
7911;1;6;;;162;
7912;1;6;;;162;
7913;1;6;;;162;
7914;1;6;;;162;
7915;1;6;;;162;
7916;1;18;;;;
7917;1;14;;;;
7918;1;18;;;;
7919;1;5;;;;
7920;1;18;;;;
7921;1;2;;;162;
7922;1;18;;;;
7923;1;6;;;162;
7924;1;6;;;162;
7925;1;6;;;162;
7926;1;18;;;;
7927;1;18;;;;
7928;1;18;;;;
7929;1;2;;;162;
7930;1;2;;;162;
7931;1;6;;;162;
7932;1;6;;;162;
7933;1;6;;;162;
7934;1;6;;;162;
7935;1;6;;;162;
7936;1;6;;;162;
7937;1;6;;;162;
7938;1;6;;;162;
7939;1;6;;;162;
7940;1;6;;;162;
7941;1;6;;;162;
7942;1;18;;;;
7943;1;14;;;;
7944;1;18;;;;
7945;1;5;;;;
7946;1;18;;;;
7947;1;2;;;162;
7948;1;18;;;;
7949;1;6;;;162;
7950;1;6;;;162;
7951;1;6;;;162;
7952;1;6;;;162;
7953;1;6;;;162;
7954;1;6;;;162;
7955;1;14;;;;
7956;1;14;;;;
7957;1;16;;;;
7958;1;14;;;;
7959;1;17;;;;
7960;1;17;;;;
7961;1;14;;;;
7962;1;17;;;;
7963;1;17;;;;
7964;1;14;;;;
7965;1;17;;;;
7966;1;17;;;;
7967;1;17;;;;
7968;1;17;;;;
7969;1;17;;;;
7970;1;17;;;;
7971;1;17;;;;
7972;1;17;;;;
7973;1;16;;;;
7974;1;17;;;;
7975;1;16;;;;
7976;1;17;;;;
7977;1;14;;;;
7978;1;14;;;;
7979;1;17;;;;
7980;1;14;;;;
7981;1;14;;;;
7982;1;14;;;;
7983;1;17;;;;
7984;1;16;;;;
7985;1;14;;;;
7986;1;16;;;;
7987;1;17;;;;
7988;1;14;;;;
7989;1;14;;;;
7990;1;14;;;;
7991;1;16;;;;
7992;1;17;;;;
7993;1;14;;;;
7994;1;14;;;;
7995;1;17;;;;
7996;1;14;;;;
7997;1;14;;;;
7998;1;14;;;;
7999;1;17;;;;
8000;1;16;;;;
8001;1;17;;;;
8002;1;16;;;;
8003;1;17;;;;
8004;1;17;;;;
8005;1;2;;;;
8006;1;17;;;;
8007;1;16;;;;
8008;1;17;;;;
8009;1;16;;;;
8010;1;17;;;;
8011;1;17;;;;
8012;1;2;;;;
8013;1;17;;;;
8014;1;14;;;;
8015;1;17;;;;
8016;1;14;;;;
8017;1;17;;;;
8018;1;17;;;;
8019;1;4;;;;
8020;1;17;;;;
8021;1;14;;;;
8022;1;17;;;;
8023;1;14;;;;
8024;1;17;;;;
8025;1;17;;;;
8026;1;4;;;;
8027;1;17;;;;
8028;1;16;;;;
8029;1;17;;;;
8030;1;16;;;;
8031;1;17;;;;
8032;1;17;;;;
8033;1;2;;;;
8034;1;17;;;;
8035;1;16;;;;
8036;1;17;;;;
8037;1;16;;;;
8038;1;17;;;;
8039;1;17;;;;
8040;1;2;;;;
8041;1;17;;;;
8042;1;14;;;;
8043;1;17;;;;
8044;1;14;;;;
8045;1;17;;;;
8046;1;17;;;;
8047;1;4;;;;
8048;1;17;;;;
8049;1;14;;;;
8050;1;17;;;;
8051;1;14;;;;
8052;1;17;;;;
8053;1;17;;;;
8054;1;4;;;;
8055;1;17;;;;
8056;1;16;;;;
8057;1;17;;;;
8058;1;16;;;;
8059;1;17;;;;
8060;1;17;;;;
8061;1;2;;;;
8062;1;17;;;;
8063;1;16;;;;
8064;1;17;;;;
8065;1;16;;;;
8066;1;17;;;;
8067;1;17;;;;
8068;1;2;;;;
8069;1;17;;;;
8070;1;14;;;;
8071;1;17;;;;
8072;1;14;;;;
8073;1;17;;;;
8074;1;17;;;;
8075;1;4;;;;
8076;1;17;;;;
8077;1;14;;;;
8078;1;17;;;;
8079;1;14;;;;
8080;1;17;;;;
8081;1;17;;;;
8082;1;4;;;;
8083;1;17;;;;
8084;1;16;;;;
8085;1;17;;;;
8086;1;16;;;;
8087;1;17;;;;
8088;1;17;;;;
8089;1;2;;;;
8090;1;17;;;;
8091;1;16;;;;
8092;1;17;;;;
8093;1;16;;;;
8094;1;17;;;;
8095;1;17;;;;
8096;1;2;;;;
8097;1;17;;;;
8098;1;17;;;;
8099;1;17;;;;
8100;1;17;;;;
8101;1;17;;;;
8102;1;17;;;;
8103;1;17;;;;
8104;1;17;;;;
8105;1;17;;;;
8106;1;17;;;;
8107;1;17;;;;
8108;1;17;;;;
8109;1;17;;;;
8110;1;17;;;;
8111;1;17;;;;
8112;1;17;;;;
8113;1;17;;;;
8114;1;14;;;;
8115;1;17;;;;
8116;1;14;;;;
8117;1;17;;;;
8118;1;17;;;;
8119;1;4;;;;
8120;1;17;;;;
8121;1;14;;;;
8122;1;17;;;;
8123;1;14;;;;
8124;1;17;;;;
8125;1;17;;;;
8126;1;4;;;;
8127;1;17;;;;
8128;1;16;;;;
8129;1;17;;;;
8130;1;16;;;;
8131;1;17;;;;
8132;1;17;;;;
8133;1;2;;;;
8134;1;17;;;;
8135;1;16;;;;
8136;1;17;;;;
8137;1;16;;;;
8138;1;17;;;;
8139;1;17;;;;
8140;1;2;;;;
8141;1;17;;;;
8142;1;14;;;;
8143;1;17;;;;
8144;1;14;;;;
8145;1;17;;;;
8146;1;17;;;;
8147;1;4;;;;
8148;1;17;;;;
8149;1;14;;;;
8150;1;17;;;;
8151;1;14;;;;
8152;1;17;;;;
8153;1;17;;;;
8154;1;4;;;;
8155;1;17;;;;
8156;1;16;;;;
8157;1;16;;;;
8158;1;14;;;;
8159;1;16;;;;
8160;1;14;;;;
8161;1;14;;;;
8162;1;14;;;;
8163;1;14;;;;
8164;1;14;;;;
8165;1;14;;;;
8166;1;14;;;;
8167;1;14;;;;
8168;1;16;;;;
8169;1;16;;;;
8170;1;14;;;;
8171;1;16;;;;
8172;1;14;;;;
8173;1;14;;;;
8174;1;14;;;;
8175;1;14;;;;
8176;1;14;;;;
8177;1;16;;;;
8178;1;16;;;;
8179;1;14;;;;
8180;1;14;;;;
8181;1;16;;;;
8182;1;16;;;;
8183;1;14;;;;
8184;1;14;;;;
8185;1;14;;;;
8186;1;16;;;;
8187;1;16;;;;
8188;1;16;;;;
8189;1;16;;;;
8190;1;14;;;;
8191;1;14;;;;
8192;1;14;;;;
8193;1;14;;;;
8194;1;16;;;;
8195;1;16;;;;
8196;1;16;;;;
8197;1;16;;;;
8198;1;14;;;;
8199;1;14;;;;
8200;1;14;;;;
8201;1;2;;;162;
8202;1;27;;;;
8203;1;14;;;;
8204;1;14;;;;
8205;1;27;;;;
8206;1;32;;;;
8207;1;19;;;;
8208;1;14;;;;
8209;1;32;;;;
8210;1;32;;;;
8211;1;19;;;;
8212;1;14;;;;
8213;1;32;;;;
8214;1;32;;;;
8215;1;19;;;;
8216;1;14;;;;
8217;1;32;;;;
8218;1;32;;;;
8219;1;19;;;;
8220;1;14;;;;
8221;1;32;;;;
8222;1;32;;;;
8223;1;19;;;;
8224;1;14;;;;
8225;1;32;;;;
8226;1;32;;;;
8227;1;19;;;;
8228;1;14;;;;
8229;1;32;;;;
8230;1;32;;;;
8231;1;19;;;;
8232;1;14;;;;
8233;1;32;;;;
8234;1;32;;;;
8235;1;19;;;;
8236;1;14;;;;
8237;1;32;;;;
8238;1;32;;;;
8239;1;19;;;;
8240;1;14;;;;
8241;1;32;;;;
8242;1;32;;;;
8243;1;19;;;;
8244;1;14;;;;
8245;1;32;;;;
8246;1;32;;;;
8247;1;19;;;;
8248;1;14;;;;
8249;1;32;;;;
8250;1;32;;;;
8251;1;19;;;;
8252;1;14;;;;
8253;1;32;;;;
8254;1;32;;;;
8255;1;19;;;;
8256;1;14;;;;
8257;1;32;;;;
8258;1;32;;;;
8259;1;19;;;;
8260;1;14;;;;
8261;1;32;;;;
8262;1;32;;;;
8263;1;19;;;;
8264;1;14;;;;
8265;1;32;;;;
8266;1;32;;;;
8267;1;19;;;;
8268;1;14;;;;
8269;1;32;;;;
8270;1;32;;;;
8271;1;19;;;;
8272;1;14;;;;
8273;1;32;;;;
8274;1;32;;;;
8275;1;19;;;;
8276;1;14;;;;
8277;1;32;;;;
8278;1;32;;;;
8279;1;19;;;;
8280;1;14;;;;
8281;1;32;;;;
8282;1;32;;;;
8283;1;19;;;;
8284;1;14;;;;
8285;1;32;;;;
8286;1;32;;;;
8287;1;19;;;;
8288;1;14;;;;
8289;1;32;;;;
8290;1;32;;;;
8291;1;19;;;;
8292;1;14;;;;
8293;1;32;;;;
8294;1;32;;;;
8295;1;19;;;;
8296;1;14;;;;
8297;1;32;;;;
8298;1;32;;;;
8299;1;19;;;;
8300;1;14;;;;
8301;1;32;;;;
8302;1;32;;;;
8303;1;19;;;;
8304;1;14;;;;
8305;1;32;;;;
8306;1;32;;;;
8307;1;19;;;;
8308;1;14;;;;
8309;1;32;;;;
8310;1;32;;;;
8311;1;19;;;;
8312;1;14;;;;
8313;1;32;;;;
8314;1;32;;;;
8315;1;19;;;;
8316;1;14;;;;
8317;1;32;;;;
8318;1;32;;;;
8319;1;19;;;;
8320;1;14;;;;
8321;1;32;;;;
8322;1;32;;;;
8323;1;19;;;;
8324;1;14;;;;
8325;1;32;;;;
8326;1;32;;;;
8327;1;19;;;;
8328;1;14;;;;
8329;1;32;;;;
8330;1;32;;;;
8331;1;19;;;;
8332;1;14;;;;
8333;1;32;;;;
8334;1;32;;;;
8335;1;19;;;;
8336;1;14;;;;
8337;1;32;;;;
8338;1;32;;;;
8339;1;19;;;;
8340;1;14;;;;
8341;1;32;;;;
8342;1;32;;;;
8343;1;19;;;;
8344;1;14;;;;
8345;1;32;;;;
8346;1;32;;;;
8347;1;19;;;;
8348;1;14;;;;
8349;1;32;;;;
8350;1;32;;;;
8351;1;19;;;;
8352;1;14;;;;
8353;1;32;;;;
8354;1;32;;;;
8355;1;19;;;;
8356;1;14;;;;
8357;1;32;;;;
8358;1;32;;;;
8359;1;19;;;;
8360;1;14;;;;
8361;1;32;;;;
8362;1;32;;;;
8363;1;19;;;;
8364;1;14;;;;
8365;1;32;;;;
8366;1;32;;;;
8367;1;19;;;;
8368;1;14;;;;
8369;1;32;;;;
8370;1;32;;;;
8371;1;19;;;;
8372;1;14;;;;
8373;1;32;;;;
8374;1;32;;;;
8375;1;19;;;;
8376;1;14;;;;
8377;1;32;;;;
8378;1;32;;;;
8379;1;19;;;;
8380;1;14;;;;
8381;1;32;;;;
8382;1;32;;;;
8383;1;19;;;;
8384;1;14;;;;
8385;1;32;;;;
8386;1;32;;;;
8387;1;19;;;;
8388;1;14;;;;
8389;1;32;;;;
8390;1;32;;;;
8391;1;19;;;;
8392;1;14;;;;
8393;1;32;;;;
8394;1;32;;;;
8395;1;19;;;;
8396;1;14;;;;
8397;1;32;;;;
8398;1;32;;;;
8399;1;19;;;;
8400;1;14;;;;
8401;1;32;;;;
8402;1;32;;;;
8403;1;19;;;;
8404;1;14;;;;
8405;1;32;;;;
8406;1;32;;;;
8407;1;19;;;;
8408;1;14;;;;
8409;1;32;;;;
8410;1;32;;;;
8411;1;19;;;;
8412;1;14;;;;
8413;1;32;;;;
8414;1;32;;;;
8415;1;19;;;;
8416;1;14;;;;
8417;1;32;;;;
8418;1;32;;;;
8419;1;19;;;;
8420;1;14;;;;
8421;1;32;;;;
8422;1;32;;;;
8423;1;19;;;;
8424;1;14;;;;
8425;1;32;;;;
8426;1;32;;;;
8427;1;19;;;;
8428;1;14;;;;
8429;1;32;;;;
8430;1;32;;;;
8431;1;19;;;;
8432;1;14;;;;
8433;1;32;;;;
8434;1;32;;;;
8435;1;19;;;;
8436;1;14;;;;
8437;1;32;;;;
8438;1;32;;;;
8439;1;32;;;;
8440;1;19;;;;
8441;1;19;;;;
8442;1;14;;;;
8443;1;32;;;;
8444;1;32;;;;
8445;1;19;;;;
8446;1;14;;;;
8447;1;32;;;;
8448;1;32;;;;
8449;1;19;;;;
8450;1;14;;;;
8451;1;32;;;;
8452;1;32;;;;
8453;1;19;;;;
8454;1;14;;;;
8455;1;32;;;;
8456;1;32;;;;
8457;1;19;;;;
8458;1;14;;;;
8459;1;32;;;;
8460;1;32;;;;
8461;1;19;;;;
8462;1;14;;;;
8463;1;32;;;;
8464;1;32;;;;
8465;1;19;;;;
8466;1;14;;;;
8467;1;32;;;;
8468;1;32;;;;
8469;1;19;;;;
8470;1;14;;;;
8471;1;32;;;;
8472;1;32;;;;
8473;1;19;;;;
8474;1;14;;;;
8475;1;32;;;;
8476;1;32;;;;
8477;1;19;;;;
8478;1;14;;;;
8479;1;32;;;;
8480;1;32;;;;
8481;1;19;;;;
8482;1;14;;;;
8483;1;32;;;;
8484;1;32;;;;
8485;1;19;;;;
8486;1;14;;;;
8487;1;32;;;;
8488;1;32;;;;
8489;1;19;;;;
8490;1;14;;;;
8491;1;32;;;;
8492;1;32;;;;
8493;1;19;;;;
8494;1;14;;;;
8495;1;32;;;;
8496;1;32;;;;
8497;1;19;;;;
8498;1;14;;;;
8499;1;32;;;;
8500;1;32;;;;
8501;1;19;;;;
8502;1;14;;;;
8503;1;32;;;;
8504;1;32;;;;
8505;1;19;;;;
8506;1;14;;;;
8507;1;32;;;;
8508;1;32;;;;
8509;1;19;;;;
8510;1;14;;;;
8511;1;32;;;;
8512;1;32;;;;
8513;1;19;;;;
8514;1;14;;;;
8515;1;32;;;;
8516;1;32;;;;
8517;1;19;;;;
8518;1;14;;;;
8519;1;32;;;;
8520;1;32;;;;
8521;1;19;;;;
8522;1;14;;;;
8523;1;32;;;;
8524;1;30;;;;
8525;1;17;;;;
8526;1;14;;;;
8527;1;30;;;;
8528;1;10;;;;
8529;1;10;;;;
8530;1;10;;;;
8531;1;10;;;;
8532;1;10;;;;
8533;1;10;;;;
8534;1;10;;;;
8535;1;10;;;;
8536;1;10;;;;
8537;1;10;;;;
8538;1;14;;;;
8539;1;14;;;;
8540;1;14;;;;
8541;1;10;;;;
8542;1;2;;;;
8543;1;2;;;;
8544;1;2;;;162;
8545;1;2;;;162;
8546;1;2;;;;
8547;1;2;;;;
8548;1;2;;;162;
8549;1;2;;;162;
8550;1;2;;;;
8551;1;2;;;;
8552;1;2;;;;
8553;1;2;;;;
8554;1;2;;;;
8555;1;2;;;;
8556;1;2;;;;
8557;1;2;;;;
8558;1;2;;;;
8559;1;2;;;;
8560;1;2;;;;
8561;1;2;;;;
8562;1;2;;;;
8563;1;2;;;;
8564;1;2;;;;
8565;1;2;;;;
8566;1;2;;;;
8567;1;2;;;;
8568;1;2;;;;
8569;1;2;;;;
8570;1;2;;;;
8571;1;2;;;;
8572;1;2;;;;
8573;1;2;;;;
8574;1;2;;;;
8575;1;2;;;;
8576;1;2;;;;
8577;1;2;;;162;
8578;1;2;;;;
8579;1;2;;;;
8580;1;2;;;;
8581;1;2;;;162;
8582;1;2;;;;
8583;1;2;;;;
8584;1;2;;;;
8585;1;2;;;162;
8586;1;2;;;;
8587;1;2;;;;
8588;1;2;;;;
8589;1;2;;;162;
8590;1;2;;;;
8591;1;2;;;;
8592;1;2;;;;
8593;1;2;;;162;
8594;1;2;;;;
8595;1;2;;;;
8596;1;2;;;;
8597;1;2;;;162;
8598;1;2;;;;
8599;1;2;;;;
8600;1;2;;;;
8601;1;2;;;162;
8602;1;2;;;;
8603;1;2;;;;
8604;1;2;;;;
8605;1;2;;;162;
8606;1;2;;;;
8607;1;2;;;;
8608;1;2;;;;
8609;1;2;;;162;
8610;1;2;;;;
8611;1;2;;;;
8612;1;2;;;;
8613;1;2;;;162;
8614;1;2;;;;
8615;1;2;;;;
8616;1;2;;;;
8617;1;2;;;162;
8618;1;2;;;;
8619;1;2;;;;
8620;1;2;;;;
8621;1;2;;;162;
8622;1;2;;;;
8623;1;2;;;;
8624;1;2;;;;
8625;1;2;;;162;
8626;1;2;;;;
8627;1;2;;;;
8628;1;2;;;;
8629;1;2;;;162;
8630;1;2;;;;
8631;1;2;;;;
8632;1;2;;;;
8633;1;2;;;162;
8634;1;2;;;;
8635;1;2;;;;
8636;1;2;;;;
8637;1;2;;;162;
8638;1;2;;;;
8639;1;2;;;;
8640;1;2;;;;
8641;1;2;;;162;
8642;1;2;;;;
8643;1;2;;;;
8644;1;2;;;;
8645;1;2;;;162;
8646;1;2;;;;
8647;1;2;;;;
8648;1;2;;;;
8649;1;2;;;162;
8650;1;2;;;;
8651;1;2;;;;
8652;1;2;;;;
8653;1;2;;;162;
8654;1;2;;;;
8655;1;2;;;;
8656;1;2;;;;
8657;1;2;;;162;
8658;1;2;;;;
8659;1;2;;;;
8660;1;2;;;;
8661;1;2;;;162;
8662;1;2;;;;
8663;1;2;;;;
8664;1;2;;;;
8665;1;2;;;;
8666;1;2;;;;
8667;1;2;;;;
8668;1;2;;;;
8669;1;2;;;;
8670;1;2;;;;
8671;1;2;;;;
8672;1;2;;;;
8673;1;2;;;;
8674;1;2;;;;
8675;1;2;;;;
8676;1;2;;;;
8677;1;2;;;;
8678;1;2;;;;
8679;1;2;;;;
8680;1;2;;;;
8681;1;2;;;;
8682;1;2;;;;
8683;1;2;;;;
8684;1;2;;;;
8685;1;2;;;;
8686;1;2;;;;
8687;1;2;;;;
8688;1;2;;;;
8689;1;2;;;;
8690;1;2;;;;
8691;1;2;;;;
8692;1;2;;;;
8693;1;2;;;;
8694;1;2;;;;
8695;1;2;;;;
8696;1;2;;;;
8697;1;2;;;;
8698;1;2;;;;
8699;1;2;;;;
8700;1;2;;;;
8701;1;2;;;;
8702;1;2;;;;
8703;1;2;;;;
8704;1;2;;;;
8705;1;2;;;;
8706;1;2;;;;
8707;1;2;;;;
8708;1;2;;;;
8709;1;2;;;;
8710;1;2;;;;
8711;1;2;;;;
8712;1;2;;;162;
8713;1;2;;;162;
8714;1;2;;;;
8715;1;2;;;;
8716;1;2;;;162;
8717;1;2;;;;
8718;1;2;;;;
8719;1;2;;;162;
8720;1;2;;;162;
8721;1;2;;;;
8722;1;2;;;;
8723;1;2;;;162;
8724;1;2;;;162;
8725;1;2;;;;
8726;1;2;;;;
8727;1;2;;;162;
8728;1;2;;;162;
8729;1;2;;;;
8730;1;2;;;;
8731;1;2;;;162;
8732;1;2;;;162;
8733;1;2;;;;
8734;1;2;;;;
8735;1;2;;;162;
8736;1;2;;;162;
8737;1;2;;;;
8738;1;2;;;;
8739;1;2;;;162;
8740;1;2;;;162;
8741;1;2;;;;
8742;1;2;;;;
8743;1;2;;;162;
8744;1;2;;;162;
8745;1;2;;;162;
8746;1;2;;;;
8747;1;2;;;;
8748;1;2;;;162;
8749;1;2;;;162;
8750;1;2;;;162;
8751;1;2;;;;
8752;1;2;;;;
8753;1;2;;;162;
8754;1;2;;;162;
8755;1;2;;;162;
8756;1;2;;;;
8757;1;2;;;;
8758;1;2;;;162;
8759;1;2;;;162;
8760;1;2;;;162;
8761;1;2;;;;
8762;1;2;;;;
8763;1;2;;;162;
8764;1;2;;;162;
8765;1;2;;;162;
8766;1;2;;;;
8767;1;2;;;;
8768;1;2;;;162;
8769;1;2;;;162;
8770;1;2;;;162;
8771;1;2;;;;
8772;1;2;;;;
8773;1;2;;;162;
8774;1;2;;;162;
8775;1;2;;;162;
8776;1;2;;;;
8777;1;2;;;;
8778;1;2;;;162;
8779;1;2;;;162;
8780;1;2;;;162;
8781;1;2;;;;
8782;1;2;;;;
8783;1;2;;;162;
8784;1;2;;;162;
8785;1;2;;;162;
8786;1;2;;;;
8787;1;2;;;;
8788;1;2;;;162;
8789;1;2;;;162;
8790;1;2;;;162;
8791;1;2;;;;
8792;1;2;;;;
8793;1;2;;;162;
8794;1;2;;;162;
8795;1;2;;;162;
8796;1;2;;;;
8797;1;2;;;;
8798;1;2;;;162;
8799;1;2;;;162;
8800;1;2;;;162;
8801;1;2;;;;
8802;1;2;;;;
8803;1;2;;;162;
8804;1;2;;;162;
8805;1;2;;;162;
8806;1;2;;;;
8807;1;2;;;;
8808;1;2;;;162;
8809;1;2;;;162;
8810;1;2;;;162;
8811;1;2;;;;
8812;1;2;;;;
8813;1;2;;;162;
8814;1;2;;;162;
8815;1;2;;;162;
8816;1;2;;;;
8817;1;2;;;;
8818;1;2;;;162;
8819;1;2;;;162;
8820;1;2;;;162;
8821;1;2;;;;
8822;1;2;;;;
8823;1;2;;;162;
8824;1;2;;;162;
8825;1;2;;;162;
8826;1;2;;;;
8827;1;2;;;;
8828;1;2;;;162;
8829;1;2;;;162;
8830;1;2;;;162;
8831;1;2;;;;
8832;1;2;;;;
8833;1;2;;;162;
8834;1;2;;;162;
8835;1;2;;;162;
8836;1;2;;;;
8837;1;2;;;;
8838;1;2;;;162;
8839;1;2;;;162;
8840;1;2;;;162;
8841;1;2;;;;
8842;1;2;;;;
8843;1;2;;;162;
8844;1;2;;;162;
8845;1;2;;;162;
8846;1;2;;;;
8847;1;2;;;;
8848;1;2;;;;
8849;1;2;;;162;
8850;1;2;;;162;
8851;1;2;;;;
8852;1;2;;;;
8853;1;2;;;162;
8854;1;2;;;162;
8855;1;2;;;;
8856;1;2;;;;
8857;1;2;;;162;
8858;1;2;;;162;
8859;1;2;;;;
8860;1;2;;;;
8861;1;2;;;162;
8862;1;2;;;162;
8863;1;2;;;;
8864;1;2;;;;
8865;1;2;;;162;
8866;1;2;;;162;
8867;1;2;;;;
8868;1;2;;;;
8869;1;2;;;162;
8870;1;2;;;162;
8871;1;2;;;;
8872;1;2;;;;
8873;1;2;;;162;
8874;1;2;;;162;
8875;1;2;;;;
8876;1;2;;;;
8877;1;2;;;162;
8878;1;2;;;162;
8879;1;2;;;;
8880;1;2;;;;
8881;1;2;;;162;
8882;1;2;;;162;
8883;1;2;;;;
8884;1;2;;;;
8885;1;2;;;162;
8886;1;2;;;162;
8887;1;2;;;;
8888;1;2;;;;
8889;1;2;;;162;
8890;1;2;;;162;
8891;1;2;;;;
8892;1;2;;;;
8893;1;2;;;162;
8894;1;2;;;162;
8895;1;2;;;;
8896;1;2;;;;
8897;1;2;;;162;
8898;1;2;;;162;
8899;1;2;;;;
8900;1;2;;;;
8901;1;2;;;162;
8902;1;2;;;162;
8903;1;2;;;;
8904;1;2;;;;
8905;1;2;;;162;
8906;1;2;;;162;
8907;1;2;;;;
8908;1;2;;;;
8909;1;2;;;162;
8910;1;2;;;162;
8911;1;2;;;;
8912;1;2;;;;
8913;1;2;;;162;
8914;1;2;;;162;
8915;1;2;;;;
8916;1;2;;;;
8917;1;2;;;162;
8918;1;2;;;162;
8919;1;2;;;;
8920;1;2;;;;
8921;1;2;;;162;
8922;1;2;;;162;
8923;1;2;;;;
8924;1;2;;;;
8925;1;2;;;162;
8926;1;2;;;162;
8927;1;2;;;;
8928;1;2;;;;
8929;1;2;;;162;
8930;1;2;;;162;
8931;1;2;;;;
8932;1;2;;;;
8933;1;2;;;162;
8934;1;2;;;162;
8935;1;2;;;;
8936;1;2;;;;
8937;1;2;;;162;
8938;1;2;;;162;
8939;1;2;;;;
8940;1;2;;;;
8941;1;2;;;162;
8942;1;2;;;162;
8943;1;2;;;;
8944;1;2;;;;
8945;1;2;;;162;
8946;1;2;;;162;
8947;1;2;;;;
8948;1;2;;;;
8949;1;2;;;162;
8950;1;2;;;162;
8951;1;2;;;;
8952;1;2;;;;
8953;1;2;;;162;
8954;1;2;;;162;
8955;1;2;;;;
8956;1;2;;;;
8957;1;2;;;162;
8958;1;2;;;162;
8959;1;2;;;;
8960;1;2;;;;
8961;1;2;;;162;
8962;1;2;;;162;
8963;1;2;;;;
8964;1;2;;;;
8965;1;2;;;162;
8966;1;2;;;162;
8967;1;2;;;;
8968;1;2;;;;
8969;1;2;;;162;
8970;1;2;;;162;
8971;1;2;;;;
8972;1;2;;;;
8973;1;2;;;162;
8974;1;2;;;162;
8975;1;2;;;;
8976;1;2;;;;
8977;1;2;;;162;
8978;1;2;;;162;
8979;1;2;;;;
8980;1;2;;;;
8981;1;2;;;162;
8982;1;2;;;162;
8983;1;2;;;;
8984;1;2;;;;
8985;1;2;;;162;
8986;1;2;;;162;
8987;1;2;;;;
8988;1;2;;;;
8989;1;2;;;;
8990;1;2;;;162;
8991;1;2;;;162;
8992;1;2;;;;
8993;1;2;;;;
8994;1;2;;;162;
8995;1;2;;;162;
8996;1;2;;;;
8997;1;2;;;;
8998;1;2;;;162;
8999;1;2;;;162;
9000;1;2;;;;
9001;1;2;;;;
9002;1;2;;;162;
9003;1;2;;;162;
9004;1;2;;;;
9005;1;2;;;;
9006;1;2;;;162;
9007;1;2;;;162;
9008;1;2;;;;
9009;1;2;;;;
9010;1;2;;;162;
9011;1;2;;;162;
9012;1;2;;;;
9013;1;2;;;;
9014;1;2;;;;
9015;1;2;;;;
9016;1;2;;;162;
9017;1;2;;;162;
9018;1;2;;;;
9019;1;2;;;;
9020;1;2;;;162;
9021;1;2;;;162;
9022;1;2;;;;
9023;1;2;;;;
9024;1;2;;;162;
9025;1;2;;;;
9026;1;2;;;;
9027;1;2;;;162;
9028;1;2;;;;
9029;1;2;;;;
9030;1;2;;;162;
9031;1;2;;;;
9032;1;2;;;;
9033;1;2;;;162;
9034;1;18;;;;
9035;1;11;;;;
9036;1;18;;;;
9037;1;2;;;162;
9038;1;9;;;162;
9039;1;9;;;162;
9040;1;18;;;;
9041;1;18;;;;
9042;1;18;;;;
9043;1;11;;;;
9044;1;2;;;162;
9045;1;2;;;162;
9046;1;2;;;162;
9047;1;2;;;162;
9048;1;6;;;162;
9049;1;9;;;162;
9050;1;18;;;;
9051;1;17;;;;
9052;1;11;;;;
9053;1;4;;;162;
9054;1;8;;;162;
9055;1;2;;;162;
9056;1;8;;;162;
9057;1;17;;;;
9058;1;18;;;;
9059;1;18;;;;
9060;1;11;;;;
9061;1;12;;;;
9062;1;4;;;;
9063;1;19;;;;
9064;1;15;;;;
9065;1;19;;;;
9066;1;6;;;162;
9067;1;9;;;162;
9068;1;9;;;162;
9069;1;9;;;162;
9070;1;18;;;;
9071;1;2;;;162;
9072;1;2;;;162;
9073;1;2;;;162;
9074;1;2;;;162;
9075;1;18;;;;
9076;1;18;;;;
9077;1;11;;;;
9078;1;4;;;;
9079;1;15;;;;
9080;1;19;;;;
9081;1;8;;;162;
9082;1;8;;;162;
9083;1;4;;;162;
9084;1;8;;;162;
9085;1;18;;;;
9086;1;2;;;162;
9087;1;2;;;162;
9088;1;2;;;162;
9089;1;2;;;162;
9090;1;2;;;162;
9091;1;2;;;162;
9092;1;2;;;162;
9093;1;2;;;162;
9094;1;18;;;;
9095;1;18;;;;
9096;1;11;;;;
9097;1;4;;;;
9098;1;15;;;;
9099;1;19;;;;
9100;1;6;;;162;
9101;1;9;;;162;
9102;1;4;;;162;
9103;1;18;;;;
9104;1;2;;;162;
9105;1;2;;;162;
9106;1;2;;;162;
9107;1;2;;;162;
9108;1;2;;;162;
9109;1;2;;;162;
9110;1;17;;;;
9111;1;11;;;;
9112;1;4;;;;
9113;1;14;;;;
9114;1;18;;;;
9115;1;8;;;162;
9116;1;8;;;162;
9117;1;8;;;162;
9118;1;17;;;;
9119;1;2;;;162;
9120;1;2;;;162;
9121;1;2;;;162;
9122;1;2;;;162;
9123;1;2;;;162;
9124;1;2;;;162;
9125;1;17;;;;
9126;1;17;;;;
9127;1;11;;;;
9128;1;4;;;;
9129;1;14;;;;
9130;1;18;;;;
9131;1;6;;;162;
9132;1;9;;;162;
9133;1;4;;;162;
9134;1;17;;;;
9135;1;2;;;162;
9136;1;2;;;162;
9137;1;2;;;162;
9138;1;2;;;162;
9139;1;2;;;162;
9140;1;2;;;162;
9141;1;18;;;;
9142;1;11;;;;
9143;1;4;;;;
9144;1;15;;;;
9145;1;19;;;;
9146;1;8;;;162;
9147;1;8;;;162;
9148;1;8;;;162;
9149;1;18;;;;
9150;1;2;;;162;
9151;1;2;;;162;
9152;1;2;;;162;
9153;1;2;;;162;
9154;1;2;;;162;
9155;1;2;;;162;
9156;1;18;;;;
9157;1;18;;;;
9158;1;11;;;;
9159;1;4;;;;
9160;1;15;;;;
9161;1;19;;;;
9162;1;6;;;162;
9163;1;9;;;162;
9164;1;4;;;162;
9165;1;18;;;;
9166;1;2;;;162;
9167;1;2;;;162;
9168;1;2;;;162;
9169;1;2;;;162;
9170;1;2;;;162;
9171;1;2;;;162;
9172;1;17;;;;
9173;1;17;;;;
9174;1;11;;;;
9175;1;4;;;;
9176;1;14;;;;
9177;1;18;;;;
9178;1;8;;;162;
9179;1;8;;;162;
9180;1;3;;;162;
9181;1;8;;;162;
9182;1;17;;;;
9183;1;2;;;162;
9184;1;2;;;162;
9185;1;2;;;162;
9186;1;2;;;162;
9187;1;2;;;162;
9188;1;2;;;162;
9189;1;17;;;;
9190;1;17;;;;
9191;1;11;;;;
9192;1;4;;;;
9193;1;14;;;;
9194;1;18;;;;
9195;1;6;;;162;
9196;1;9;;;162;
9197;1;17;;;;
9198;1;2;;;162;
9199;1;2;;;162;
9200;1;2;;;162;
9201;1;2;;;162;
9202;1;2;;;162;
9203;1;2;;;162;
9204;1;18;;;;
9205;1;18;;;;
9206;1;11;;;;
9207;1;4;;;;
9208;1;15;;;;
9209;1;8;;;162;
9210;1;8;;;162;
9211;1;3;;;162;
9212;1;18;;;;
9213;1;2;;;162;
9214;1;2;;;162;
9215;1;2;;;162;
9216;1;2;;;162;
9217;1;2;;;162;
9218;1;2;;;162;
9219;1;18;;;;
9220;1;18;;;;
9221;1;11;;;;
9222;1;4;;;;
9223;1;15;;;;
9224;1;19;;;;
9225;1;6;;;162;
9226;1;9;;;162;
9227;1;18;;;;
9228;1;2;;;162;
9229;1;2;;;162;
9230;1;2;;;162;
9231;1;2;;;162;
9232;1;2;;;162;
9233;1;2;;;162;
9234;1;17;;;;
9235;1;17;;;;
9236;1;11;;;;
9237;1;4;;;;
9238;1;14;;;;
9239;1;8;;;162;
9240;1;8;;;162;
9241;1;4;;;162;
9242;1;3;;;162;
9243;1;17;;;;
9244;1;2;;;162;
9245;1;2;;;162;
9246;1;2;;;162;
9247;1;2;;;162;
9248;1;2;;;162;
9249;1;2;;;162;
9250;1;17;;;;
9251;1;17;;;;
9252;1;11;;;;
9253;1;11;;;;
9254;1;4;;;;
9255;1;14;;;;
9256;1;6;;;162;
9257;1;9;;;162;
9258;1;17;;;;
9259;1;2;;;162;
9260;1;2;;;162;
9261;1;2;;;162;
9262;1;2;;;162;
9263;1;2;;;162;
9264;1;2;;;162;
9265;1;18;;;;
9266;1;11;;;;
9267;1;4;;;;
9268;1;15;;;;
9269;1;8;;;162;
9270;1;8;;;162;
9271;1;4;;;162;
9272;1;3;;;162;
9273;1;18;;;;
9274;1;2;;;162;
9275;1;2;;;162;
9276;1;2;;;162;
9277;1;2;;;162;
9278;1;2;;;162;
9279;1;2;;;162;
9280;1;18;;;;
9281;1;18;;;;
9282;1;11;;;;
9283;1;11;;;;
9284;1;4;;;;
9285;1;15;;;;
9286;1;6;;;162;
9287;1;9;;;162;
9288;1;18;;;;
9289;1;2;;;162;
9290;1;2;;;162;
9291;1;2;;;162;
9292;1;2;;;162;
9293;1;2;;;162;
9294;1;2;;;162;
9295;1;17;;;;
9296;1;17;;;;
9297;1;11;;;;
9298;1;4;;;;
9299;1;14;;;;
9300;1;4;;;162;
9301;1;8;;;162;
9302;1;8;;;162;
9303;1;3;;;162;
9304;1;17;;;;
9305;1;2;;;162;
9306;1;2;;;162;
9307;1;2;;;162;
9308;1;2;;;162;
9309;1;2;;;162;
9310;1;2;;;162;
9311;1;17;;;;
9312;1;17;;;;
9313;1;11;;;;
9314;1;11;;;;
9315;1;4;;;;
9316;1;14;;;;
9317;1;6;;;162;
9318;1;9;;;162;
9319;1;17;;;;
9320;1;2;;;162;
9321;1;2;;;162;
9322;1;2;;;162;
9323;1;2;;;162;
9324;1;2;;;162;
9325;1;2;;;162;
9326;1;18;;;;
9327;1;11;;;;
9328;1;4;;;;
9329;1;15;;;;
9330;1;8;;;162;
9331;1;8;;;162;
9332;1;4;;;162;
9333;1;3;;;162;
9334;1;3;;;162;
9335;1;18;;;;
9336;1;2;;;162;
9337;1;2;;;162;
9338;1;2;;;162;
9339;1;2;;;162;
9340;1;2;;;162;
9341;1;2;;;162;
9342;1;18;;;;
9343;1;18;;;;
9344;1;18;;;;
9345;1;11;;;;
9346;1;11;;;;
9347;1;4;;;;
9348;1;15;;;;
9349;1;6;;;162;
9350;1;9;;;162;
9351;1;18;;;;
9352;1;2;;;162;
9353;1;2;;;162;
9354;1;2;;;162;
9355;1;2;;;162;
9356;1;2;;;162;
9357;1;2;;;162;
9358;1;17;;;;
9359;1;11;;;;
9360;1;4;;;;
9361;1;14;;;;
9362;1;8;;;162;
9363;1;8;;;162;
9364;1;4;;;162;
9365;1;3;;;162;
9366;1;17;;;;
9367;1;2;;;162;
9368;1;2;;;162;
9369;1;2;;;162;
9370;1;2;;;162;
9371;1;2;;;162;
9372;1;2;;;162;
9373;1;17;;;;
9374;1;17;;;;
9375;1;11;;;;
9376;1;11;;;;
9377;1;4;;;;
9378;1;14;;;;
9379;1;6;;;162;
9380;1;9;;;162;
9381;1;9;;;162;
9382;1;4;;;162;
9383;1;6;;;162;
9384;1;17;;;;
9385;1;2;;;162;
9386;1;2;;;162;
9387;1;2;;;162;
9388;1;2;;;162;
9389;1;2;;;162;
9390;1;2;;;162;
9391;1;18;;;;
9392;1;18;;;;
9393;1;11;;;;
9394;1;4;;;;
9395;1;15;;;;
9396;1;8;;;162;
9397;1;8;;;162;
9398;1;4;;;162;
9399;1;3;;;162;
9400;1;18;;;;
9401;1;2;;;162;
9402;1;2;;;162;
9403;1;2;;;162;
9404;1;2;;;162;
9405;1;2;;;162;
9406;1;2;;;162;
9407;1;18;;;;
9408;1;18;;;;
9409;1;11;;;;
9410;1;4;;;;
9411;1;15;;;;
9412;1;6;;;162;
9413;1;9;;;162;
9414;1;9;;;162;
9415;1;18;;;;
9416;1;2;;;162;
9417;1;2;;;162;
9418;1;2;;;162;
9419;1;2;;;162;
9420;1;2;;;162;
9421;1;2;;;162;
9422;1;17;;;;
9423;1;17;;;;
9424;1;11;;;;
9425;1;4;;;;
9426;1;14;;;;
9427;1;4;;;162;
9428;1;8;;;162;
9429;1;8;;;162;
9430;1;3;;;162;
9431;1;17;;;;
9432;1;2;;;162;
9433;1;2;;;162;
9434;1;2;;;162;
9435;1;2;;;162;
9436;1;2;;;162;
9437;1;2;;;162;
9438;1;17;;;;
9439;1;11;;;;
9440;1;4;;;;
9441;1;14;;;;
9442;1;6;;;162;
9443;1;9;;;162;
9444;1;9;;;162;
9445;1;4;;;162;
9446;1;17;;;;
9447;1;2;;;162;
9448;1;2;;;162;
9449;1;2;;;162;
9450;1;2;;;162;
9451;1;2;;;162;
9452;1;2;;;162;
9453;1;18;;;;
9454;1;11;;;;
9455;1;12;;;;
9456;1;4;;;;
9457;1;15;;;;
9458;1;4;;;162;
9459;1;8;;;162;
9460;1;8;;;162;
9461;1;4;;;162;
9462;1;8;;;162;
9463;1;3;;;162;
9464;1;18;;;;
9465;1;2;;;162;
9466;1;2;;;162;
9467;1;2;;;162;
9468;1;2;;;162;
9469;1;2;;;162;
9470;1;2;;;162;
9471;1;18;;;;
9472;1;18;;;;
9473;1;11;;;;
9474;1;4;;;;
9475;1;15;;;;
9476;1;19;;;;
9477;1;6;;;162;
9478;1;9;;;162;
9479;1;18;;;;
9480;1;2;;;162;
9481;1;2;;;162;
9482;1;2;;;162;
9483;1;2;;;162;
9484;1;2;;;162;
9485;1;2;;;162;
9486;1;18;;;;
9487;1;11;;;;
9488;1;4;;;;
9489;1;15;;;;
9490;1;19;;;;
9491;1;4;;;162;
9492;1;8;;;162;
9493;1;8;;;162;
9494;1;4;;;162;
9495;1;8;;;162;
9496;1;3;;;162;
9497;1;18;;;;
9498;1;2;;;162;
9499;1;2;;;162;
9500;1;2;;;162;
9501;1;2;;;162;
9502;1;2;;;162;
9503;1;2;;;162;
9504;1;18;;;;
9505;1;18;;;;
9506;1;11;;;;
9507;1;4;;;;
9508;1;15;;;;
9509;1;19;;;;
9510;1;6;;;162;
9511;1;9;;;162;
9512;1;9;;;162;
9513;1;18;;;;
9514;1;2;;;162;
9515;1;2;;;162;
9516;1;2;;;162;
9517;1;2;;;162;
9518;1;2;;;162;
9519;1;2;;;162;
9520;1;18;;;;
9521;1;17;;;;
9522;1;11;;;;
9523;1;4;;;;
9524;1;15;;;;
9525;1;19;;;;
9526;1;8;;;162;
9527;1;8;;;162;
9528;1;4;;;162;
9529;1;8;;;162;
9530;1;3;;;162;
9531;1;18;;;;
9532;1;2;;;162;
9533;1;2;;;162;
9534;1;2;;;162;
9535;1;2;;;162;
9536;1;2;;;162;
9537;1;2;;;162;
9538;1;18;;;;
9539;1;18;;;;
9540;1;11;;;;
9541;1;4;;;;
9542;1;15;;;;
9543;1;19;;;;
9544;1;6;;;162;
9545;1;9;;;162;
9546;1;9;;;162;
9547;1;18;;;;
9548;1;2;;;162;
9549;1;2;;;162;
9550;1;2;;;162;
9551;1;2;;;162;
9552;1;2;;;162;
9553;1;18;;;;
9554;1;11;;;;
9555;1;4;;;;
9556;1;7;;;;
9557;1;7;;;;
9558;1;15;;;;
9559;1;12;;;;
9560;1;19;;;;
9561;1;8;;;162;
9562;1;8;;;162;
9563;1;4;;;162;
9564;1;8;;;162;
9565;1;4;;;162;
9566;1;4;;;162;
9567;1;4;;;162;
9568;1;4;;;162;
9569;1;5;;;162;
9570;1;2;;;162;
9571;1;5;;;162;
9572;1;5;;;162;
9573;1;5;;;162;
9574;1;18;;;;
9575;1;2;;;162;
9576;1;2;;;162;
9577;1;2;;;162;
9578;1;2;;;162;
9579;1;2;;;162;
9580;1;2;;;162;
9581;1;18;;;;
9582;1;11;;;;
9583;1;4;;;;
9584;1;7;;;;
9585;1;7;;;;
9586;1;15;;;;
9587;1;12;;;;
9588;1;19;;;;
9589;1;6;;;162;
9590;1;9;;;162;
9591;1;9;;;162;
9592;1;4;;;162;
9593;1;4;;;162;
9594;1;4;;;162;
9595;1;4;;;162;
9596;1;4;;;162;
9597;1;4;;;162;
9598;1;5;;;162;
9599;1;5;;;162;
9600;1;2;;;162;
9601;1;5;;;162;
9602;1;5;;;162;
9603;1;5;;;162;
9604;1;18;;;;
9605;1;2;;;162;
9606;1;2;;;162;
9607;1;2;;;162;
9608;1;2;;;162;
9609;1;2;;;162;
9610;1;2;;;162;
9611;1;2;;;162;
9612;1;2;;;162;
9613;1;2;;;162;
9614;1;2;;;162;
9615;1;2;;;162;
9616;1;18;;;;
9617;1;11;;;;
9618;1;4;;;;
9619;1;7;;;;
9620;1;7;;;;
9621;1;7;;;;
9622;1;15;;;;
9623;1;12;;;;
9624;1;19;;;;
9625;1;8;;;162;
9626;1;8;;;162;
9627;1;8;;;162;
9628;1;4;;;162;
9629;1;4;;;162;
9630;1;4;;;162;
9631;1;4;;;162;
9632;1;4;;;162;
9633;1;4;;;162;
9634;1;5;;;162;
9635;1;5;;;162;
9636;1;5;;;162;
9637;1;2;;;162;
9638;1;5;;;162;
9639;1;5;;;162;
9640;1;5;;;162;
9641;1;18;;;;
9642;1;2;;;162;
9643;1;2;;;162;
9644;1;2;;;162;
9645;1;2;;;162;
9646;1;2;;;162;
9647;1;2;;;162;
9648;1;18;;;;
9649;1;11;;;;
9650;1;7;;;;
9651;1;7;;;;
9652;1;18;;;;
9653;1;12;;;;
9654;1;19;;;;
9655;1;4;;;162;
9656;1;6;;;162;
9657;1;9;;;162;
9658;1;9;;;162;
9659;1;4;;;162;
9660;1;4;;;162;
9661;1;4;;;162;
9662;1;4;;;162;
9663;1;4;;;162;
9664;1;4;;;162;
9665;1;4;;;162;
9666;1;6;;;162;
9667;1;5;;;162;
9668;1;5;;;162;
9669;1;5;;;162;
9670;1;5;;;162;
9671;1;5;;;162;
9672;1;5;;;162;
9673;1;5;;;162;
9674;1;18;;;;
9675;1;2;;;162;
9676;1;2;;;162;
9677;1;2;;;162;
9678;1;2;;;162;
9679;1;2;;;162;
9680;1;2;;;162;
9681;1;2;;;162;
9682;1;2;;;162;
9683;1;2;;;162;
9684;1;2;;;162;
9685;1;2;;;162;
9686;1;2;;;162;
9687;1;18;;;;
9688;1;11;;;;
9689;1;4;;;;
9690;1;7;;;;
9691;1;11;;;;
9692;1;7;;;;
9693;1;7;;;;
9694;1;11;;;;
9695;1;15;;;;
9696;1;12;;;;
9697;1;9;;;;
9698;1;19;;;;
9699;1;8;;;162;
9700;1;8;;;162;
9701;1;8;;;162;
9702;1;3;;;162;
9703;1;4;;;162;
9704;1;4;;;162;
9705;1;4;;;162;
9706;1;4;;;162;
9707;1;4;;;162;
9708;1;4;;;162;
9709;1;5;;;162;
9710;1;5;;;162;
9711;1;5;;;162;
9712;1;2;;;162;
9713;1;5;;;162;
9714;1;5;;;162;
9715;1;5;;;162;
9716;1;2;;;162;
9717;1;3;;;162;
9718;1;3;;;162;
9719;1;18;;;;
9720;1;2;;;162;
9721;1;2;;;162;
9722;1;2;;;162;
9723;1;2;;;162;
9724;1;2;;;162;
9725;1;2;;;162;
9726;1;2;;;162;
9727;1;2;;;162;
9728;1;2;;;162;
9729;1;2;;;162;
9730;1;2;;;162;
9731;1;2;;;162;
9732;1;11;;;;
9733;1;18;;;;
9734;1;18;;;;
9735;1;17;;;;
9736;1;12;;;;
9737;1;18;;;;
9738;1;12;;;;
9739;1;18;;;;
9740;1;18;;;;
9741;1;12;;;;
9742;1;18;;;;
9743;1;12;;;;
9744;1;17;;;;
9745;1;12;;;;
9746;1;17;;;;
9747;1;12;;;;
9748;1;18;;;;
9749;1;12;;;;
9750;1;18;;;;
9751;1;18;;;;
9752;1;12;;;;
9753;1;17;;;;
9754;1;12;;;;
9755;1;17;;;;
9756;1;17;;;;
9757;1;18;;;;
9758;1;12;;;;
9759;1;18;;;;
9760;1;17;;;;
9761;1;17;;;;
9762;1;18;;;;
9763;1;18;;;;
9764;1;17;;;;
9765;1;17;;;;
9766;1;18;;;;
9767;1;18;;;;
9768;1;17;;;;
9769;1;17;;;;
9770;1;17;;;;
9771;1;18;;;;
9772;1;18;;;;
9773;1;18;;;;
9774;1;17;;;;
9775;1;17;;;;
9776;1;17;;;;
9777;1;18;;;;
9778;1;18;;;;
9779;1;12;;;;
9780;1;18;;;;
9781;1;18;;;;
9782;1;12;;;;
9783;1;18;;;;
9784;1;12;;;;
9785;1;18;;;;
9786;1;12;;;;
9787;1;18;;;;
9788;1;5;;;;
9789;1;12;;;;
9790;1;18;;;;
9791;1;18;;;;
9792;1;12;;;;
9793;1;18;;;;
9794;1;12;;;;
9795;1;18;;;;
9796;1;18;;;;
9797;1;12;;;;
9798;1;18;;;;
9799;1;5;;;;
9800;1;12;;;;
9801;1;4;;;;
9802;1;18;;;;
9803;1;12;;;;
9804;1;18;;;;
9805;1;12;;;;
9806;1;6;;;;
9807;1;12;;;;
9808;1;12;;;;
9809;1;11;;;;
9810;1;11;;;;
9811;1;12;;;;
9812;1;12;;;;
9813;1;11;;;;
9814;1;11;;;;
9815;1;12;;;;
9816;1;12;;;;
9817;1;11;;;;
9818;1;11;;;;
9819;1;12;;;;
9820;1;12;;;;
9821;1;11;;;;
9822;1;12;;;;
9823;1;11;;;;
9824;1;12;;;;
9825;1;12;;;;
9826;1;11;;;;
9827;1;11;;;;
9828;1;12;;;;
9829;1;12;;;;
9830;1;11;;;;
9831;1;11;;;;
9832;1;12;;;;
9833;1;12;;;;
9834;1;12;;;;
9835;1;12;;;;
9836;1;12;;;;
9837;1;12;;;;
9838;1;12;;;;
9839;1;8;;;;
9840;1;8;;;;
9841;1;12;;;;
9842;1;8;;;;
9843;1;8;;;;
9844;1;12;;;;
9845;1;8;;;;
9846;1;8;;;;
9847;1;8;;;;
9848;1;12;;;;
9849;1;8;;;;
9850;1;8;;;;
9851;1;12;;;;
9852;1;8;;;;
9853;1;6;;;;
9854;1;8;;;;
9855;1;6;;;;
9856;1;8;;;;
9857;1;6;;;;
9858;1;18;;;;
9859;1;17;;;;
9860;1;2;;;162;
9861;1;2;;;162;
9862;1;2;;;162;
9863;1;18;;;;
9864;1;18;;;;
9865;1;17;;;;
9866;1;2;;;162;
9867;1;2;;;162;
9868;1;2;;;162;
9869;1;2;;;162;
9870;1;2;;;162;
9871;1;18;;;;
9872;1;18;;;;
9873;1;17;;;;
9874;1;10;;;;
9875;1;9;;;;
9876;1;10;;;;
9877;1;2;;;162;
9878;1;2;;;162;
9879;1;2;;;162;
9880;1;18;;;;
9881;1;18;;;;
9882;1;17;;;;
9883;1;10;;;;
9884;1;9;;;;
9885;1;10;;;;
9886;1;2;;;162;
9887;1;2;;;162;
9888;1;2;;;162;
9889;1;2;;;162;
9890;1;2;;;162;
9891;1;2;;;162;
9892;1;18;;;;
9893;1;18;;;;
9894;1;17;;;;
9895;1;2;;;162;
9896;1;2;;;162;
9897;1;2;;;162;
9898;1;18;;;;
9899;1;25;;;;
9900;1;17;;;;
9901;1;2;;;162;
9902;1;2;;;162;
9903;1;2;;;162;
9904;1;2;;;162;
9905;1;2;;;162;
9906;1;2;;;162;
9907;1;18;;;;
9908;1;18;;;;
9909;1;17;;;;
9910;1;10;;;;
9911;1;9;;;;
9912;1;10;;;;
9913;1;2;;;162;
9914;1;2;;;162;
9915;1;2;;;162;
9916;1;18;;;;
9917;1;18;;;;
9918;1;18;;;;
9919;1;17;;;;
9920;1;10;;;;
9921;1;18;;;;
9922;1;9;;;;
9923;1;10;;;;
9924;1;2;;;162;
9925;1;2;;;162;
9926;1;2;;;162;
9927;1;2;;;162;
9928;1;2;;;162;
9929;1;2;;;162;
9930;1;18;;;;
9931;1;18;;;;
9932;1;18;;;;
9933;1;17;;;;
9934;1;10;;;;
9935;1;9;;;;
9936;1;10;;;;
9937;1;2;;;162;
9938;1;2;;;162;
9939;1;2;;;162;
9940;1;18;;;;
9941;1;25;;;;
9942;1;18;;;;
9943;1;17;;;;
9944;1;17;;;;
9945;1;10;;;;
9946;1;9;;;;
9947;1;10;;;;
9948;1;2;;;162;
9949;1;2;;;162;
9950;1;2;;;162;
9951;1;2;;;162;
9952;1;2;;;162;
9953;1;2;;;162;
9954;1;18;;;;
9955;1;18;;;;
9956;1;18;;;;
9957;1;17;;;;
9958;1;10;;;;
9959;1;9;;;;
9960;1;10;;;;
9961;1;2;;;162;
9962;1;2;;;162;
9963;1;2;;;162;
9964;1;18;;;;
9965;1;18;;;;
9966;1;17;;;;
9967;1;10;;;;
9968;1;9;;;;
9969;1;10;;;;
9970;1;2;;;162;
9971;1;2;;;162;
9972;1;2;;;162;
9973;1;2;;;162;
9974;1;2;;;162;
9975;1;2;;;162;
9976;1;18;;;;
9977;1;18;;;;
9978;1;18;;;;
9979;1;18;;;;
9980;1;17;;;;
9981;1;10;;;;
9982;1;9;;;;
9983;1;10;;;;
9984;1;2;;;162;
9985;1;2;;;162;
9986;1;2;;;162;
9987;1;18;;;;
9988;1;18;;;;
9989;1;17;;;;
9990;1;10;;;;
9991;1;9;;;;
9992;1;10;;;;
9993;1;2;;;162;
9994;1;2;;;162;
9995;1;2;;;162;
9996;1;18;;;;
9997;1;18;;;;
9998;1;17;;;;
9999;1;10;;;;
10000;1;9;;;;
10001;1;10;;;;
10002;1;2;;;162;
10003;1;2;;;162;
10004;1;2;;;162;
10005;1;18;;;;
10006;1;18;;;;
10007;1;17;;;;
10008;1;10;;;;
10009;1;9;;;;
10010;1;10;;;;
10011;1;2;;;162;
10012;1;2;;;162;
10013;1;2;;;162;
10014;1;18;;;;
10015;1;18;;;;
10016;1;17;;;;
10017;1;10;;;;
10018;1;9;;;;
10019;1;10;;;;
10020;1;2;;;162;
10021;1;2;;;162;
10022;1;2;;;162;
10023;1;18;;;;
10024;1;18;;;;
10025;1;18;;;;
10026;1;17;;;;
10027;1;10;;;;
10028;1;9;;;;
10029;1;10;;;;
10030;1;2;;;162;
10031;1;2;;;162;
10032;1;2;;;162;
10033;1;18;;;;
10034;1;18;;;;
10035;1;18;;;;
10036;1;17;;;;
10037;1;17;;;;
10038;1;9;;;;
10039;1;10;;;;
10040;1;2;;;162;
10041;1;2;;;162;
10042;1;2;;;162;
10043;1;18;;;;
10044;1;18;;;;
10045;1;18;;;;
10046;1;17;;;;
10047;1;10;;;;
10048;1;9;;;;
10049;1;10;;;;
10050;1;2;;;162;
10051;1;2;;;162;
10052;1;2;;;162;
10053;1;18;;;;
10054;1;18;;;;
10055;1;17;;;;
10056;1;9;;;;
10057;1;10;;;;
10058;1;2;;;162;
10059;1;2;;;162;
10060;1;2;;;162;
10061;1;18;;;;
10062;1;18;;;;
10063;1;18;;;;
10064;1;17;;;;
10065;1;10;;;;
10066;1;9;;;;
10067;1;10;;;;
10068;1;2;;;162;
10069;1;2;;;162;
10070;1;2;;;162;
10071;1;18;;;;
10072;1;18;;;;
10073;1;17;;;;
10074;1;9;;;;
10075;1;10;;;;
10076;1;2;;;162;
10077;1;2;;;162;
10078;1;2;;;162;
10079;1;18;;;;
10080;1;18;;;;
10081;1;18;;;;
10082;1;17;;;;
10083;1;17;;;;
10084;1;10;;;;
10085;1;9;;;;
10086;1;10;;;;
10087;1;2;;;162;
10088;1;2;;;162;
10089;1;2;;;162;
10090;1;18;;;;
10091;1;18;;;;
10092;1;18;;;;
10093;1;17;;;;
10094;1;17;;;;
10095;1;9;;;;
10096;1;10;;;;
10097;1;2;;;162;
10098;1;2;;;162;
10099;1;2;;;162;
10100;1;18;;;;
10101;1;18;;;;
10102;1;18;;;;
10103;1;17;;;;
10104;1;17;;;;
10105;1;9;;;;
10106;1;10;;;;
10107;1;2;;;162;
10108;1;2;;;162;
10109;1;2;;;162;
10110;1;18;;;;
10111;1;18;;;;
10112;1;18;;;;
10113;1;17;;;;
10114;1;17;;;;
10115;1;9;;;;
10116;1;10;;;;
10117;1;2;;;162;
10118;1;2;;;162;
10119;1;2;;;162;
10120;1;18;;;;
10121;1;18;;;;
10122;1;17;;;;
10123;1;9;;;;
10124;1;10;;;;
10125;1;2;;;162;
10126;1;2;;;162;
10127;1;2;;;162;
10128;1;18;;;;
10129;1;18;;;;
10130;1;17;;;;
10131;1;9;;;;
10132;1;10;;;;
10133;1;2;;;162;
10134;1;2;;;162;
10135;1;2;;;162;
10136;1;18;;;;
10137;1;18;;;;
10138;1;17;;;;
10139;1;9;;;;
10140;1;10;;;;
10141;1;2;;;162;
10142;1;2;;;162;
10143;1;2;;;162;
10144;1;18;;;;
10145;1;18;;;;
10146;1;17;;;;
10147;1;9;;;;
10148;1;10;;;;
10149;1;2;;;162;
10150;1;2;;;162;
10151;1;2;;;162;
10152;1;18;;;;
10153;1;18;;;;
10154;1;18;;;;
10155;1;17;;;;
10156;1;9;;;;
10157;1;10;;;;
10158;1;2;;;162;
10159;1;2;;;162;
10160;1;2;;;162;
10161;1;18;;;;
10162;1;18;;;;
10163;1;17;;;;
10164;1;9;;;;
10165;1;10;;;;
10166;1;2;;;162;
10167;1;2;;;162;
10168;1;2;;;162;
10169;1;18;;;;
10170;1;18;;;;
10171;1;18;;;;
10172;1;17;;;;
10173;1;9;;;;
10174;1;10;;;;
10175;1;2;;;162;
10176;1;2;;;162;
10177;1;2;;;162;
10178;1;18;;;;
10179;1;18;;;;
10180;1;18;;;;
10181;1;17;;;;
10182;1;9;;;;
10183;1;10;;;;
10184;1;2;;;162;
10185;1;2;;;162;
10186;1;2;;;162;
10187;1;2;;;162;
10188;1;2;;;162;
10189;1;2;;;162;
10190;1;18;;;;
10191;1;18;;;;
10192;1;18;;;;
10193;1;17;;;;
10194;1;17;;;;
10195;1;9;;;;
10196;1;10;;;;
10197;1;2;;;162;
10198;1;2;;;162;
10199;1;2;;;162;
10200;1;18;;;;
10201;1;18;;;;
10202;1;17;;;;
10203;1;9;;;;
10204;1;10;;;;
10205;1;2;;;162;
10206;1;2;;;162;
10207;1;2;;;162;
10208;1;2;;;162;
10209;1;2;;;162;
10210;1;2;;;162;
10211;1;18;;;;
10212;1;18;;;;
10213;1;18;;;;
10214;1;17;;;;
10215;1;9;;;;
10216;1;10;;;;
10217;1;2;;;162;
10218;1;2;;;162;
10219;1;2;;;162;
10220;1;18;;;;
10221;1;25;;;;
10222;1;18;;;;
10223;1;17;;;;
10224;1;9;;;;
10225;1;10;;;;
10226;1;2;;;162;
10227;1;2;;;162;
10228;1;2;;;162;
10229;1;2;;;162;
10230;1;2;;;162;
10231;1;2;;;162;
10232;1;18;;;;
10233;1;18;;;;
10234;1;17;;;;
10235;1;9;;;;
10236;1;10;;;;
10237;1;2;;;162;
10238;1;2;;;162;
10239;1;2;;;162;
10240;1;18;;;;
10241;1;18;;;;
10242;1;18;;;;
10243;1;17;;;;
10244;1;9;;;;
10245;1;10;;;;
10246;1;2;;;162;
10247;1;2;;;162;
10248;1;2;;;162;
10249;1;2;;;162;
10250;1;2;;;162;
10251;1;2;;;162;
10252;1;18;;;;
10253;1;18;;;;
10254;1;17;;;;
10255;1;9;;;;
10256;1;10;;;;
10257;1;2;;;162;
10258;1;2;;;162;
10259;1;2;;;162;
10260;1;18;;;;
10261;1;25;;;;
10262;1;25;;;;
10263;1;18;;;;
10264;1;17;;;;
10265;1;9;;;;
10266;1;18;;;;
10267;1;10;;;;
10268;1;2;;;162;
10269;1;2;;;162;
10270;1;2;;;162;
10271;1;2;;;162;
10272;1;2;;;162;
10273;1;2;;;162;
10274;1;18;;;;
10275;1;18;;;;
10276;1;18;;;;
10277;1;17;;;;
10278;1;17;;;;
10279;1;9;;;;
10280;1;10;;;;
10281;1;2;;;162;
10282;1;2;;;162;
10283;1;2;;;162;
10284;1;18;;;;
10285;1;18;;;;
10286;1;18;;;;
10287;1;18;;;;
10288;1;17;;;;
10289;1;17;;;;
10290;1;18;;;;
10291;1;9;;;;
10292;1;10;;;;
10293;1;2;;;162;
10294;1;2;;;162;
10295;1;2;;;162;
10296;1;2;;;162;
10297;1;18;;;;
10298;1;18;;;;
10299;1;17;;;;
10300;1;9;;;;
10301;1;10;;;;
10302;1;2;;;162;
10303;1;2;;;162;
10304;1;2;;;162;
10305;1;18;;;;
10306;1;18;;;;
10307;1;17;;;;
10308;1;9;;;;
10309;1;10;;;;
10310;1;2;;;162;
10311;1;2;;;162;
10312;1;2;;;162;
10313;1;18;;;;
10314;1;18;;;;
10315;1;18;;;;
10316;1;17;;;;
10317;1;17;;;;
10318;1;9;;;;
10319;1;10;;;;
10320;1;2;;;162;
10321;1;2;;;162;
10322;1;2;;;162;
10323;1;18;;;;
10324;1;18;;;;
10325;1;18;;;;
10326;1;17;;;;
10327;1;17;;;;
10328;1;9;;;;
10329;1;10;;;;
10330;1;2;;;162;
10331;1;2;;;162;
10332;1;2;;;162;
10333;1;18;;;;
10334;1;18;;;;
10335;1;17;;;;
10336;1;9;;;;
10337;1;10;;;;
10338;1;2;;;162;
10339;1;2;;;162;
10340;1;2;;;162;
10341;1;18;;;;
10342;1;18;;;;
10343;1;17;;;;
10344;1;10;;;;
10345;1;9;;;;
10346;1;10;;;;
10347;1;2;;;162;
10348;1;2;;;162;
10349;1;2;;;162;
10350;1;18;;;;
10351;1;18;;;;
10352;1;18;;;;
10353;1;17;;;;
10354;1;17;;;;
10355;1;9;;;;
10356;1;10;;;;
10357;1;2;;;162;
10358;1;2;;;162;
10359;1;2;;;162;
10360;1;18;;;;
10361;1;18;;;;
10362;1;18;;;;
10363;1;17;;;;
10364;1;10;;;;
10365;1;9;;;;
10366;1;10;;;;
10367;1;2;;;162;
10368;1;2;;;162;
10369;1;2;;;162;
10370;1;18;;;;
10371;1;18;;;;
10372;1;17;;;;
10373;1;9;;;;
10374;1;10;;;;
10375;1;2;;;162;
10376;1;2;;;162;
10377;1;2;;;162;
10378;1;18;;;;
10379;1;18;;;;
10380;1;18;;;;
10381;1;17;;;;
10382;1;10;;;;
10383;1;17;;;;
10384;1;9;;;;
10385;1;10;;;;
10386;1;2;;;162;
10387;1;2;;;162;
10388;1;2;;;162;
10389;1;18;;;;
10390;1;18;;;;
10391;1;18;;;;
10392;1;17;;;;
10393;1;17;;;;
10394;1;9;;;;
10395;1;10;;;;
10396;1;2;;;162;
10397;1;2;;;162;
10398;1;2;;;162;
10399;1;18;;;;
10400;1;18;;;;
10401;1;18;;;;
10402;1;17;;;;
10403;1;10;;;;
10404;1;17;;;;
10405;1;9;;;;
10406;1;10;;;;
10407;1;2;;;162;
10408;1;2;;;162;
10409;1;2;;;162;
10410;1;18;;;;
10411;1;18;;;;
10412;1;18;;;;
10413;1;17;;;;
10414;1;10;;;;
10415;1;17;;;;
10416;1;9;;;;
10417;1;10;;;;
10418;1;2;;;162;
10419;1;2;;;162;
10420;1;2;;;162;
10421;1;18;;;;
10422;1;18;;;;
10423;1;17;;;;
10424;1;10;;;;
10425;1;9;;;;
10426;1;10;;;;
10427;1;2;;;162;
10428;1;2;;;162;
10429;1;2;;;162;
10430;1;18;;;;
10431;1;18;;;;
10432;1;17;;;;
10433;1;10;;;;
10434;1;9;;;;
10435;1;10;;;;
10436;1;2;;;162;
10437;1;2;;;162;
10438;1;2;;;162;
10439;1;18;;;;
10440;1;18;;;;
10441;1;18;;;;
10442;1;17;;;;
10443;1;10;;;;
10444;1;9;;;;
10445;1;10;;;;
10446;1;2;;;162;
10447;1;2;;;162;
10448;1;2;;;162;
10449;1;18;;;;
10450;1;18;;;;
10451;1;18;;;;
10452;1;17;;;;
10453;1;10;;;;
10454;1;9;;;;
10455;1;10;;;;
10456;1;2;;;162;
10457;1;2;;;162;
10458;1;2;;;162;
10459;1;18;;;;
10460;1;18;;;;
10461;1;17;;;;
10462;1;10;;;;
10463;1;9;;;;
10464;1;10;;;;
10465;1;2;;;162;
10466;1;2;;;162;
10467;1;2;;;162;
10468;1;18;;;;
10469;1;18;;;;
10470;1;17;;;;
10471;1;10;;;;
10472;1;9;;;;
10473;1;10;;;;
10474;1;2;;;162;
10475;1;2;;;162;
10476;1;2;;;162;
10477;1;18;;;;
10478;1;18;;;;
10479;1;17;;;;
10480;1;10;;;;
10481;1;9;;;;
10482;1;12;;;;
10483;1;10;;;;
10484;1;7;;;;
10485;1;2;;;162;
10486;1;2;;;162;
10487;1;2;;;162;
10488;1;7;;;162;
10489;1;18;;;;
10490;1;18;;;;
10491;1;17;;;;
10492;1;10;;;;
10493;1;9;;;;
10494;1;10;;;;
10495;1;2;;;162;
10496;1;2;;;162;
10497;1;2;;;162;
10498;1;18;;;;
10499;1;18;;;;
10500;1;18;;;;
10501;1;17;;;;
10502;1;10;;;;
10503;1;9;;;;
10504;1;12;;;;
10505;1;12;;;;
10506;1;10;;;;
10507;1;7;;;;
10508;1;2;;;162;
10509;1;2;;;162;
10510;1;2;;;162;
10511;1;7;;;162;
10512;1;18;;;;
10513;1;18;;;;
10514;1;17;;;;
10515;1;10;;;;
10516;1;9;;;;
10517;1;12;;;;
10518;1;10;;;;
10519;1;7;;;;
10520;1;2;;;162;
10521;1;2;;;162;
10522;1;2;;;162;
10523;1;7;;;162;
10524;1;18;;;;
10525;1;18;;;;
10526;1;18;;;;
10527;1;17;;;;
10528;1;10;;;;
10529;1;17;;;;
10530;1;9;;;;
10531;1;12;;;;
10532;1;10;;;;
10533;1;7;;;;
10534;1;2;;;162;
10535;1;2;;;162;
10536;1;2;;;162;
10537;1;7;;;162;
10538;1;18;;;;
10539;1;18;;;;
10540;1;17;;;;
10541;1;10;;;;
10542;1;9;;;;
10543;1;12;;;;
10544;1;10;;;;
10545;1;7;;;;
10546;1;2;;;162;
10547;1;2;;;162;
10548;1;2;;;162;
10549;1;7;;;162;
10550;1;18;;;;
10551;1;18;;;;
10552;1;18;;;;
10553;1;17;;;;
10554;1;10;;;;
10555;1;17;;;;
10556;1;9;;;;
10557;1;12;;;;
10558;1;18;;;;
10559;1;10;;;;
10560;1;7;;;;
10561;1;2;;;162;
10562;1;2;;;162;
10563;1;2;;;162;
10564;1;7;;;162;
10565;1;2;;;162;
10566;1;18;;;;
10567;1;18;;;;
10568;1;17;;;;
10569;1;10;;;;
10570;1;9;;;;
10571;1;12;;;;
10572;1;10;;;;
10573;1;7;;;;
10574;1;2;;;162;
10575;1;2;;;162;
10576;1;2;;;162;
10577;1;7;;;162;
10578;1;18;;;;
10579;1;18;;;;
10580;1;17;;;;
10581;1;10;;;;
10582;1;9;;;;
10583;1;12;;;;
10584;1;18;;;;
10585;1;10;;;;
10586;1;7;;;;
10587;1;2;;;162;
10588;1;2;;;162;
10589;1;2;;;162;
10590;1;7;;;162;
10591;1;2;;;162;
10592;1;18;;;;
10593;1;18;;;;
10594;1;17;;;;
10595;1;10;;;;
10596;1;18;;;;
10597;1;9;;;;
10598;1;12;;;;
10599;1;12;;;;
10600;1;10;;;;
10601;1;7;;;;
10602;1;2;;;162;
10603;1;2;;;162;
10604;1;2;;;162;
10605;1;7;;;162;
10606;1;18;;;;
10607;1;18;;;;
10608;1;18;;;;
10609;1;17;;;;
10610;1;10;;;;
10611;1;17;;;;
10612;1;9;;;;
10613;1;12;;;;
10614;1;18;;;;
10615;1;10;;;;
10616;1;7;;;;
10617;1;2;;;162;
10618;1;2;;;162;
10619;1;7;;;162;
10620;1;2;;;162;
10621;1;18;;;;
10622;1;19;;;;
10623;1;19;;;;
10624;1;19;;;;
10625;1;19;;;;
10626;1;2;;;162;
10627;1;2;;;162;
10628;1;7;;;162;
10629;1;2;;;;
10630;1;18;;;;
10631;1;10;;;;
10632;1;9;;;;
10633;1;18;;;;
10634;1;18;;;;
10635;1;10;;;;
10636;1;9;;;;
10637;1;18;;;;
10638;1;18;;;;
10639;1;10;;;;
10640;1;9;;;;
10641;1;18;;;;
10642;1;18;;;;
10643;1;18;;;;
10644;1;10;;;;
10645;1;9;;;;
10646;1;18;;;;
10647;1;18;;;;
10648;1;10;;;;
10649;1;9;;;;
10650;1;18;;;;
10651;1;18;;;;
10652;1;10;;;;
10653;1;9;;;;
10654;1;18;;;;
10655;1;18;;;;
10656;1;10;;;;
10657;1;9;;;;
10658;1;18;;;;
10659;1;18;;;;
10660;1;18;;;;
10661;1;10;;;;
10662;1;10;;;;
10663;1;9;;;;
10664;1;9;;;;
10665;1;18;;;;
10666;1;18;;;;
10667;1;9;;;;
10668;1;18;;;;
10669;1;10;;;;
10670;1;9;;;;
10671;1;18;;;;
10672;1;9;;;;
10673;1;18;;;;
10674;1;10;;;;
10675;1;9;;;;
10676;1;18;;;;
10677;1;18;;;;
10678;1;10;;;;
10679;1;9;;;;
10680;1;18;;;;
10681;1;18;;;;
10682;1;10;;;;
10683;1;9;;;;
10684;1;18;;;;
10685;1;9;;;;
10686;1;9;;;;
10687;1;18;;;;
10688;1;10;;;;
10689;1;9;;;;
10690;1;18;;;;
10691;1;18;;;;
10692;1;10;;;;
10693;1;9;;;;
10694;1;18;;;;
10695;1;9;;;;
10696;1;9;;;;
10697;1;18;;;;
10698;1;18;;;;
10699;1;10;;;;
10700;1;9;;;;
10701;1;18;;;;
10702;1;18;;;;
10703;1;10;;;;
10704;1;9;;;;
10705;1;18;;;;
10706;1;9;;;;
10707;1;9;;;;
10708;1;18;;;;
10709;1;10;;;;
10710;1;9;;;;
10711;1;18;;;;
10712;1;18;;;;
10713;1;18;;;;
10714;1;10;;;;
10715;1;9;;;;
10716;1;18;;;;
10717;1;9;;;;
10718;1;9;;;;
10719;1;18;;;;
10720;1;18;;;;
10721;1;10;;;;
10722;1;9;;;;
10723;1;18;;;;
10724;1;18;;;;
10725;1;10;;;;
10726;1;9;;;;
10727;1;18;;;;
10728;1;9;;;;
10729;1;9;;;;
10730;1;18;;;;
10731;1;10;;;;
10732;1;9;;;;
10733;1;18;;;;
10734;1;18;;;;
10735;1;18;;;;
10736;1;18;;;;
10737;1;10;;;;
10738;1;9;;;;
10739;1;18;;;;
10740;1;9;;;;
10741;1;9;;;;
10742;1;18;;;;
10743;1;18;;;;
10744;1;10;;;;
10745;1;9;;;;
10746;1;18;;;;
10747;1;18;;;;
10748;1;18;;;;
10749;1;18;;;;
10750;1;10;;;;
10751;1;9;;;;
10752;1;18;;;;
10753;1;9;;;;
10754;1;18;;;;
10755;1;10;;;;
10756;1;9;;;;
10757;1;18;;;;
10758;1;9;;;;
10759;1;18;;;;
10760;1;10;;;;
10761;1;9;;;;
10762;1;18;;;;
10763;1;18;;;;
10764;1;10;;;;
10765;1;9;;;;
10766;1;18;;;;
10767;1;18;;;;
10768;1;10;;;;
10769;1;9;;;;
10770;1;18;;;;
10771;1;9;;;;
10772;1;18;;;;
10773;1;10;;;;
10774;1;9;;;;
10775;1;18;;;;
10776;1;9;;;;
10777;1;18;;;;
10778;1;10;;;;
10779;1;9;;;;
10780;1;18;;;;
10781;1;18;;;;
10782;1;18;;;;
10783;1;10;;;;
10784;1;9;;;;
10785;1;18;;;;
10786;1;18;;;;
10787;1;10;;;;
10788;1;9;;;;
10789;1;18;;;;
10790;1;9;;;;
10791;1;9;;;;
10792;1;18;;;;
10793;1;10;;;;
10794;1;9;;;;
10795;1;18;;;;
10796;1;18;;;;
10797;1;18;;;;
10798;1;10;;;;
10799;1;9;;;;
10800;1;18;;;;
10801;1;9;;;;
10802;1;9;;;;
10803;1;18;;;;
10804;1;10;;;;
10805;1;9;;;;
10806;1;18;;;;
10807;1;18;;;;
10808;1;18;;;;
10809;1;10;;;;
10810;1;9;;;;
10811;1;18;;;;
10812;1;9;;;;
10813;1;9;;;;
10814;1;18;;;;
10815;1;18;;;;
10816;1;10;;;;
10817;1;9;;;;
10818;1;18;;;;
10819;1;18;;;;
10820;1;18;;;;
10821;1;10;;;;
10822;1;9;;;;
10823;1;18;;;;
10824;1;9;;;;
10825;1;9;;;;
10826;1;18;;;;
10827;1;10;;;;
10828;1;9;;;;
10829;1;18;;;;
10830;1;18;;;;
10831;1;10;;;;
10832;1;9;;;;
10833;1;18;;;;
10834;1;9;;;;
10835;1;9;;;;
10836;1;18;;;;
10837;1;10;;;;
10838;1;9;;;;
10839;1;18;;;;
10840;1;18;;;;
10841;1;10;;;;
10842;1;9;;;;
10843;1;18;;;;
10844;1;9;;;;
10845;1;9;;;;
10846;1;9;;;;
10847;1;18;;;;
10848;1;18;;;;
10849;1;10;;;;
10850;1;9;;;;
10851;1;18;;;;
10852;1;18;;;;
10853;1;18;;;;
10854;1;10;;;;
10855;1;9;;;;
10856;1;18;;;;
10857;1;9;;;;
10858;1;9;;;;
10859;1;18;;;;
10860;1;18;;;;
10861;1;10;;;;
10862;1;9;;;;
10863;1;18;;;;
10864;1;18;;;;
10865;1;10;;;;
10866;1;9;;;;
10867;1;18;;;;
10868;1;18;;;;
10869;1;9;;;;
10870;1;18;;;;
10871;1;18;;;;
10872;1;10;;;;
10873;1;10;;;;
10874;1;9;;;;
10875;1;18;;;;
10876;1;10;;;;
10877;1;13;;;;
10878;1;19;;;;
10879;1;10;;;;
10880;1;13;;;;
10881;1;2;;;;
10882;1;10;;;;
10883;1;11;;;;
10884;1;19;;;;
10885;1;9;;;;
10886;1;7;;;;
10887;1;7;;;;
10888;1;7;;;;
10889;1;7;;;;
10890;1;7;;;;
10891;1;7;;;;
10892;1;7;;;;
10893;1;7;;;;
10894;1;7;;;;
10895;1;7;;;;
10896;1;7;;;;
10897;1;7;;;;
10898;1;7;;;;
10899;1;7;;;;
10900;1;7;;;;
10901;1;7;;;;
10902;1;7;;;;
10903;1;7;;;;
10904;1;7;;;;
10905;1;7;;;;
10906;1;7;;;;
10907;1;7;;;;
10908;1;7;;;;
10909;1;7;;;;
10910;1;7;;;;
10911;1;7;;;;
10912;1;7;;;;
10913;1;7;;;;
10914;1;7;;;;
10915;1;7;;;;
10916;1;7;;;;
10917;1;7;;;;
10918;1;7;;;;
10919;1;7;;;;
10920;1;7;;;;
10921;1;7;;;;
10922;1;7;;;;
10923;1;7;;;;
10924;1;7;;;;
10925;1;7;;;;
10926;1;7;;;;
10927;1;7;;;;
10928;1;7;;;;
10929;1;7;;;;
10930;1;7;;;;
10931;1;7;;;;
10932;1;7;;;;
10933;1;7;;;;
10934;1;7;;;;
10935;1;7;;;;
10936;1;7;;;;
10937;1;7;;;;
10938;1;7;;;;
10939;1;7;;;;
10940;1;7;;;;
10941;1;7;;;;
10942;1;7;;;;
10943;1;7;;;;
10944;1;7;;;;
10945;1;7;;;;
10946;1;7;;;;
10947;1;7;;;;
10948;1;7;;;;
10949;1;7;;;;
10950;1;7;;;;
10951;1;7;;;;
10952;1;7;;;;
10953;1;7;;;;
10954;1;7;;;;
10955;1;7;;;;
10956;1;7;;;;
10957;1;18;;;;
10958;1;11;;;;
10959;1;18;;;;
10960;1;7;;;;
10961;1;8;;;;
10962;1;18;;;;
10963;1;3;;;;
10964;1;17;;;;
10965;1;10;;;;
10966;1;8;;;;
10967;1;17;;;;
10968;1;17;;;;
10969;1;10;;;;
10970;1;8;;;;
10971;1;17;;;;
10972;1;17;;;;
10973;1;14;;;;
10974;1;17;;;;
10975;1;11;;;;
10976;1;10;;;;
10977;1;4;;;;
10978;1;7;;;;
10979;1;8;;;;
10980;1;17;;;;
10981;1;17;;;;
10982;1;14;;;;
10983;1;17;;;;
10984;1;11;;;;
10985;1;10;;;;
10986;1;4;;;;
10987;1;7;;;;
10988;1;8;;;;
10989;1;17;;;;
10990;1;17;;;;
10991;1;14;;;;
10992;1;11;;;;
10993;1;10;;;;
10994;1;4;;;;
10995;1;7;;;;
10996;1;8;;;;
10997;1;17;;;;
10998;1;7;;;;
10999;1;17;;;;
11000;1;14;;;;
11001;1;11;;;;
11002;1;10;;;;
11003;1;4;;;;
11004;1;7;;;;
11005;1;8;;;;
11006;1;4;;;162;
11007;1;11;;;162;
11008;1;2;;;162;
11009;1;17;;;;
11010;1;7;;;;
11011;1;17;;;;
11012;1;14;;;;
11013;1;11;;;;
11014;1;10;;;;
11015;1;4;;;;
11016;1;7;;;;
11017;1;8;;;;
11018;1;2;;;162;
11019;1;10;;;162;
11020;1;5;;;162;
11021;1;17;;;;
11022;1;7;;;;
11023;1;17;;;;
11024;1;14;;;;
11025;1;11;;;;
11026;1;10;;;;
11027;1;4;;;;
11028;1;7;;;;
11029;1;8;;;;
11030;1;4;;;162;
11031;1;11;;;162;
11032;1;2;;;162;
11033;1;17;;;;
11034;1;7;;;;
11035;1;17;;;;
11036;1;14;;;;
11037;1;11;;;;
11038;1;10;;;;
11039;1;4;;;;
11040;1;7;;;;
11041;1;8;;;;
11042;1;2;;;162;
11043;1;10;;;162;
11044;1;5;;;162;
11045;1;17;;;;
11046;1;7;;;;
11047;1;17;;;;
11048;1;14;;;;
11049;1;11;;;;
11050;1;10;;;;
11051;1;4;;;;
11052;1;7;;;;
11053;1;8;;;;
11054;1;4;;;162;
11055;1;11;;;162;
11056;1;2;;;162;
11057;1;17;;;;
11058;1;7;;;;
11059;1;17;;;;
11060;1;11;;;;
11061;1;10;;;;
11062;1;7;;;;
11063;1;8;;;;
11064;1;2;;;162;
11065;1;10;;;162;
11066;1;5;;;162;
11067;1;17;;;;
11068;1;7;;;;
11069;1;17;;;;
11070;1;14;;;;
11071;1;11;;;;
11072;1;10;;;;
11073;1;4;;;;
11074;1;7;;;;
11075;1;8;;;;
11076;1;4;;;162;
11077;1;11;;;162;
11078;1;2;;;162;
11079;1;17;;;;
11080;1;7;;;;
11081;1;17;;;;
11082;1;7;;;;
11083;1;17;;;;
11084;1;11;;;;
11085;1;10;;;;
11086;1;10;;;;
11087;1;7;;;;
11088;1;8;;;;
11089;1;10;;;162;
11090;1;2;;;162;
11091;1;5;;;162;
11092;1;17;;;;
11093;1;7;;;;
11094;1;17;;;;
11095;1;11;;;;
11096;1;10;;;;
11097;1;7;;;;
11098;1;8;;;;
11099;1;4;;;162;
11100;1;11;;;162;
11101;1;2;;;162;
11102;1;17;;;;
11103;1;7;;;;
11104;1;17;;;;
11105;1;11;;;;
11106;1;10;;;;
11107;1;7;;;;
11108;1;8;;;;
11109;1;2;;;162;
11110;1;10;;;162;
11111;1;5;;;162;
11112;1;17;;;;
11113;1;7;;;;
11114;1;17;;;;
11115;1;11;;;;
11116;1;10;;;;
11117;1;7;;;;
11118;1;8;;;;
11119;1;4;;;162;
11120;1;11;;;162;
11121;1;11;;;162;
11122;1;2;;;162;
11123;1;17;;;;
11124;1;7;;;;
11125;1;17;;;;
11126;1;7;;;;
11127;1;17;;;;
11128;1;11;;;;
11129;1;10;;;;
11130;1;10;;;;
11131;1;7;;;;
11132;1;8;;;;
11133;1;10;;;162;
11134;1;2;;;162;
11135;1;5;;;162;
11136;1;17;;;;
11137;1;17;;;;
11138;1;11;;;;
11139;1;10;;;;
11140;1;7;;;;
11141;1;8;;;;
11142;1;17;;;;
11143;1;17;;;;
11144;1;17;;;;
11145;1;11;;;;
11146;1;10;;;;
11147;1;7;;;;
11148;1;8;;;;
11149;1;17;;;;
11150;1;17;;;;
11151;1;11;;;;
11152;1;10;;;;
11153;1;7;;;;
11154;1;8;;;;
11155;1;17;;;;
11156;1;17;;;;
11157;1;17;;;;
11158;1;11;;;;
11159;1;10;;;;
11160;1;10;;;;
11161;1;7;;;;
11162;1;8;;;;
11163;1;17;;;;
11164;1;17;;;;
11165;1;11;;;;
11166;1;10;;;;
11167;1;7;;;;
11168;1;8;;;;
11169;1;17;;;;
11170;1;17;;;;
11171;1;10;;;;
11172;1;8;;;;
11173;1;17;;;;
11174;1;17;;;;
11175;1;11;;;;
11176;1;10;;;;
11177;1;7;;;;
11178;1;8;;;;
11179;1;17;;;;
11180;1;17;;;;
11181;1;11;;;;
11182;1;10;;;;
11183;1;7;;;;
11184;1;8;;;;
11185;1;17;;;;
11186;1;17;;;;
11187;1;11;;;;
11188;1;10;;;;
11189;1;7;;;;
11190;1;8;;;;
11191;1;17;;;;
11192;1;17;;;;
11193;1;14;;;;
11194;1;11;;;;
11195;1;10;;;;
11196;1;4;;;;
11197;1;7;;;;
11198;1;8;;;;
11199;1;17;;;;
11200;1;17;;;;
11201;1;11;;;;
11202;1;10;;;;
11203;1;7;;;;
11204;1;8;;;;
11205;1;17;;;;
11206;1;17;;;;
11207;1;14;;;;
11208;1;11;;;;
11209;1;10;;;;
11210;1;4;;;;
11211;1;7;;;;
11212;1;8;;;;
11213;1;17;;;;
11214;1;17;;;;
11215;1;14;;;;
11216;1;11;;;;
11217;1;10;;;;
11218;1;4;;;;
11219;1;7;;;;
11220;1;8;;;;
11221;1;17;;;;
11222;1;17;;;;
11223;1;14;;;;
11224;1;11;;;;
11225;1;10;;;;
11226;1;4;;;;
11227;1;7;;;;
11228;1;8;;;;
11229;1;17;;;;
11230;1;17;;;;
11231;1;17;;;;
11232;1;11;;;;
11233;1;10;;;;
11234;1;7;;;;
11235;1;8;;;;
11236;1;17;;;;
11237;1;17;;;;
11238;1;14;;;;
11239;1;11;;;;
11240;1;12;;;;
11241;1;5;;;;
11242;1;10;;;;
11243;1;4;;;;
11244;1;7;;;;
11245;1;6;;;;
11246;1;8;;;;
11247;1;17;;;;
11248;1;17;;;;
11249;1;14;;;;
11250;1;11;;;;
11251;1;10;;;;
11252;1;4;;;;
11253;1;7;;;;
11254;1;8;;;;
11255;1;17;;;;
11256;1;17;;;;
11257;1;14;;;;
11258;1;11;;;;
11259;1;12;;;;
11260;1;5;;;;
11261;1;10;;;;
11262;1;4;;;;
11263;1;7;;;;
11264;1;6;;;;
11265;1;8;;;;
11266;1;17;;;;
11267;1;17;;;;
11268;1;14;;;;
11269;1;11;;;;
11270;1;12;;;;
11271;1;5;;;;
11272;1;10;;;;
11273;1;4;;;;
11274;1;7;;;;
11275;1;6;;;;
11276;1;8;;;;
11277;1;17;;;;
11278;1;17;;;;
11279;1;14;;;;
11280;1;11;;;;
11281;1;12;;;;
11282;1;5;;;;
11283;1;10;;;;
11284;1;4;;;;
11285;1;7;;;;
11286;1;6;;;;
11287;1;8;;;;
11288;1;17;;;;
11289;1;17;;;;
11290;1;14;;;;
11291;1;5;;;;
11292;1;10;;;;
11293;1;4;;;;
11294;1;6;;;;
11295;1;8;;;;
11296;1;17;;;;
11297;1;17;;;;
11298;1;14;;;;
11299;1;7;;;;
11300;1;8;;;;
11301;1;14;;;;
11302;1;14;;;;
11303;1;7;;;;
11304;1;8;;;;
11305;1;14;;;;
11306;1;14;;;;
11307;1;7;;;;
11308;1;8;;;;
11309;1;14;;;;
11310;1;14;;;;
11311;1;7;;;;
11312;1;8;;;;
11313;1;14;;;;
11314;1;17;;;;
11315;1;14;;;;
11316;1;10;;;;
11317;1;17;;;;
11318;1;4;;;;
11319;1;8;;;;
11320;1;17;;;;
11321;1;17;;;;
11322;1;11;;;;
11323;1;10;;;;
11324;1;17;;;;
11325;1;7;;;;
11326;1;8;;;;
11327;1;17;;;;
11328;1;17;;;;
11329;1;17;;;;
11330;1;17;;;;
11331;1;17;;;;
11332;1;7;;;;
11333;1;17;;;;
11334;1;7;;;;
11335;1;17;;;;
11336;1;17;;;;
11337;1;17;;;;
11338;1;17;;;;
11339;1;7;;;;
11340;1;14;;;;
11341;1;4;;;;
11342;1;17;;;;
11343;1;14;;;;
11344;1;14;;;;
11345;1;4;;;;
11346;1;14;;;;
11347;1;4;;;;
11348;1;14;;;;
11349;1;14;;;;
11350;1;14;;;;
11351;1;4;;;;
11352;1;17;;;;
11353;1;7;;;;
11354;1;14;;;;
11355;1;17;;;;
11356;1;17;;;;
11357;1;7;;;;
11358;1;17;;;;
11359;1;7;;;;
11360;1;17;;;;
11361;1;17;;;;
11362;1;14;;;;
11363;1;18;;;;
11364;1;17;;;;
11365;1;7;;;;
11366;1;14;;;;
11367;1;4;;;;
11368;1;14;;;;
11369;1;14;;;;
11370;1;14;;;;
11371;1;4;;;;
11372;1;17;;;;
11373;1;14;;;;
11374;1;4;;;;
11375;1;7;;;;
11376;1;14;;;;
11377;1;17;;;;
11378;1;14;;;;
11379;1;17;;;;
11380;1;14;;;;
11381;1;4;;;;
11382;1;7;;;;
11383;1;17;;;;
11384;1;14;;;;
11385;1;4;;;;
11386;1;7;;;;
11387;1;17;;;;
11388;1;14;;;;
11389;1;17;;;;
11390;1;14;;;;
11391;1;17;;;;
11392;1;14;;;;
11393;1;4;;;;
11394;1;7;;;;
11395;1;4;;;;
11396;1;17;;;;
11397;1;7;;;;
11398;1;17;;;;
11399;1;14;;;;
11400;1;14;;;;
11401;1;14;;;;
11402;1;3;;;;
11403;1;3;;;;
11404;1;3;;;;
11405;1;3;;;;
11406;1;3;;;;
11407;1;3;;;;
11408;1;3;;;;
11409;1;3;;;;
11410;1;3;;;;
11411;1;3;;;;
11412;1;3;;;;
11413;1;3;;;;
11414;1;3;;;;
11415;1;11;;;;
11416;1;12;;;;
11417;1;2;;;;
11418;1;12;;;;
11419;1;11;;;;
11420;1;11;;;;
11421;1;11;;;;
11422;1;11;;;;
11423;1;6;;;;
11424;1;5;;;;
11425;1;11;;;;
11426;1;6;;;;
11427;1;6;;;;
11428;1;11;;;;
11429;1;6;;;162;
11430;1;6;;;162;
11431;1;2;;;162;
11432;1;2;;;162;
11433;1;4;;;162;
11434;1;6;;;162;
11435;1;6;;;162;
11436;1;11;;;;
11437;1;2;;;162;
11438;1;2;;;162;
11439;1;11;;;;
11440;1;6;;;;
11441;1;5;;;;
11442;1;6;;;;
11443;1;6;;;;
11444;1;11;;;;
11445;1;7;;;162;
11446;1;3;;;162;
11447;1;2;;;162;
11448;1;2;;;162;
11449;1;6;;;162;
11450;1;3;;;162;
11451;1;11;;;;
11452;1;2;;;162;
11453;1;2;;;162;
11454;1;2;;;162;
11455;1;11;;;;
11456;1;6;;;;
11457;1;5;;;;
11458;1;11;;;;
11459;1;6;;;;
11460;1;6;;;;
11461;1;11;;;;
11462;1;6;;;162;
11463;1;6;;;162;
11464;1;2;;;162;
11465;1;2;;;162;
11466;1;11;;;;
11467;1;2;;;162;
11468;1;2;;;162;
11469;1;11;;;;
11470;1;6;;;;
11471;1;5;;;;
11472;1;6;;;;
11473;1;6;;;;
11474;1;11;;;;
11475;1;7;;;162;
11476;1;3;;;162;
11477;1;2;;;162;
11478;1;2;;;162;
11479;1;11;;;;
11480;1;2;;;162;
11481;1;2;;;162;
11482;1;11;;;;
11483;1;6;;;;
11484;1;5;;;;
11485;1;11;;;;
11486;1;6;;;;
11487;1;6;;;;
11488;1;11;;;;
11489;1;6;;;162;
11490;1;6;;;162;
11491;1;2;;;162;
11492;1;2;;;162;
11493;1;4;;;162;
11494;1;6;;;162;
11495;1;6;;;162;
11496;1;11;;;;
11497;1;2;;;162;
11498;1;2;;;162;
11499;1;11;;;;
11500;1;6;;;;
11501;1;5;;;;
11502;1;6;;;;
11503;1;6;;;;
11504;1;11;;;;
11505;1;7;;;162;
11506;1;6;;;162;
11507;1;3;;;162;
11508;1;2;;;162;
11509;1;2;;;162;
11510;1;6;;;162;
11511;1;3;;;162;
11512;1;2;;;162;
11513;1;11;;;;
11514;1;2;;;162;
11515;1;2;;;162;
11516;1;2;;;162;
11517;1;11;;;;
11518;1;6;;;;
11519;1;5;;;;
11520;1;6;;;;
11521;1;6;;;;
11522;1;11;;;;
11523;1;6;;;162;
11524;1;6;;;162;
11525;1;4;;;162;
11526;1;2;;;162;
11527;1;2;;;162;
11528;1;11;;;;
11529;1;2;;;162;
11530;1;2;;;162;
11531;1;11;;;;
11532;1;6;;;;
11533;1;5;;;;
11534;1;6;;;;
11535;1;6;;;;
11536;1;11;;;;
11537;1;7;;;162;
11538;1;3;;;162;
11539;1;2;;;162;
11540;1;2;;;162;
11541;1;11;;;;
11542;1;2;;;162;
11543;1;11;;;;
11544;1;6;;;;
11545;1;5;;;;
11546;1;11;;;;
11547;1;6;;;;
11548;1;6;;;;
11549;1;11;;;;
11550;1;6;;;162;
11551;1;6;;;162;
11552;1;4;;;162;
11553;1;2;;;162;
11554;1;2;;;162;
11555;1;4;;;162;
11556;1;6;;;162;
11557;1;6;;;162;
11558;1;11;;;;
11559;1;2;;;162;
11560;1;2;;;162;
11561;1;11;;;;
11562;1;6;;;;
11563;1;5;;;;
11564;1;6;;;;
11565;1;6;;;;
11566;1;11;;;;
11567;1;6;;;162;
11568;1;7;;;162;
11569;1;3;;;162;
11570;1;2;;;162;
11571;1;2;;;162;
11572;1;6;;;162;
11573;1;3;;;162;
11574;1;2;;;162;
11575;1;11;;;;
11576;1;2;;;162;
11577;1;11;;;;
11578;1;6;;;;
11579;1;5;;;;
11580;1;11;;;;
11581;1;6;;;;
11582;1;6;;;;
11583;1;11;;;;
11584;1;4;;;162;
11585;1;6;;;162;
11586;1;6;;;162;
11587;1;2;;;162;
11588;1;2;;;162;
11589;1;11;;;;
11590;1;2;;;162;
11591;1;2;;;162;
11592;1;11;;;;
11593;1;6;;;;
11594;1;5;;;;
11595;1;6;;;;
11596;1;6;;;;
11597;1;11;;;;
11598;1;7;;;162;
11599;1;3;;;162;
11600;1;2;;;162;
11601;1;2;;;162;
11602;1;11;;;;
11603;1;2;;;162;
11604;1;11;;;;
11605;1;6;;;;
11606;1;5;;;;
11607;1;11;;;;
11608;1;6;;;;
11609;1;6;;;;
11610;1;11;;;;
11611;1;4;;;162;
11612;1;6;;;162;
11613;1;6;;;162;
11614;1;2;;;162;
11615;1;2;;;162;
11616;1;4;;;162;
11617;1;6;;;162;
11618;1;6;;;162;
11619;1;11;;;;
11620;1;2;;;162;
11621;1;2;;;162;
11622;1;11;;;;
11623;1;6;;;;
11624;1;5;;;;
11625;1;6;;;;
11626;1;6;;;;
11627;1;11;;;;
11628;1;6;;;162;
11629;1;7;;;162;
11630;1;3;;;162;
11631;1;2;;;162;
11632;1;2;;;162;
11633;1;6;;;162;
11634;1;3;;;162;
11635;1;2;;;162;
11636;1;11;;;;
11637;1;2;;;162;
11638;1;2;;;162;
11639;1;11;;;;
11640;1;6;;;;
11641;1;5;;;;
11642;1;11;;;;
11643;1;6;;;;
11644;1;6;;;;
11645;1;11;;;;
11646;1;4;;;162;
11647;1;6;;;162;
11648;1;6;;;162;
11649;1;2;;;162;
11650;1;2;;;162;
11651;1;11;;;;
11652;1;2;;;162;
11653;1;2;;;162;
11654;1;11;;;;
11655;1;6;;;;
11656;1;5;;;;
11657;1;6;;;;
11658;1;6;;;;
11659;1;11;;;;
11660;1;7;;;162;
11661;1;3;;;162;
11662;1;2;;;162;
11663;1;2;;;162;
11664;1;11;;;;
11665;1;2;;;162;
11666;1;11;;;;
11667;1;6;;;;
11668;1;5;;;;
11669;1;11;;;;
11670;1;6;;;;
11671;1;6;;;;
11672;1;11;;;;
11673;1;4;;;162;
11674;1;6;;;162;
11675;1;6;;;162;
11676;1;2;;;162;
11677;1;2;;;162;
11678;1;4;;;162;
11679;1;6;;;162;
11680;1;6;;;162;
11681;1;11;;;;
11682;1;2;;;162;
11683;1;2;;;162;
11684;1;11;;;;
11685;1;6;;;;
11686;1;5;;;;
11687;1;11;;;;
11688;1;6;;;;
11689;1;6;;;;
11690;1;11;;;;
11691;1;7;;;162;
11692;1;6;;;162;
11693;1;3;;;162;
11694;1;2;;;162;
11695;1;2;;;162;
11696;1;6;;;162;
11697;1;3;;;162;
11698;1;2;;;162;
11699;1;11;;;;
11700;1;2;;;162;
11701;1;2;;;162;
11702;1;2;;;162;
11703;1;11;;;;
11704;1;6;;;;
11705;1;5;;;;
11706;1;11;;;;
11707;1;6;;;;
11708;1;6;;;;
11709;1;11;;;;
11710;1;4;;;162;
11711;1;6;;;162;
11712;1;6;;;162;
11713;1;2;;;162;
11714;1;2;;;162;
11715;1;11;;;;
11716;1;2;;;162;
11717;1;2;;;162;
11718;1;11;;;;
11719;1;6;;;;
11720;1;5;;;;
11721;1;6;;;;
11722;1;6;;;;
11723;1;11;;;;
11724;1;7;;;162;
11725;1;3;;;162;
11726;1;2;;;162;
11727;1;2;;;162;
11728;1;11;;;;
11729;1;2;;;162;
11730;1;11;;;;
11731;1;6;;;;
11732;1;5;;;;
11733;1;11;;;;
11734;1;6;;;;
11735;1;6;;;;
11736;1;11;;;;
11737;1;4;;;162;
11738;1;6;;;162;
11739;1;6;;;162;
11740;1;2;;;162;
11741;1;2;;;162;
11742;1;4;;;162;
11743;1;6;;;162;
11744;1;6;;;162;
11745;1;11;;;;
11746;1;2;;;162;
11747;1;2;;;162;
11748;1;11;;;;
11749;1;6;;;;
11750;1;5;;;;
11751;1;11;;;;
11752;1;6;;;;
11753;1;6;;;;
11754;1;11;;;;
11755;1;6;;;162;
11756;1;7;;;162;
11757;1;3;;;162;
11758;1;2;;;162;
11759;1;2;;;162;
11760;1;6;;;162;
11761;1;3;;;162;
11762;1;2;;;162;
11763;1;11;;;;
11764;1;2;;;162;
11765;1;2;;;162;
11766;1;2;;;162;
11767;1;2;;;162;
11768;1;11;;;;
11769;1;6;;;;
11770;1;5;;;;
11771;1;11;;;;
11772;1;6;;;;
11773;1;6;;;;
11774;1;11;;;;
11775;1;4;;;162;
11776;1;6;;;162;
11777;1;6;;;162;
11778;1;2;;;162;
11779;1;2;;;162;
11780;1;11;;;;
11781;1;2;;;162;
11782;1;2;;;162;
11783;1;11;;;;
11784;1;6;;;;
11785;1;5;;;;
11786;1;6;;;;
11787;1;6;;;;
11788;1;11;;;;
11789;1;7;;;162;
11790;1;3;;;162;
11791;1;2;;;162;
11792;1;2;;;162;
11793;1;11;;;;
11794;1;11;;;;
11795;1;6;;;;
11796;1;5;;;;
11797;1;11;;;;
11798;1;6;;;;
11799;1;6;;;;
11800;1;11;;;;
11801;1;4;;;162;
11802;1;6;;;162;
11803;1;6;;;162;
11804;1;2;;;162;
11805;1;2;;;162;
11806;1;4;;;162;
11807;1;6;;;162;
11808;1;6;;;162;
11809;1;11;;;;
11810;1;2;;;162;
11811;1;2;;;162;
11812;1;11;;;;
11813;1;6;;;;
11814;1;5;;;;
11815;1;11;;;;
11816;1;6;;;;
11817;1;6;;;;
11818;1;11;;;;
11819;1;7;;;162;
11820;1;6;;;162;
11821;1;3;;;162;
11822;1;2;;;162;
11823;1;2;;;162;
11824;1;6;;;162;
11825;1;3;;;162;
11826;1;2;;;162;
11827;1;11;;;;
11828;1;2;;;162;
11829;1;2;;;162;
11830;1;2;;;162;
11831;1;11;;;;
11832;1;6;;;;
11833;1;5;;;;
11834;1;11;;;;
11835;1;6;;;;
11836;1;6;;;;
11837;1;11;;;;
11838;1;4;;;162;
11839;1;6;;;162;
11840;1;6;;;162;
11841;1;2;;;162;
11842;1;2;;;162;
11843;1;11;;;;
11844;1;2;;;162;
11845;1;2;;;162;
11846;1;11;;;;
11847;1;6;;;;
11848;1;5;;;;
11849;1;6;;;;
11850;1;6;;;;
11851;1;11;;;;
11852;1;7;;;162;
11853;1;3;;;162;
11854;1;2;;;162;
11855;1;2;;;162;
11856;1;11;;;;
11857;1;2;;;162;
11858;1;11;;;;
11859;1;6;;;;
11860;1;5;;;;
11861;1;6;;;;
11862;1;11;;;;
11863;1;4;;;162;
11864;1;6;;;162;
11865;1;6;;;162;
11866;1;6;;;162;
11867;1;2;;;162;
11868;1;2;;;162;
11869;1;11;;;;
11870;1;2;;;162;
11871;1;2;;;162;
11872;1;11;;;;
11873;1;6;;;;
11874;1;5;;;;
11875;1;11;;;;
11876;1;6;;;;
11877;1;6;;;;
11878;1;11;;;;
11879;1;7;;;162;
11880;1;6;;;162;
11881;1;3;;;162;
11882;1;2;;;162;
11883;1;2;;;162;
11884;1;6;;;162;
11885;1;3;;;162;
11886;1;2;;;162;
11887;1;11;;;;
11888;1;2;;;162;
11889;1;2;;;162;
11890;1;2;;;162;
11891;1;11;;;;
11892;1;6;;;;
11893;1;5;;;;
11894;1;11;;;;
11895;1;6;;;;
11896;1;6;;;;
11897;1;11;;;;
11898;1;4;;;162;
11899;1;6;;;162;
11900;1;6;;;162;
11901;1;6;;;162;
11902;1;2;;;162;
11903;1;2;;;162;
11904;1;11;;;;
11905;1;2;;;162;
11906;1;2;;;162;
11907;1;11;;;;
11908;1;6;;;;
11909;1;5;;;;
11910;1;6;;;;
11911;1;6;;;;
11912;1;11;;;;
11913;1;7;;;162;
11914;1;3;;;162;
11915;1;2;;;162;
11916;1;2;;;162;
11917;1;11;;;;
11918;1;2;;;162;
11919;1;11;;;;
11920;1;6;;;;
11921;1;5;;;;
11922;1;11;;;;
11923;1;6;;;;
11924;1;11;;;;
11925;1;4;;;162;
11926;1;6;;;162;
11927;1;6;;;162;
11928;1;2;;;162;
11929;1;2;;;162;
11930;1;11;;;;
11931;1;2;;;162;
11932;1;2;;;162;
11933;1;11;;;;
11934;1;6;;;;
11935;1;5;;;;
11936;1;6;;;;
11937;1;6;;;;
11938;1;11;;;;
11939;1;7;;;162;
11940;1;6;;;162;
11941;1;3;;;162;
11942;1;2;;;162;
11943;1;2;;;162;
11944;1;6;;;162;
11945;1;3;;;162;
11946;1;2;;;162;
11947;1;11;;;;
11948;1;2;;;162;
11949;1;2;;;162;
11950;1;2;;;162;
11951;1;11;;;;
11952;1;6;;;;
11953;1;5;;;;
11954;1;11;;;;
11955;1;6;;;;
11956;1;6;;;;
11957;1;11;;;;
11958;1;4;;;162;
11959;1;6;;;162;
11960;1;6;;;162;
11961;1;2;;;162;
11962;1;2;;;162;
11963;1;11;;;;
11964;1;2;;;162;
11965;1;2;;;162;
11966;1;11;;;;
11967;1;6;;;;
11968;1;5;;;;
11969;1;6;;;;
11970;1;6;;;;
11971;1;11;;;;
11972;1;7;;;162;
11973;1;3;;;162;
11974;1;2;;;162;
11975;1;2;;;162;
11976;1;11;;;;
11977;1;2;;;162;
11978;1;11;;;;
11979;1;6;;;;
11980;1;5;;;;
11981;1;11;;;;
11982;1;6;;;;
11983;1;11;;;;
11984;1;4;;;162;
11985;1;6;;;162;
11986;1;6;;;162;
11987;1;2;;;162;
11988;1;2;;;162;
11989;1;11;;;;
11990;1;2;;;162;
11991;1;2;;;162;
11992;1;11;;;;
11993;1;6;;;;
11994;1;5;;;;
11995;1;6;;;;
11996;1;11;;;;
11997;1;6;;;162;
11998;1;7;;;162;
11999;1;3;;;162;
12000;1;2;;;162;
12001;1;2;;;162;
12002;1;11;;;;
12003;1;2;;;162;
12004;1;2;;;162;
12005;1;2;;;162;
12006;1;11;;;;
12007;1;6;;;;
12008;1;5;;;;
12009;1;11;;;;
12010;1;6;;;;
12011;1;6;;;;
12012;1;11;;;;
12013;1;4;;;162;
12014;1;6;;;162;
12015;1;6;;;162;
12016;1;2;;;162;
12017;1;2;;;162;
12018;1;11;;;;
12019;1;2;;;162;
12020;1;2;;;162;
12021;1;11;;;;
12022;1;6;;;;
12023;1;5;;;;
12024;1;6;;;;
12025;1;6;;;;
12026;1;11;;;;
12027;1;7;;;162;
12028;1;3;;;162;
12029;1;2;;;162;
12030;1;2;;;162;
12031;1;11;;;;
12032;1;2;;;162;
12033;1;2;;;162;
12034;1;11;;;;
12035;1;6;;;;
12036;1;5;;;;
12037;1;11;;;;
12038;1;6;;;;
12039;1;11;;;;
12040;1;2;;;162;
12041;1;4;;;162;
12042;1;6;;;162;
12043;1;6;;;162;
12044;1;2;;;162;
12045;1;2;;;162;
12046;1;11;;;;
12047;1;2;;;162;
12048;1;2;;;162;
12049;1;11;;;;
12050;1;6;;;;
12051;1;5;;;;
12052;1;6;;;;
12053;1;11;;;;
12054;1;7;;;162;
12055;1;6;;;162;
12056;1;3;;;162;
12057;1;2;;;162;
12058;1;2;;;162;
12059;1;11;;;;
12060;1;2;;;162;
12061;1;2;;;162;
12062;1;2;;;162;
12063;1;11;;;;
12064;1;6;;;;
12065;1;5;;;;
12066;1;11;;;;
12067;1;6;;;;
12068;1;6;;;;
12069;1;11;;;;
12070;1;2;;;162;
12071;1;4;;;162;
12072;1;6;;;162;
12073;1;6;;;162;
12074;1;2;;;162;
12075;1;2;;;162;
12076;1;11;;;;
12077;1;2;;;162;
12078;1;2;;;162;
12079;1;11;;;;
12080;1;6;;;;
12081;1;5;;;;
12082;1;6;;;;
12083;1;6;;;;
12084;1;11;;;;
12085;1;7;;;162;
12086;1;3;;;162;
12087;1;2;;;162;
12088;1;2;;;162;
12089;1;11;;;;
12090;1;2;;;162;
12091;1;11;;;;
12092;1;6;;;;
12093;1;5;;;;
12094;1;11;;;;
12095;1;6;;;;
12096;1;11;;;;
12097;1;2;;;162;
12098;1;4;;;162;
12099;1;6;;;162;
12100;1;6;;;162;
12101;1;2;;;162;
12102;1;2;;;162;
12103;1;11;;;;
12104;1;2;;;162;
12105;1;2;;;162;
12106;1;2;;;162;
12107;1;11;;;;
12108;1;6;;;;
12109;1;5;;;;
12110;1;11;;;;
12111;1;6;;;;
12112;1;11;;;;
12113;1;7;;;162;
12114;1;6;;;162;
12115;1;3;;;162;
12116;1;2;;;162;
12117;1;2;;;162;
12118;1;11;;;;
12119;1;2;;;162;
12120;1;2;;;162;
12121;1;2;;;162;
12122;1;11;;;;
12123;1;6;;;;
12124;1;5;;;;
12125;1;11;;;;
12126;1;6;;;;
12127;1;6;;;;
12128;1;11;;;;
12129;1;2;;;162;
12130;1;4;;;162;
12131;1;6;;;162;
12132;1;6;;;162;
12133;1;2;;;162;
12134;1;2;;;162;
12135;1;11;;;;
12136;1;2;;;162;
12137;1;2;;;162;
12138;1;11;;;;
12139;1;6;;;;
12140;1;5;;;;
12141;1;6;;;;
12142;1;6;;;;
12143;1;11;;;;
12144;1;7;;;162;
12145;1;3;;;162;
12146;1;2;;;162;
12147;1;2;;;162;
12148;1;11;;;;
12149;1;2;;;162;
12150;1;2;;;162;
12151;1;11;;;;
12152;1;6;;;;
12153;1;5;;;;
12154;1;11;;;;
12155;1;6;;;;
12156;1;11;;;;
12157;1;2;;;162;
12158;1;4;;;162;
12159;1;6;;;162;
12160;1;6;;;162;
12161;1;2;;;162;
12162;1;2;;;162;
12163;1;11;;;;
12164;1;2;;;162;
12165;1;2;;;162;
12166;1;2;;;162;
12167;1;11;;;;
12168;1;6;;;;
12169;1;5;;;;
12170;1;11;;;;
12171;1;6;;;;
12172;1;11;;;;
12173;1;6;;;162;
12174;1;7;;;162;
12175;1;3;;;162;
12176;1;2;;;162;
12177;1;2;;;162;
12178;1;11;;;;
12179;1;2;;;162;
12180;1;2;;;162;
12181;1;2;;;162;
12182;1;2;;;162;
12183;1;11;;;;
12184;1;6;;;;
12185;1;5;;;;
12186;1;11;;;;
12187;1;6;;;;
12188;1;6;;;;
12189;1;11;;;;
12190;1;2;;;162;
12191;1;4;;;162;
12192;1;6;;;162;
12193;1;6;;;162;
12194;1;2;;;162;
12195;1;2;;;162;
12196;1;11;;;;
12197;1;2;;;162;
12198;1;2;;;162;
12199;1;11;;;;
12200;1;6;;;;
12201;1;5;;;;
12202;1;6;;;;
12203;1;6;;;;
12204;1;11;;;;
12205;1;7;;;162;
12206;1;3;;;162;
12207;1;2;;;162;
12208;1;2;;;162;
12209;1;11;;;;
12210;1;2;;;162;
12211;1;11;;;;
12212;1;6;;;;
12213;1;5;;;;
12214;1;11;;;;
12215;1;6;;;;
12216;1;11;;;;
12217;1;2;;;162;
12218;1;4;;;162;
12219;1;6;;;162;
12220;1;6;;;162;
12221;1;2;;;162;
12222;1;2;;;162;
12223;1;11;;;;
12224;1;2;;;162;
12225;1;2;;;162;
12226;1;2;;;162;
12227;1;2;;;162;
12228;1;11;;;;
12229;1;6;;;;
12230;1;5;;;;
12231;1;11;;;;
12232;1;6;;;;
12233;1;11;;;;
12234;1;6;;;162;
12235;1;7;;;162;
12236;1;3;;;162;
12237;1;2;;;162;
12238;1;2;;;162;
12239;1;11;;;;
12240;1;2;;;162;
12241;1;2;;;162;
12242;1;2;;;162;
12243;1;11;;;;
12244;1;6;;;;
12245;1;5;;;;
12246;1;11;;;;
12247;1;6;;;;
12248;1;6;;;;
12249;1;11;;;;
12250;1;2;;;162;
12251;1;4;;;162;
12252;1;6;;;162;
12253;1;6;;;162;
12254;1;2;;;162;
12255;1;2;;;162;
12256;1;11;;;;
12257;1;2;;;162;
12258;1;11;;;;
12259;1;6;;;;
12260;1;5;;;;
12261;1;6;;;;
12262;1;6;;;;
12263;1;11;;;;
12264;1;7;;;162;
12265;1;3;;;162;
12266;1;2;;;162;
12267;1;2;;;162;
12268;1;11;;;;
12269;1;2;;;162;
12270;1;11;;;;
12271;1;6;;;;
12272;1;5;;;;
12273;1;11;;;;
12274;1;6;;;;
12275;1;11;;;;
12276;1;2;;;162;
12277;1;4;;;162;
12278;1;6;;;162;
12279;1;6;;;162;
12280;1;2;;;162;
12281;1;2;;;162;
12282;1;11;;;;
12283;1;11;;;;
12284;1;6;;;;
12285;1;5;;;;
12286;1;11;;;;
12287;1;6;;;;
12288;1;11;;;;
12289;1;6;;;162;
12290;1;7;;;162;
12291;1;3;;;162;
12292;1;2;;;162;
12293;1;2;;;162;
12294;1;11;;;;
12295;1;2;;;162;
12296;1;2;;;162;
12297;1;2;;;162;
12298;1;11;;;;
12299;1;6;;;;
12300;1;5;;;;
12301;1;11;;;;
12302;1;6;;;;
12303;1;6;;;;
12304;1;11;;;;
12305;1;2;;;162;
12306;1;4;;;162;
12307;1;6;;;162;
12308;1;6;;;162;
12309;1;2;;;162;
12310;1;2;;;162;
12311;1;11;;;;
12312;1;11;;;;
12313;1;6;;;;
12314;1;5;;;;
12315;1;6;;;;
12316;1;6;;;;
12317;1;11;;;;
12318;1;7;;;162;
12319;1;3;;;162;
12320;1;2;;;162;
12321;1;2;;;162;
12322;1;11;;;;
12323;1;2;;;162;
12324;1;11;;;;
12325;1;6;;;;
12326;1;5;;;;
12327;1;11;;;;
12328;1;6;;;;
12329;1;11;;;;
12330;1;2;;;162;
12331;1;4;;;162;
12332;1;6;;;162;
12333;1;6;;;162;
12334;1;2;;;162;
12335;1;2;;;162;
12336;1;11;;;;
12337;1;2;;;162;
12338;1;2;;;162;
12339;1;11;;;;
12340;1;6;;;;
12341;1;5;;;;
12342;1;11;;;;
12343;1;6;;;;
12344;1;11;;;;
12345;1;6;;;162;
12346;1;7;;;162;
12347;1;3;;;162;
12348;1;2;;;162;
12349;1;2;;;162;
12350;1;11;;;;
12351;1;11;;;;
12352;1;6;;;;
12353;1;5;;;;
12354;1;11;;;;
12355;1;6;;;;
12356;1;6;;;;
12357;1;7;;;;
12358;1;11;;;;
12359;1;2;;;162;
12360;1;4;;;162;
12361;1;6;;;162;
12362;1;6;;;162;
12363;1;2;;;162;
12364;1;2;;;162;
12365;1;11;;;;
12366;1;2;;;162;
12367;1;2;;;162;
12368;1;2;;;162;
12369;1;11;;;;
12370;1;6;;;;
12371;1;5;;;;
12372;1;6;;;;
12373;1;6;;;;
12374;1;11;;;;
12375;1;7;;;162;
12376;1;3;;;162;
12377;1;2;;;162;
12378;1;2;;;162;
12379;1;11;;;;
12380;1;2;;;162;
12381;1;11;;;;
12382;1;6;;;;
12383;1;5;;;;
12384;1;11;;;;
12385;1;6;;;;
12386;1;7;;;;
12387;1;11;;;;
12388;1;2;;;162;
12389;1;4;;;162;
12390;1;6;;;162;
12391;1;6;;;162;
12392;1;2;;;162;
12393;1;2;;;162;
12394;1;11;;;;
12395;1;2;;;162;
12396;1;2;;;162;
12397;1;11;;;;
12398;1;6;;;;
12399;1;7;;;;
12400;1;5;;;;
12401;1;11;;;;
12402;1;6;;;;
12403;1;5;;;;
12404;1;7;;;;
12405;1;11;;;;
12406;1;6;;;162;
12407;1;7;;;162;
12408;1;3;;;162;
12409;1;2;;;162;
12410;1;2;;;162;
12411;1;11;;;;
12412;1;2;;;162;
12413;1;2;;;162;
12414;1;11;;;;
12415;1;6;;;;
12416;1;7;;;;
12417;1;5;;;;
12418;1;11;;;;
12419;1;11;;;;
12420;1;6;;;;
12421;1;6;;;;
12422;1;6;;;;
12423;1;5;;;;
12424;1;7;;;;
12425;1;11;;;;
12426;1;2;;;162;
12427;1;4;;;162;
12428;1;6;;;162;
12429;1;6;;;162;
12430;1;2;;;162;
12431;1;2;;;162;
12432;1;11;;;;
12433;1;2;;;162;
12434;1;2;;;162;
12435;1;11;;;;
12436;1;6;;;;
12437;1;7;;;;
12438;1;5;;;;
12439;1;6;;;;
12440;1;6;;;;
12441;1;5;;;;
12442;1;7;;;;
12443;1;11;;;;
12444;1;7;;;162;
12445;1;3;;;162;
12446;1;2;;;162;
12447;1;2;;;162;
12448;1;11;;;;
12449;1;2;;;162;
12450;1;2;;;162;
12451;1;2;;;162;
12452;1;11;;;;
12453;1;6;;;;
12454;1;7;;;;
12455;1;5;;;;
12456;1;11;;;;
12457;1;6;;;;
12458;1;5;;;;
12459;1;7;;;;
12460;1;11;;;;
12461;1;2;;;162;
12462;1;4;;;162;
12463;1;6;;;162;
12464;1;6;;;162;
12465;1;2;;;162;
12466;1;2;;;162;
12467;1;11;;;;
12468;1;2;;;162;
12469;1;2;;;162;
12470;1;11;;;;
12471;1;6;;;;
12472;1;7;;;;
12473;1;5;;;;
12474;1;11;;;;
12475;1;6;;;;
12476;1;5;;;;
12477;1;7;;;;
12478;1;11;;;;
12479;1;7;;;162;
12480;1;6;;;162;
12481;1;3;;;162;
12482;1;2;;;162;
12483;1;2;;;162;
12484;1;11;;;;
12485;1;2;;;162;
12486;1;2;;;162;
12487;1;2;;;162;
12488;1;11;;;;
12489;1;6;;;;
12490;1;7;;;;
12491;1;5;;;;
12492;1;11;;;;
12493;1;6;;;;
12494;1;5;;;;
12495;1;7;;;;
12496;1;11;;;;
12497;1;2;;;162;
12498;1;4;;;162;
12499;1;6;;;162;
12500;1;6;;;162;
12501;1;2;;;162;
12502;1;2;;;162;
12503;1;11;;;;
12504;1;2;;;162;
12505;1;2;;;162;
12506;1;2;;;162;
12507;1;2;;;162;
12508;1;11;;;;
12509;1;6;;;;
12510;1;7;;;;
12511;1;5;;;;
12512;1;6;;;;
12513;1;6;;;;
12514;1;5;;;;
12515;1;7;;;;
12516;1;11;;;;
12517;1;7;;;162;
12518;1;3;;;162;
12519;1;2;;;162;
12520;1;11;;;;
12521;1;2;;;162;
12522;1;2;;;162;
12523;1;11;;;;
12524;1;6;;;;
12525;1;7;;;;
12526;1;5;;;;
12527;1;6;;;;
12528;1;5;;;;
12529;1;7;;;;
12530;1;11;;;;
12531;1;6;;;162;
12532;1;7;;;162;
12533;1;3;;;162;
12534;1;2;;;162;
12535;1;2;;;162;
12536;1;11;;;;
12537;1;2;;;162;
12538;1;11;;;;
12539;1;6;;;;
12540;1;5;;;;
12541;1;11;;;;
12542;1;11;;;;
12543;1;11;;;;
12544;1;2;;;162;
12545;1;6;;;162;
12546;1;6;;;162;
12547;1;2;;;162;
12548;1;4;;;162;
12549;1;6;;;162;
12550;1;6;;;162;
12551;1;2;;;162;
12552;1;2;;;162;
12553;1;11;;;;
12554;1;2;;;162;
12555;1;2;;;162;
12556;1;6;;;;
12557;1;7;;;;
12558;1;7;;;;
12559;1;13;;;;
12560;1;13;;;;
12561;1;2;;;;
12562;1;3;;;162;
12563;1;7;;;162;
12564;1;12;;;162;
12565;1;11;;;;
12566;1;13;;;;
12567;1;2;;;;
12568;1;10;;;162;
12569;1;2;;;162;
12570;1;4;;;162;
12571;1;13;;;162;
12572;1;4;;;162;
12573;1;3;;;162;
12574;1;2;;;162;
12575;1;10;;;162;
12576;1;2;;;162;
12577;1;2;;;162;
12578;1;4;;;162;
12579;1;7;;;162;
12580;1;10;;;162;
12581;1;3;;;162;
12582;1;4;;;162;
12583;1;4;;;162;
12584;1;11;;;;
12585;1;13;;;;
12586;1;13;;;;
12587;1;11;;;;
12588;1;13;;;;
12589;1;13;;;;
12590;1;12;;;;
12591;1;13;;;;
12592;1;2;;;;
12593;1;11;;;;
12594;1;2;;;;
12595;1;2;;;162;
12596;1;2;;;162;
12597;1;2;;;162;
12598;1;2;;;162;
12599;1;3;;;162;
12600;1;7;;;162;
12601;1;12;;;162;
12602;1;11;;;;
12603;1;11;;;;
12604;1;2;;;162;
12605;1;13;;;;
12606;1;11;;;;
12607;1;12;;;;
12608;1;2;;;;
12609;1;2;;;;
12610;1;3;;;162;
12611;1;2;;;162;
12612;1;3;;;162;
12613;1;2;;;162;
12614;1;2;;;162;
12615;1;2;;;162;
12616;1;4;;;162;
12617;1;7;;;162;
12618;1;10;;;162;
12619;1;3;;;162;
12620;1;4;;;162;
12621;1;4;;;162;
12622;1;4;;;162;
12623;1;4;;;162;
12624;1;13;;;;
12625;1;13;;;;
12626;1;13;;;;
12627;1;11;;;;
12628;1;11;;;;
12629;1;12;;;;
12630;1;13;;;;
12631;1;2;;;;
12632;1;2;;;;
12633;1;2;;;;
12634;1;2;;;162;
12635;1;2;;;162;
12636;1;2;;;162;
12637;1;2;;;162;
12638;1;2;;;162;
12639;1;2;;;162;
12640;1;3;;;162;
12641;1;7;;;162;
12642;1;12;;;162;
12643;1;4;;;162;
12644;1;3;;;162;
12645;1;7;;;162;
12646;1;9;;;162;
12647;1;4;;;162;
12648;1;11;;;;
12649;1;11;;;;
12650;1;2;;;162;
12651;1;13;;;;
12652;1;13;;;;
12653;1;11;;;;
12654;1;12;;;;
12655;1;2;;;;
12656;1;2;;;;
12657;1;3;;;162;
12658;1;2;;;162;
12659;1;3;;;162;
12660;1;2;;;162;
12661;1;2;;;162;
12662;1;2;;;162;
12663;1;4;;;162;
12664;1;7;;;162;
12665;1;10;;;162;
12666;1;3;;;162;
12667;1;4;;;162;
12668;1;4;;;162;
12669;1;13;;;;
12670;1;13;;;;
12671;1;11;;;;
12672;1;12;;;;
12673;1;2;;;;
12674;1;2;;;;
12675;1;2;;;162;
12676;1;2;;;162;
12677;1;2;;;162;
12678;1;2;;;162;
12679;1;2;;;162;
12680;1;2;;;162;
12681;1;3;;;162;
12682;1;7;;;162;
12683;1;12;;;162;
12684;1;11;;;;
12685;1;2;;;162;
12686;1;13;;;;
12687;1;13;;;;
12688;1;11;;;;
12689;1;12;;;;
12690;1;2;;;;
12691;1;2;;;;
12692;1;2;;;;
12693;1;3;;;162;
12694;1;2;;;162;
12695;1;2;;;162;
12696;1;3;;;162;
12697;1;2;;;162;
12698;1;2;;;162;
12699;1;2;;;162;
12700;1;4;;;162;
12701;1;7;;;162;
12702;1;10;;;162;
12703;1;3;;;162;
12704;1;4;;;162;
12705;1;4;;;162;
12706;1;4;;;162;
12707;1;4;;;162;
12708;1;13;;;;
12709;1;13;;;;
12710;1;13;;;;
12711;1;11;;;;
12712;1;12;;;;
12713;1;2;;;;
12714;1;2;;;;
12715;1;2;;;;
12716;1;2;;;162;
12717;1;2;;;162;
12718;1;2;;;162;
12719;1;2;;;162;
12720;1;2;;;162;
12721;1;2;;;162;
12722;1;3;;;162;
12723;1;7;;;162;
12724;1;12;;;162;
12725;1;4;;;162;
12726;1;3;;;162;
12727;1;7;;;162;
12728;1;9;;;162;
12729;1;4;;;162;
12730;1;11;;;;
12731;1;2;;;162;
12732;1;13;;;;
12733;1;11;;;;
12734;1;12;;;;
12735;1;2;;;;
12736;1;2;;;;
12737;1;3;;;162;
12738;1;2;;;162;
12739;1;3;;;162;
12740;1;2;;;162;
12741;1;2;;;162;
12742;1;4;;;162;
12743;1;7;;;162;
12744;1;10;;;162;
12745;1;3;;;162;
12746;1;4;;;162;
12747;1;4;;;162;
12748;1;11;;;;
12749;1;13;;;;
12750;1;13;;;;
12751;1;11;;;;
12752;1;12;;;;
12753;1;2;;;;
12754;1;2;;;;
12755;1;2;;;162;
12756;1;2;;;162;
12757;1;2;;;162;
12758;1;2;;;162;
12759;1;2;;;162;
12760;1;2;;;162;
12761;1;3;;;162;
12762;1;7;;;162;
12763;1;12;;;162;
12764;1;11;;;;
12765;1;2;;;162;
12766;1;13;;;;
12767;1;13;;;;
12768;1;11;;;;
12769;1;12;;;;
12770;1;2;;;;
12771;1;2;;;;
12772;1;2;;;;
12773;1;3;;;162;
12774;1;2;;;162;
12775;1;3;;;162;
12776;1;2;;;162;
12777;1;4;;;162;
12778;1;7;;;162;
12779;1;10;;;162;
12780;1;3;;;162;
12781;1;4;;;162;
12782;1;4;;;162;
12783;1;4;;;162;
12784;1;4;;;162;
12785;1;11;;;;
12786;1;13;;;;
12787;1;13;;;;
12788;1;11;;;;
12789;1;12;;;;
12790;1;2;;;;
12791;1;2;;;;
12792;1;2;;;;
12793;1;2;;;162;
12794;1;2;;;162;
12795;1;2;;;162;
12796;1;2;;;162;
12797;1;2;;;162;
12798;1;2;;;162;
12799;1;3;;;162;
12800;1;7;;;162;
12801;1;12;;;162;
12802;1;4;;;162;
12803;1;3;;;162;
12804;1;7;;;162;
12805;1;9;;;162;
12806;1;4;;;162;
12807;1;11;;;;
12808;1;2;;;162;
12809;1;13;;;;
12810;1;13;;;;
12811;1;11;;;;
12812;1;12;;;;
12813;1;2;;;;
12814;1;2;;;;
12815;1;3;;;162;
12816;1;2;;;162;
12817;1;3;;;162;
12818;1;2;;;162;
12819;1;4;;;162;
12820;1;7;;;162;
12821;1;10;;;162;
12822;1;3;;;162;
12823;1;4;;;162;
12824;1;4;;;162;
12825;1;11;;;;
12826;1;13;;;;
12827;1;11;;;;
12828;1;12;;;;
12829;1;2;;;;
12830;1;2;;;;
12831;1;2;;;162;
12832;1;2;;;162;
12833;1;2;;;162;
12834;1;2;;;162;
12835;1;2;;;162;
12836;1;2;;;162;
12837;1;3;;;162;
12838;1;7;;;162;
12839;1;12;;;162;
12840;1;11;;;;
12841;1;2;;;162;
12842;1;13;;;;
12843;1;13;;;;
12844;1;11;;;;
12845;1;12;;;;
12846;1;2;;;;
12847;1;2;;;;
12848;1;2;;;;
12849;1;3;;;162;
12850;1;2;;;162;
12851;1;3;;;162;
12852;1;2;;;162;
12853;1;4;;;162;
12854;1;7;;;162;
12855;1;10;;;162;
12856;1;3;;;162;
12857;1;4;;;162;
12858;1;4;;;162;
12859;1;4;;;162;
12860;1;4;;;162;
12861;1;11;;;;
12862;1;13;;;;
12863;1;13;;;;
12864;1;11;;;;
12865;1;12;;;;
12866;1;2;;;;
12867;1;2;;;;
12868;1;2;;;;
12869;1;2;;;162;
12870;1;2;;;162;
12871;1;2;;;162;
12872;1;2;;;162;
12873;1;2;;;162;
12874;1;3;;;162;
12875;1;7;;;162;
12876;1;12;;;162;
12877;1;4;;;162;
12878;1;3;;;162;
12879;1;7;;;162;
12880;1;9;;;162;
12881;1;4;;;162;
12882;1;2;;;162;
12883;1;11;;;;
12884;1;2;;;162;
12885;1;13;;;;
12886;1;13;;;;
12887;1;11;;;;
12888;1;12;;;;
12889;1;13;;;;
12890;1;2;;;;
12891;1;2;;;;
12892;1;3;;;162;
12893;1;2;;;162;
12894;1;3;;;162;
12895;1;2;;;162;
12896;1;4;;;162;
12897;1;7;;;162;
12898;1;10;;;162;
12899;1;3;;;162;
12900;1;4;;;162;
12901;1;4;;;162;
12902;1;11;;;;
12903;1;13;;;;
12904;1;13;;;;
12905;1;11;;;;
12906;1;12;;;;
12907;1;2;;;;
12908;1;2;;;;
12909;1;2;;;162;
12910;1;2;;;162;
12911;1;2;;;162;
12912;1;2;;;162;
12913;1;2;;;162;
12914;1;3;;;162;
12915;1;7;;;162;
12916;1;12;;;162;
12917;1;13;;;;
12918;1;2;;;162;
12919;1;13;;;;
12920;1;13;;;;
12921;1;11;;;;
12922;1;12;;;;
12923;1;2;;;;
12924;1;2;;;;
12925;1;2;;;;
12926;1;3;;;162;
12927;1;2;;;162;
12928;1;3;;;162;
12929;1;2;;;162;
12930;1;4;;;162;
12931;1;7;;;162;
12932;1;10;;;162;
12933;1;3;;;162;
12934;1;4;;;162;
12935;1;4;;;162;
12936;1;4;;;162;
12937;1;4;;;162;
12938;1;11;;;;
12939;1;13;;;;
12940;1;13;;;;
12941;1;11;;;;
12942;1;12;;;;
12943;1;2;;;;
12944;1;2;;;;
12945;1;2;;;;
12946;1;2;;;162;
12947;1;2;;;162;
12948;1;2;;;162;
12949;1;2;;;162;
12950;1;2;;;162;
12951;1;3;;;162;
12952;1;4;;;162;
12953;1;7;;;162;
12954;1;12;;;162;
12955;1;4;;;162;
12956;1;3;;;162;
12957;1;7;;;162;
12958;1;9;;;162;
12959;1;4;;;162;
12960;1;2;;;162;
12961;1;4;;;162;
12962;1;13;;;;
12963;1;2;;;162;
12964;1;13;;;;
12965;1;13;;;;
12966;1;11;;;;
12967;1;12;;;;
12968;1;2;;;;
12969;1;2;;;;
12970;1;3;;;162;
12971;1;2;;;162;
12972;1;3;;;162;
12973;1;2;;;162;
12974;1;4;;;162;
12975;1;7;;;162;
12976;1;10;;;162;
12977;1;3;;;162;
12978;1;4;;;162;
12979;1;4;;;162;
12980;1;11;;;;
12981;1;13;;;;
12982;1;11;;;;
12983;1;12;;;;
12984;1;2;;;;
12985;1;2;;;;
12986;1;2;;;162;
12987;1;2;;;162;
12988;1;2;;;162;
12989;1;2;;;162;
12990;1;2;;;162;
12991;1;3;;;162;
12992;1;4;;;162;
12993;1;7;;;162;
12994;1;12;;;162;
12995;1;13;;;;
12996;1;2;;;162;
12997;1;13;;;;
12998;1;13;;;;
12999;1;11;;;;
13000;1;13;;;;
13001;1;12;;;;
13002;1;2;;;;
13003;1;2;;;;
13004;1;2;;;;
13005;1;3;;;162;
13006;1;2;;;162;
13007;1;3;;;162;
13008;1;2;;;162;
13009;1;4;;;162;
13010;1;7;;;162;
13011;1;10;;;162;
13012;1;3;;;162;
13013;1;4;;;162;
13014;1;4;;;162;
13015;1;4;;;162;
13016;1;4;;;162;
13017;1;11;;;;
13018;1;13;;;;
13019;1;13;;;;
13020;1;11;;;;
13021;1;12;;;;
13022;1;2;;;;
13023;1;2;;;;
13024;1;2;;;;
13025;1;2;;;162;
13026;1;2;;;162;
13027;1;2;;;162;
13028;1;2;;;162;
13029;1;2;;;162;
13030;1;3;;;162;
13031;1;4;;;162;
13032;1;7;;;162;
13033;1;12;;;162;
13034;1;4;;;162;
13035;1;3;;;162;
13036;1;7;;;162;
13037;1;9;;;162;
13038;1;4;;;162;
13039;1;2;;;162;
13040;1;4;;;162;
13041;1;11;;;;
13042;1;2;;;162;
13043;1;13;;;;
13044;1;13;;;;
13045;1;11;;;;
13046;1;13;;;;
13047;1;12;;;;
13048;1;2;;;;
13049;1;2;;;;
13050;1;3;;;162;
13051;1;2;;;162;
13052;1;3;;;162;
13053;1;2;;;162;
13054;1;4;;;162;
13055;1;7;;;162;
13056;1;10;;;162;
13057;1;3;;;162;
13058;1;4;;;162;
13059;1;4;;;162;
13060;1;11;;;;
13061;1;13;;;;
13062;1;11;;;;
13063;1;12;;;;
13064;1;2;;;;
13065;1;2;;;162;
13066;1;2;;;162;
13067;1;2;;;162;
13068;1;2;;;162;
13069;1;11;;;;
13070;1;2;;;162;
13071;1;13;;;;
13072;1;13;;;;
13073;1;13;;;;
13074;1;11;;;;
13075;1;12;;;;
13076;1;2;;;;
13077;1;2;;;;
13078;1;2;;;;
13079;1;3;;;162;
13080;1;2;;;162;
13081;1;3;;;162;
13082;1;2;;;162;
13083;1;4;;;162;
13084;1;7;;;162;
13085;1;4;;;162;
13086;1;10;;;162;
13087;1;3;;;162;
13088;1;4;;;162;
13089;1;4;;;162;
13090;1;4;;;162;
13091;1;4;;;162;
13092;1;11;;;;
13093;1;11;;;;
13094;1;13;;;;
13095;1;11;;;;
13096;1;12;;;;
13097;1;2;;;;
13098;1;2;;;;
13099;1;2;;;162;
13100;1;2;;;162;
13101;1;2;;;162;
13102;1;2;;;162;
13103;1;3;;;162;
13104;1;7;;;162;
13105;1;12;;;162;
13106;1;4;;;162;
13107;1;3;;;162;
13108;1;7;;;162;
13109;1;9;;;162;
13110;1;4;;;162;
13111;1;11;;;;
13112;1;2;;;162;
13113;1;2;;;162;
13114;1;2;;;162;
13115;1;2;;;162;
13116;1;13;;;;
13117;1;11;;;;
13118;1;12;;;;
13119;1;2;;;;
13120;1;3;;;162;
13121;1;2;;;162;
13122;1;3;;;162;
13123;1;2;;;162;
13124;1;11;;;;
13125;1;13;;;;
13126;1;11;;;;
13127;1;12;;;;
13128;1;2;;;;
13129;1;2;;;162;
13130;1;2;;;162;
13131;1;2;;;162;
13132;1;2;;;162;
13133;1;11;;;;
13134;1;13;;;;
13135;1;11;;;;
13136;1;12;;;;
13137;1;2;;;;
13138;1;2;;;;
13139;1;3;;;162;
13140;1;2;;;162;
13141;1;3;;;162;
13142;1;2;;;162;
13143;1;4;;;162;
13144;1;7;;;162;
13145;1;10;;;162;
13146;1;3;;;162;
13147;1;4;;;162;
13148;1;4;;;162;
13149;1;4;;;162;
13150;1;4;;;162;
13151;1;11;;;;
13152;1;13;;;;
13153;1;11;;;;
13154;1;2;;;;
13155;1;12;;;;
13156;1;10;;;;
13157;1;2;;;;
13158;1;2;;;;
13159;1;3;;;;
13160;1;2;;;162;
13161;1;2;;;162;
13162;1;3;;;162;
13163;1;7;;;162;
13164;1;12;;;162;
13165;1;2;;;162;
13166;1;2;;;162;
13167;1;3;;;162;
13168;1;7;;;162;
13169;1;9;;;162;
13170;1;3;;;162;
13171;1;7;;;162;
13172;1;9;;;162;
13173;1;11;;;;
13174;1;10;;;;
13175;1;13;;;;
13176;1;11;;;;
13177;1;12;;;;
13178;1;2;;;;
13179;1;3;;;;
13180;1;3;;;162;
13181;1;2;;;162;
13182;1;3;;;162;
13183;1;2;;;162;
13184;1;11;;;;
13185;1;13;;;;
13186;1;11;;;;
13187;1;2;;;;
13188;1;12;;;;
13189;1;2;;;;
13190;1;3;;;;
13191;1;2;;;162;
13192;1;2;;;162;
13193;1;3;;;162;
13194;1;7;;;162;
13195;1;12;;;162;
13196;1;2;;;162;
13197;1;2;;;162;
13198;1;11;;;;
13199;1;2;;;162;
13200;1;13;;;;
13201;1;13;;;;
13202;1;11;;;;
13203;1;13;;;;
13204;1;12;;;;
13205;1;2;;;;
13206;1;2;;;;
13207;1;2;;;;
13208;1;3;;;;
13209;1;3;;;162;
13210;1;2;;;162;
13211;1;3;;;162;
13212;1;2;;;162;
13213;1;4;;;162;
13214;1;7;;;162;
13215;1;10;;;162;
13216;1;3;;;162;
13217;1;4;;;162;
13218;1;4;;;162;
13219;1;4;;;162;
13220;1;11;;;;
13221;1;4;;;162;
13222;1;10;;;;
13223;1;8;;;;
13224;1;2;;;;
13225;1;10;;;;
13226;1;3;;;;
13227;1;10;;;;
13228;1;2;;;162;
13229;1;7;;;162;
13230;1;3;;;162;
13231;1;2;;;162;
13232;1;3;;;162;
13233;1;7;;;162;
13234;1;9;;;162;
13235;1;2;;;162;
13236;1;7;;;162;
13237;1;3;;;162;
13238;1;3;;;162;
13239;1;7;;;162;
13240;1;9;;;162;
13241;1;3;;;162;
13242;1;7;;;162;
13243;1;9;;;162;
13244;1;10;;;;
13245;1;2;;;162;
13246;1;2;;;162;
13247;1;13;;;;
13248;1;11;;;;
13249;1;4;;;;
13250;1;12;;;;
13251;1;10;;;;
13252;1;2;;;;
13253;1;2;;;;
13254;1;3;;;;
13255;1;3;;;162;
13256;1;2;;;162;
13257;1;10;;;162;
13258;1;13;;;162;
13259;1;11;;;162;
13260;1;3;;;162;
13261;1;2;;;162;
13262;1;4;;;162;
13263;1;7;;;162;
13264;1;3;;;162;
13265;1;4;;;162;
13266;1;4;;;162;
13267;1;4;;;162;
13268;1;4;;;162;
13269;1;11;;;;
13270;1;10;;;;
13271;1;10;;;;
13272;1;10;;;;
13273;1;10;;;;
13274;1;10;;;;
13275;1;9;;;;
13276;1;2;;;;
13277;1;2;;;;
13278;1;2;;;;
13279;1;2;;;;
13280;1;2;;;;
13281;1;2;;;;
13282;1;2;;;;
13283;1;2;;;;
13284;1;2;;;;
13285;1;2;;;;
13286;1;2;;;;
13287;1;2;;;;
13288;1;2;;;;
13289;1;2;;;;
13290;1;2;;;;
13291;1;2;;;;
13292;1;2;;;;
13293;1;2;;;;
13294;1;2;;;;
13295;1;2;;;;
13296;1;2;;;;
13297;1;2;;;;
13298;1;2;;;;
13299;1;2;;;;
13300;1;2;;;;
13301;1;2;;;;
13302;1;2;;;;
13303;1;2;;;;
13304;1;2;;;;
13305;1;2;;;;
13306;1;2;;;;
13307;1;2;;;;
13308;1;2;;;;
13309;1;2;;;;
13310;1;2;;;;
13311;1;2;;;;
13312;1;2;;;;
13313;1;2;;;;
13314;1;2;;;;
13315;1;2;;;;
13316;1;2;;;;
13317;1;2;;;;
13318;1;2;;;;
13319;1;2;;;;
13320;1;2;;;;
13321;1;2;;;;
13322;1;2;;;;
13323;1;2;;;;
13324;1;2;;;;
13325;1;2;;;;
13326;1;2;;;;
13327;1;2;;;;
13328;1;2;;;;
13329;1;2;;;;
13330;1;2;;;;
13331;1;2;;;;
13332;1;2;;;;
13333;1;2;;;;
13334;1;2;;;;
13335;1;2;;;;
13336;1;2;;;;
13337;1;2;;;;
13338;1;2;;;;
13339;1;2;;;;
13340;1;2;;;;
13341;1;2;;;;
13342;1;2;;;;
13343;1;2;;;;
13344;1;2;;;;
13345;1;2;;;;
13346;1;2;;;;
13347;1;2;;;;
13348;1;2;;;;
13349;1;2;;;;
13350;1;2;;;;
13351;1;2;;;;
13352;1;2;;;;
13353;1;2;;;;
13354;1;2;;;;
13355;1;2;;;;
13356;1;2;;;;
13357;1;2;;;;
13358;1;2;;;;
13359;1;2;;;;
13360;1;2;;;;
13361;1;2;;;;
13362;1;2;;;;
13363;1;2;;;;
13364;1;5;;;;
13365;1;2;;;;
13366;1;5;;;;
13367;1;2;;;;
13368;1;5;;;;
13369;1;2;;;;
13370;1;17;;;;
13371;1;15;;;;
13372;1;17;;;;
13373;1;22;;;63;
13374;1;3;;;;
13375;1;17;;;;
13376;1;7;;;162;
13377;1;11;;;162;
13378;1;4;;;162;
13379;1;4;;;162;
13380;1;17;;;;
13381;1;23;;;63;
13382;1;9;;;63;
13383;1;21;;;63;
13384;1;19;;;63;
13385;1;21;;;63;
13386;1;16;;;92;
13387;1;14;;;92;
13388;1;3;;;63;
13389;1;3;;;63;
13390;1;4;;;162;
13391;1;3;;;162;
13392;1;9;;;162;
13393;1;3;;;162;
13394;1;21;;;92;
13395;1;16;;;;
13396;1;9;;;63;
13397;1;22;;;63;
13398;1;20;;;63;
13399;1;22;;;63;
13400;1;3;;;63;
13401;1;11;;;162;
13402;1;3;;;162;
13403;1;5;;;162;
13404;1;9;;;162;
13405;1;22;;;92;
13406;1;9;;;63;
13407;1;21;;;63;
13408;1;19;;;63;
13409;1;21;;;63;
13410;1;3;;;63;
13411;1;4;;;162;
13412;1;3;;;162;
13413;1;3;;;162;
13414;1;9;;;162;
13415;1;21;;;92;
13416;1;9;;;63;
13417;1;22;;;63;
13418;1;20;;;63;
13419;1;22;;;63;
13420;1;3;;;63;
13421;1;11;;;162;
13422;1;3;;;162;
13423;1;5;;;162;
13424;1;9;;;162;
13425;1;22;;;92;
13426;1;9;;;63;
13427;1;21;;;63;
13428;1;19;;;63;
13429;1;21;;;63;
13430;1;21;;;63;
13431;1;21;;;63;
13432;1;3;;;63;
13433;1;4;;;162;
13434;1;3;;;162;
13435;1;9;;;162;
13436;1;3;;;162;
13437;1;21;;;92;
13438;1;9;;;63;
13439;1;22;;;63;
13440;1;20;;;63;
13441;1;22;;;63;
13442;1;3;;;63;
13443;1;11;;;162;
13444;1;3;;;162;
13445;1;5;;;162;
13446;1;9;;;162;
13447;1;22;;;92;
13448;1;9;;;63;
13449;1;21;;;63;
13450;1;19;;;63;
13451;1;21;;;63;
13452;1;21;;;63;
13453;1;19;;;63;
13454;1;3;;;63;
13455;1;4;;;162;
13456;1;3;;;162;
13457;1;3;;;162;
13458;1;9;;;162;
13459;1;3;;;162;
13460;1;21;;;92;
13461;1;9;;;63;
13462;1;22;;;63;
13463;1;20;;;63;
13464;1;22;;;63;
13465;1;3;;;63;
13466;1;11;;;162;
13467;1;3;;;162;
13468;1;5;;;162;
13469;1;9;;;162;
13470;1;22;;;92;
13471;1;9;;;63;
13472;1;21;;;63;
13473;1;19;;;63;
13474;1;21;;;63;
13475;1;3;;;63;
13476;1;4;;;162;
13477;1;3;;;162;
13478;1;3;;;162;
13479;1;9;;;162;
13480;1;3;;;162;
13481;1;21;;;92;
13482;1;9;;;63;
13483;1;22;;;63;
13484;1;20;;;63;
13485;1;22;;;63;
13486;1;3;;;63;
13487;1;11;;;162;
13488;1;3;;;162;
13489;1;2;;;162;
13490;1;4;;;162;
13491;1;5;;;162;
13492;1;9;;;162;
13493;1;22;;;92;
13494;1;9;;;63;
13495;1;21;;;63;
13496;1;19;;;63;
13497;1;21;;;63;
13498;1;3;;;63;
13499;1;4;;;162;
13500;1;3;;;162;
13501;1;3;;;162;
13502;1;3;;;162;
13503;1;9;;;162;
13504;1;21;;;92;
13505;1;9;;;63;
13506;1;22;;;63;
13507;1;20;;;63;
13508;1;22;;;63;
13509;1;3;;;63;
13510;1;2;;;162;
13511;1;11;;;162;
13512;1;3;;;162;
13513;1;2;;;162;
13514;1;4;;;162;
13515;1;5;;;162;
13516;1;9;;;162;
13517;1;22;;;92;
13518;1;9;;;63;
13519;1;21;;;63;
13520;1;19;;;63;
13521;1;21;;;63;
13522;1;3;;;63;
13523;1;4;;;162;
13524;1;3;;;162;
13525;1;3;;;162;
13526;1;9;;;162;
13527;1;3;;;162;
13528;1;21;;;92;
13529;1;9;;;63;
13530;1;21;;;63;
13531;1;19;;;63;
13532;1;21;;;63;
13533;1;3;;;63;
13534;1;10;;;162;
13535;1;3;;;162;
13536;1;2;;;162;
13537;1;4;;;162;
13538;1;5;;;162;
13539;1;8;;;162;
13540;1;21;;;92;
13541;1;9;;;63;
13542;1;21;;;63;
13543;1;19;;;63;
13544;1;21;;;63;
13545;1;3;;;63;
13546;1;4;;;162;
13547;1;3;;;162;
13548;1;3;;;162;
13549;1;3;;;162;
13550;1;9;;;162;
13551;1;21;;;92;
13552;1;9;;;63;
13553;1;21;;;63;
13554;1;19;;;63;
13555;1;21;;;63;
13556;1;3;;;63;
13557;1;10;;;162;
13558;1;3;;;162;
13559;1;2;;;162;
13560;1;4;;;162;
13561;1;8;;;162;
13562;1;5;;;162;
13563;1;21;;;92;
13564;1;9;;;63;
13565;1;21;;;63;
13566;1;19;;;63;
13567;1;21;;;63;
13568;1;3;;;63;
13569;1;4;;;162;
13570;1;3;;;162;
13571;1;9;;;162;
13572;1;3;;;162;
13573;1;3;;;162;
13574;1;21;;;92;
13575;1;9;;;63;
13576;1;21;;;63;
13577;1;19;;;63;
13578;1;21;;;63;
13579;1;3;;;63;
13580;1;10;;;162;
13581;1;3;;;162;
13582;1;2;;;162;
13583;1;4;;;162;
13584;1;5;;;162;
13585;1;8;;;162;
13586;1;21;;;92;
13587;1;9;;;63;
13588;1;21;;;63;
13589;1;19;;;63;
13590;1;21;;;63;
13591;1;21;;;63;
13592;1;3;;;63;
13593;1;4;;;162;
13594;1;3;;;162;
13595;1;3;;;162;
13596;1;9;;;162;
13597;1;3;;;162;
13598;1;21;;;92;
13599;1;9;;;63;
13600;1;21;;;63;
13601;1;19;;;63;
13602;1;21;;;63;
13603;1;3;;;63;
13604;1;10;;;162;
13605;1;3;;;162;
13606;1;2;;;162;
13607;1;4;;;162;
13608;1;8;;;162;
13609;1;5;;;162;
13610;1;21;;;92;
13611;1;9;;;63;
13612;1;21;;;63;
13613;1;19;;;63;
13614;1;21;;;63;
13615;1;3;;;63;
13616;1;4;;;162;
13617;1;3;;;162;
13618;1;9;;;162;
13619;1;3;;;162;
13620;1;3;;;162;
13621;1;21;;;92;
13622;1;9;;;63;
13623;1;21;;;63;
13624;1;19;;;63;
13625;1;21;;;63;
13626;1;21;;;63;
13627;1;19;;;63;
13628;1;3;;;63;
13629;1;10;;;162;
13630;1;3;;;162;
13631;1;2;;;162;
13632;1;4;;;162;
13633;1;5;;;162;
13634;1;8;;;162;
13635;1;21;;;92;
13636;1;21;;;63;
13637;1;9;;;63;
13638;1;21;;;63;
13639;1;19;;;63;
13640;1;21;;;63;
13641;1;21;;;63;
13642;1;3;;;63;
13643;1;4;;;162;
13644;1;3;;;162;
13645;1;9;;;162;
13646;1;3;;;162;
13647;1;21;;;92;
13648;1;21;;;63;
13649;1;9;;;63;
13650;1;21;;;63;
13651;1;19;;;63;
13652;1;21;;;63;
13653;1;21;;;63;
13654;1;3;;;63;
13655;1;10;;;162;
13656;1;3;;;162;
13657;1;2;;;162;
13658;1;4;;;162;
13659;1;5;;;162;
13660;1;8;;;162;
13661;1;21;;;92;
13662;1;21;;;63;
13663;1;9;;;63;
13664;1;19;;;63;
13665;1;21;;;63;
13666;1;3;;;63;
13667;1;4;;;162;
13668;1;9;;;162;
13669;1;3;;;162;
13670;1;3;;;162;
13671;1;21;;;92;
13672;1;21;;;63;
13673;1;9;;;63;
13674;1;19;;;63;
13675;1;21;;;63;
13676;1;3;;;63;
13677;1;10;;;162;
13678;1;3;;;162;
13679;1;2;;;162;
13680;1;4;;;162;
13681;1;5;;;162;
13682;1;8;;;162;
13683;1;21;;;92;
13684;1;21;;;63;
13685;1;9;;;63;
13686;1;19;;;63;
13687;1;21;;;63;
13688;1;3;;;63;
13689;1;4;;;162;
13690;1;3;;;162;
13691;1;3;;;162;
13692;1;9;;;162;
13693;1;21;;;92;
13694;1;21;;;63;
13695;1;9;;;63;
13696;1;19;;;63;
13697;1;21;;;63;
13698;1;3;;;63;
13699;1;10;;;162;
13700;1;3;;;162;
13701;1;2;;;162;
13702;1;4;;;162;
13703;1;5;;;162;
13704;1;8;;;162;
13705;1;21;;;92;
13706;1;21;;;63;
13707;1;9;;;63;
13708;1;19;;;63;
13709;1;21;;;63;
13710;1;3;;;63;
13711;1;4;;;162;
13712;1;9;;;162;
13713;1;3;;;162;
13714;1;3;;;162;
13715;1;21;;;92;
13716;1;21;;;63;
13717;1;9;;;63;
13718;1;19;;;63;
13719;1;21;;;63;
13720;1;3;;;63;
13721;1;10;;;162;
13722;1;3;;;162;
13723;1;2;;;162;
13724;1;4;;;162;
13725;1;8;;;162;
13726;1;5;;;162;
13727;1;21;;;92;
13728;1;21;;;63;
13729;1;9;;;63;
13730;1;19;;;63;
13731;1;21;;;63;
13732;1;3;;;63;
13733;1;4;;;162;
13734;1;3;;;162;
13735;1;9;;;162;
13736;1;3;;;162;
13737;1;21;;;92;
13738;1;21;;;63;
13739;1;9;;;63;
13740;1;19;;;63;
13741;1;21;;;63;
13742;1;3;;;63;
13743;1;10;;;162;
13744;1;3;;;162;
13745;1;2;;;162;
13746;1;4;;;162;
13747;1;8;;;162;
13748;1;5;;;162;
13749;1;21;;;92;
13750;1;22;;;63;
13751;1;9;;;63;
13752;1;20;;;63;
13753;1;22;;;63;
13754;1;22;;;63;
13755;1;20;;;63;
13756;1;3;;;63;
13757;1;4;;;162;
13758;1;4;;;162;
13759;1;9;;;162;
13760;1;3;;;162;
13761;1;22;;;92;
13762;1;16;;;;
13763;1;14;;;;
13764;1;16;;;;
13765;1;3;;;;
13766;1;16;;;;
13767;1;12;;;162;
13768;1;3;;;162;
13769;1;5;;;162;
13770;1;10;;;162;
13771;1;2;;;162;
13772;1;4;;;162;
13773;1;16;;;;
13774;1;22;;;63;
13775;1;22;;;63;
13776;1;20;;;63;
13777;1;22;;;63;
13778;1;3;;;63;
13779;1;22;;;63;
13780;1;10;;;162;
13781;1;4;;;162;
13782;1;2;;;162;
13783;1;5;;;162;
13784;1;8;;;162;
13785;1;22;;;63;
13786;1;17;;;;
13787;1;17;;;;
13788;1;18;;;;
13789;1;17;;;;
13790;1;18;;;;
13791;1;17;;;;
13792;1;17;;;;
13793;1;17;;;;
13794;1;17;;;;
13795;1;17;;;;
13796;1;17;;;;
13797;1;11;;;;
13798;1;11;;;;
13799;1;11;;;;
13800;1;11;;;;
13801;1;11;;;;
13802;1;11;;;;
13803;1;11;;;;
13804;1;11;;;;
13805;1;11;;;;
13806;1;11;;;;
13807;1;11;;;;
13808;1;11;;;;
13809;1;11;;;;
13810;1;11;;;;
13811;1;11;;;;
13812;1;11;;;;
13813;1;11;;;;
13814;1;11;;;;
13815;1;11;;;;
13816;1;11;;;;
13817;1;11;;;;
13818;1;11;;;;
13819;1;11;;;;
13820;1;18;;;;
13821;1;17;;;;
13822;1;9;;;;
13823;1;9;;;63;
13824;1;9;;;63;
13825;1;9;;;63;
13826;1;10;;;63;
13827;1;5;;;63;
13828;1;6;;;162;
13829;1;10;;;63;
13830;1;24;;;63;
13831;1;24;;;63;
13832;1;19;;;63;
13833;1;24;;;63;
13834;1;24;;;63;
13835;1;10;;;162;
13836;1;11;;;162;
13837;1;2;;;162;
13838;1;5;;;162;
13839;1;11;;;63;
13840;1;24;;;63;
13841;1;10;;;63;
13842;1;5;;;63;
13843;1;10;;;63;
13844;1;2;;;162;
13845;1;2;;;162;
13846;1;10;;;162;
13847;1;5;;;162;
13848;1;10;;;162;
13849;1;10;;;63;
13850;1;10;;;63;
13851;1;10;;;63;
13852;1;5;;;63;
13853;1;5;;;162;
13854;1;10;;;63;
13855;1;11;;;63;
13856;1;6;;;63;
13857;1;11;;;63;
13858;1;11;;;63;
13859;1;2;;;162;
13860;1;10;;;162;
13861;1;5;;;162;
13862;1;11;;;63;
13863;1;23;;;63;
13864;1;11;;;63;
13865;1;6;;;63;
13866;1;5;;;162;
13867;1;11;;;63;
13868;1;10;;;63;
13869;1;5;;;63;
13870;1;22;;;63;
13871;1;22;;;63;
13872;1;19;;;63;
13873;1;4;;;63;
13874;1;10;;;63;
13875;1;10;;;162;
13876;1;10;;;162;
13877;1;5;;;162;
13878;1;10;;;63;
13879;1;22;;;63;
13880;1;10;;;63;
13881;1;5;;;63;
13882;1;10;;;63;
13883;1;10;;;162;
13884;1;5;;;162;
13885;1;10;;;63;
13886;1;23;;;63;
13887;1;23;;;63;
13888;1;14;;;63;
13889;1;18;;;63;
13890;1;23;;;63;
13891;1;10;;;162;
13892;1;10;;;162;
13893;1;10;;;162;
13894;1;11;;;162;
13895;1;5;;;162;
13896;1;23;;;63;
13897;1;18;;;63;
13898;1;9;;;63;
13899;1;13;;;63;
13900;1;10;;;63;
13901;1;10;;;63;
13902;1;9;;;63;
13903;1;10;;;162;
13904;1;5;;;162;
13905;1;18;;;63;
13906;1;9;;;63;
13907;1;9;;;63;
13908;1;4;;;63;
13909;1;9;;;63;
13910;1;10;;;162;
13911;1;5;;;162;
13912;1;9;;;63;
13913;1;10;;;63;
13914;1;5;;;63;
13915;1;23;;;63;
13916;1;23;;;63;
13917;1;10;;;63;
13918;1;10;;;162;
13919;1;10;;;162;
13920;1;5;;;162;
13921;1;5;;;162;
13922;1;10;;;63;
13923;1;11;;;63;
13924;1;11;;;63;
13925;1;2;;;63;
13926;1;6;;;63;
13927;1;11;;;63;
13928;1;11;;;63;
13929;1;10;;;162;
13930;1;10;;;162;
13931;1;5;;;162;
13932;1;10;;;63;
13933;1;11;;;63;
13934;1;23;;;63;
13935;1;14;;;63;
13936;1;18;;;63;
13937;1;23;;;63;
13938;1;10;;;162;
13939;1;10;;;162;
13940;1;10;;;162;
13941;1;11;;;162;
13942;1;5;;;162;
13943;1;5;;;162;
13944;1;23;;;63;
13945;1;10;;;63;
13946;1;5;;;63;
13947;1;11;;;63;
13948;1;11;;;63;
13949;1;11;;;63;
13950;1;10;;;63;
13951;1;10;;;162;
13952;1;10;;;162;
13953;1;5;;;162;
13954;1;10;;;63;
13955;1;10;;;63;
13956;1;5;;;63;
13957;1;10;;;63;
13958;1;10;;;162;
13959;1;5;;;162;
13960;1;5;;;162;
13961;1;10;;;63;
13962;1;22;;;63;
13963;1;22;;;63;
13964;1;13;;;63;
13965;1;17;;;63;
13966;1;24;;;63;
13967;1;24;;;63;
13968;1;22;;;63;
13969;1;10;;;162;
13970;1;10;;;162;
13971;1;10;;;162;
13972;1;5;;;162;
13973;1;22;;;63;
13974;1;22;;;63;
13975;1;11;;;63;
13976;1;6;;;63;
13977;1;11;;;63;
13978;1;11;;;63;
13979;1;10;;;162;
13980;1;10;;;162;
13981;1;5;;;162;
13982;1;11;;;63;
13983;1;17;;;63;
13984;1;12;;;63;
13985;1;17;;;63;
13986;1;4;;;162;
13987;1;10;;;162;
13988;1;5;;;162;
13989;1;17;;;63;
13990;1;20;;;63;
13991;1;15;;;63;
13992;1;20;;;63;
13993;1;20;;;63;
13994;1;20;;;63;
13995;1;10;;;162;
13996;1;8;;;162;
13997;1;5;;;162;
13998;1;5;;;162;
13999;1;20;;;63;
14000;1;10;;;63;
14001;1;5;;;63;
14002;1;16;;;63;
14003;1;16;;;63;
14004;1;16;;;63;
14005;1;13;;;63;
14006;1;16;;;63;
14007;1;4;;;63;
14008;1;10;;;63;
14009;1;10;;;162;
14010;1;5;;;162;
14011;1;10;;;63;
14012;1;16;;;63;
14013;1;10;;;63;
14014;1;10;;;63;
14015;1;5;;;63;
14016;1;5;;;162;
14017;1;5;;;162;
14018;1;10;;;63;
14019;1;10;;;63;
14020;1;5;;;63;
14021;1;10;;;63;
14022;1;5;;;162;
14023;1;10;;;63;
14024;1;10;;;63;
14025;1;10;;;63;
14026;1;5;;;63;
14027;1;10;;;63;
14028;1;10;;;63;
14029;1;10;;;162;
14030;1;5;;;162;
14031;1;5;;;162;
14032;1;10;;;63;
14033;1;23;;;63;
14034;1;18;;;63;
14035;1;23;;;63;
14036;1;23;;;63;
14037;1;11;;;162;
14038;1;10;;;162;
14039;1;5;;;162;
14040;1;23;;;63;
14041;1;10;;;63;
14042;1;10;;;63;
14043;1;5;;;63;
14044;1;5;;;162;
14045;1;10;;;63;
14046;1;10;;;63;
14047;1;10;;;63;
14048;1;5;;;63;
14049;1;5;;;162;
14050;1;10;;;63;
14051;1;10;;;63;
14052;1;5;;;63;
14053;1;10;;;63;
14054;1;10;;;63;
14055;1;10;;;162;
14056;1;6;;;162;
14057;1;10;;;63;
14058;1;10;;;63;
14059;1;10;;;63;
14060;1;5;;;63;
14061;1;10;;;63;
14062;1;10;;;63;
14063;1;10;;;63;
14064;1;10;;;162;
14065;1;5;;;162;
14066;1;10;;;63;
14067;1;10;;;63;
14068;1;5;;;63;
14069;1;10;;;63;
14070;1;10;;;162;
14071;1;6;;;162;
14072;1;10;;;63;
14073;1;23;;;63;
14074;1;23;;;63;
14075;1;18;;;63;
14076;1;23;;;63;
14077;1;23;;;63;
14078;1;23;;;63;
14079;1;11;;;162;
14080;1;10;;;162;
14081;1;6;;;162;
14082;1;23;;;63;
14083;1;10;;;63;
14084;1;10;;;63;
14085;1;5;;;63;
14086;1;10;;;63;
14087;1;10;;;162;
14088;1;5;;;162;
14089;1;5;;;162;
14090;1;10;;;63;
14091;1;10;;;63;
14092;1;5;;;63;
14093;1;10;;;63;
14094;1;10;;;63;
14095;1;10;;;162;
14096;1;5;;;162;
14097;1;10;;;63;
14098;1;10;;;63;
14099;1;10;;;63;
14100;1;5;;;63;
14101;1;10;;;63;
14102;1;10;;;63;
14103;1;10;;;63;
14104;1;10;;;162;
14105;1;5;;;162;
14106;1;10;;;63;
14107;1;10;;;63;
14108;1;5;;;63;
14109;1;10;;;63;
14110;1;10;;;63;
14111;1;10;;;63;
14112;1;10;;;162;
14113;1;5;;;162;
14114;1;10;;;63;
14115;1;11;;;63;
14116;1;6;;;63;
14117;1;12;;;63;
14118;1;11;;;63;
14119;1;10;;;162;
14120;1;5;;;162;
14121;1;11;;;63;
14122;1;5;;;63;
14123;1;5;;;63;
14124;1;9;;;63;
14125;1;8;;;63;
14126;1;9;;;63;
14127;1;8;;;63;
14128;1;9;;;63;
14129;1;8;;;63;
14130;1;9;;;63;
14131;1;8;;;63;
14132;1;9;;;63;
14133;1;8;;;63;
14134;1;9;;;63;
14135;1;9;;;63;
14136;1;8;;;63;
14137;1;9;;;63;
14138;1;9;;;63;
14139;1;8;;;63;
14140;1;9;;;63;
14141;1;8;;;63;
14142;1;9;;;63;
14143;1;8;;;63;
14144;1;9;;;63;
14145;1;9;;;63;
14146;1;9;;;63;
14147;1;9;;;63;
14148;1;9;;;63;
14149;1;9;;;63;
14150;1;9;;;63;
14151;1;9;;;63;
14152;1;9;;;63;
14153;1;5;;;;
14154;1;5;;;;
14155;1;6;;;;
14156;1;6;;;;
14157;1;6;;;;
14158;1;6;;;162;
14159;1;6;;;;
14160;1;6;;;;
14161;1;6;;;;
14162;1;6;;;;
14163;1;6;;;;
14164;1;6;;;;
14165;1;6;;;;
14166;1;6;;;162;
14167;1;6;;;;
14168;1;6;;;;
14169;1;6;;;;
14170;1;6;;;;
14171;1;6;;;;
14172;1;6;;;;
14173;1;6;;;;
14174;1;6;;;;
14175;1;6;;;162;
14176;1;6;;;;
14177;1;6;;;;
14178;1;6;;;;
14179;1;6;;;;
14180;1;6;;;;
14181;1;6;;;;
14182;1;6;;;;
14183;1;6;;;162;
14184;1;6;;;;
14185;1;6;;;;
14186;1;6;;;;
14187;1;6;;;162;
14188;1;6;;;;
14189;1;6;;;;
14190;1;6;F28;;;
14190;1;6;F28;;;
14190;1;6;S46;;;
14190;1;6;;;;
14191;1;6;F28;;;
14191;1;6;F28;;;
14191;1;6;S46;;;
14191;1;6;;;;
14192;1;6;;;;
14193;1;6;;;;
14194;1;6;;;;
14195;1;6;;;162;
14196;1;5;;;;
14197;1;5;;;;
14198;1;5;;;;
14199;1;6;;;;
14200;1;6;;;;
14201;1;6;;;;
14202;1;6;;;;
14203;1;6;;;;
14204;1;6;;;;
14205;1;6;;;;
14206;1;6;F28;;;
14206;1;6;F28;;;
14206;1;6;S46;;;
14206;1;6;;;;
14207;1;5;;;;
14208;1;16;F28;;;
14208;1;16;F28;;;
14208;1;16;S46;;;
14208;1;16;;;63;
14209;1;15;F28;;;
14209;1;15;F28;;;
14209;1;15;S46;;;
14209;1;15;;;63;
14210;1;10;F28;;;
14210;1;10;F28;;;
14210;1;10;S46;;;
14210;1;10;;;63;
14211;1;2;F28;;;
14211;1;2;F28;;;
14211;1;2;S46;;;
14211;1;2;;;63;
14212;1;2;;;162;
14213;1;4;;;162;
14214;1;2;;;162;
14215;1;3;;;162;
14216;1;7;;;162;
14217;1;3;;;162;
14218;1;16;F28;;;
14218;1;16;F28;;;
14218;1;16;S46;;;
14218;1;16;;;63;
14219;1;4;F28;;;
14219;1;4;F28;;;
14219;1;4;S46;;;
14219;1;4;;;63;
14220;1;4;F28;;;
14220;1;4;F28;;;
14220;1;4;S46;;;
14220;1;4;;;63;
14221;1;4;;;162;
14222;1;16;F28;;;
14222;1;16;F28;;;
14222;1;16;S46;;;
14222;1;16;;;63;
14223;1;10;F28;;;
14223;1;10;F28;;;
14223;1;10;S46;;;
14223;1;10;;;63;
14224;1;15;F28;;;
14224;1;15;F28;;;
14224;1;15;S46;;;
14224;1;15;;;63;
14225;1;10;F28;;;
14225;1;10;F28;;;
14225;1;10;S46;;;
14225;1;10;;;63;
14226;1;9;F28;;;
14226;1;9;F28;;;
14226;1;9;S46;;;
14226;1;9;;;63;
14227;1;10;F28;;;
14227;1;10;F28;;;
14227;1;10;S46;;;
14227;1;10;;;63;
14228;1;2;F28;;;
14228;1;2;F28;;;
14228;1;2;S46;;;
14228;1;2;;;63;
14229;1;7;F28;;;
14229;1;7;F28;;;
14229;1;7;S46;;;
14229;1;7;;;63;
14230;1;8;F28;;;
14230;1;8;F28;;;
14230;1;8;S46;;;
14230;1;8;;;63;
14231;1;7;F28;;;
14231;1;7;F28;;;
14231;1;7;S46;;;
14231;1;7;;;63;
14232;1;2;;;162;
14233;1;4;;;162;
14234;1;2;;;162;
14235;1;4;;;162;
14236;1;2;;;162;
14237;1;7;;;162;
14238;1;3;;;162;
14239;1;3;;;162;
14240;1;16;F28;;;
14240;1;16;F28;;;
14240;1;16;S46;;;
14240;1;16;;;63;
14241;1;2;;;162;
14242;1;2;;;162;
14243;1;2;;;162;
14244;1;2;;;162;
14245;1;2;;;162;
14246;1;2;;;162;
14247;1;2;;;162;
14248;1;2;;;162;
14249;1;16;F28;;;
14249;1;16;F28;;;
14249;1;16;S46;;;
14249;1;16;;;63;
14250;1;15;F28;;;
14250;1;15;F28;;;
14250;1;15;S46;;;
14250;1;15;;;63;
14251;1;10;F28;;;
14251;1;10;F28;;;
14251;1;10;S46;;;
14251;1;10;;;63;
14252;1;2;F28;;;
14252;1;2;F28;;;
14252;1;2;S46;;;
14252;1;2;;;63;
14253;1;2;;;162;
14254;1;2;;;162;
14255;1;3;;;162;
14256;1;4;;;162;
14257;1;7;;;162;
14258;1;4;;;162;
14259;1;16;F28;;;
14259;1;16;F28;;;
14259;1;16;S46;;;
14259;1;16;;;63;
14260;1;16;F28;;;
14260;1;16;F28;;;
14260;1;16;S46;;;
14260;1;16;;;63;
14261;1;10;F28;;;
14261;1;10;F28;;;
14261;1;10;S46;;;
14261;1;10;;;63;
14262;1;15;F28;;;
14262;1;15;F28;;;
14262;1;15;S46;;;
14262;1;15;;;63;
14263;1;10;F28;;;
14263;1;10;F28;;;
14263;1;10;S46;;;
14263;1;10;;;63;
14264;1;9;F28;;;
14264;1;9;F28;;;
14264;1;9;S46;;;
14264;1;9;;;63;
14265;1;10;F28;;;
14265;1;10;F28;;;
14265;1;10;S46;;;
14265;1;10;;;63;
14266;1;2;F28;;;
14266;1;2;F28;;;
14266;1;2;S46;;;
14266;1;2;;;63;
14267;1;7;F28;;;
14267;1;7;F28;;;
14267;1;7;S46;;;
14267;1;7;;;63;
14268;1;8;F28;;;
14268;1;8;F28;;;
14268;1;8;S46;;;
14268;1;8;;;63;
14269;1;7;F28;;;
14269;1;7;F28;;;
14269;1;7;S46;;;
14269;1;7;;;63;
14270;1;2;;;162;
14271;1;4;;;162;
14272;1;2;;;162;
14273;1;4;;;162;
14274;1;3;;;162;
14275;1;2;;;162;
14276;1;7;;;162;
14277;1;3;;;162;
14278;1;16;F28;;;
14278;1;16;F28;;;
14278;1;16;S46;;;
14278;1;16;;;63;
14279;1;2;;;162;
14280;1;2;;;162;
14281;1;2;;;162;
14282;1;2;;;162;
14283;1;2;;;162;
14284;1;2;;;162;
14285;1;2;;;162;
14286;1;16;F28;;;
14286;1;16;F28;;;
14286;1;16;S46;;;
14286;1;16;;;63;
14287;1;10;F28;;;
14287;1;10;F28;;;
14287;1;10;S46;;;
14287;1;10;;;92;
14288;1;15;F28;;;
14288;1;15;F28;;;
14288;1;15;S46;;;
14288;1;15;;;63;
14289;1;10;F28;;;
14289;1;10;F28;;;
14289;1;10;S46;;;
14289;1;10;;;63;
14290;1;9;F28;;;
14290;1;9;F28;;;
14290;1;9;S46;;;
14290;1;9;;;63;
14291;1;10;F28;;;
14291;1;10;F28;;;
14291;1;10;S46;;;
14291;1;10;;;63;
14292;1;2;F28;;;
14292;1;2;F28;;;
14292;1;2;S46;;;
14292;1;2;;;63;
14293;1;7;F28;;;
14293;1;7;F28;;;
14293;1;7;S46;;;
14293;1;7;;;63;
14294;1;8;F28;;;
14294;1;8;F28;;;
14294;1;8;S46;;;
14294;1;8;;;63;
14295;1;7;F28;;;
14295;1;7;F28;;;
14295;1;7;S46;;;
14295;1;7;;;92;
14296;1;2;;;162;
14297;1;2;;;162;
14298;1;3;;;162;
14299;1;4;;;162;
14300;1;7;;;162;
14301;1;2;;;162;
14302;1;2;;;162;
14303;1;3;;;162;
14304;1;4;;;162;
14305;1;7;;;162;
14306;1;4;;;162;
14307;1;16;F28;;;
14307;1;16;F28;;;
14307;1;16;S46;;;
14307;1;16;;;63;
14308;1;2;;;162;
14309;1;2;;;162;
14310;1;2;;;162;
14311;1;2;;;162;
14312;1;2;;;162;
14313;1;2;;;162;
14314;1;2;;;162;
14315;1;2;;;162;
14316;1;2;;;162;
14317;1;2;;;162;
14318;1;2;;;162;
14319;1;8;F28;;;
14319;1;8;F28;;;
14319;1;8;S46;;;
14319;8;23;F28;;;
14319;8;23;F28;;;
14319;8;23;S46;;;
14319;1;23;;;63;
14320;1;16;F28;;;
14320;1;16;F28;;;
14320;1;16;S46;;;
14320;1;16;;;63;
14321;1;10;F28;;;
14321;1;10;F28;;;
14321;1;10;S46;;;
14321;1;10;;;63;
14322;1;15;F28;;;
14322;1;15;F28;;;
14322;1;15;S46;;;
14322;1;15;;;63;
14323;1;8;F28;;;
14323;1;8;F28;;;
14323;1;8;S46;;;
14323;8;22;F28;;;
14323;8;22;F28;;;
14323;8;22;S46;;;
14323;1;22;;;63;
14324;1;10;F28;;;
14324;1;10;F28;;;
14324;1;10;S46;;;
14324;1;10;;;63;
14325;1;10;F28;;;
14325;1;10;F28;;;
14325;1;10;S46;;;
14325;1;10;;;63;
14326;1;2;F28;;;
14326;1;2;F28;;;
14326;1;2;S46;;;
14326;1;2;;;63;
14327;1;2;F28;;;
14327;1;2;F28;;;
14327;1;2;S46;;;
14327;1;2;;;63;
14328;1;4;;;162;
14329;1;2;;;162;
14330;1;2;;;162;
14331;1;4;;;162;
14332;1;2;;;162;
14333;1;7;;;162;
14334;1;3;;;162;
14335;1;8;;;162;
14336;1;3;;;162;
14337;1;16;F28;;;
14337;1;16;F28;;;
14337;1;16;S46;;;
14337;1;16;;;63;
14338;1;23;F28;;;
14338;1;23;F28;;;
14338;1;23;S46;;;
14338;1;23;;;63;
14339;1;16;F28;;;
14339;1;16;F28;;;
14339;1;16;S46;;;
14339;1;16;;;63;
14340;1;16;F28;;;
14340;1;16;F28;;;
14340;1;16;S46;;;
14340;1;16;;;63;
14341;1;10;F28;;;
14341;1;10;F28;;;
14341;1;10;S46;;;
14341;1;10;;;92;
14342;1;15;F28;;;
14342;1;15;F28;;;
14342;1;15;S46;;;
14342;1;15;;;63;
14343;1;15;F28;;;
14343;1;15;F28;;;
14343;1;15;S46;;;
14343;1;15;;;63;
14344;1;10;F28;;;
14344;1;10;F28;;;
14344;1;10;S46;;;
14344;1;10;;;63;
14345;1;9;F28;;;
14345;1;9;F28;;;
14345;1;9;S46;;;
14345;1;9;;;63;
14346;1;10;F28;;;
14346;1;10;F28;;;
14346;1;10;S46;;;
14346;1;10;;;63;
14347;1;2;F28;;;
14347;1;2;F28;;;
14347;1;2;S46;;;
14347;1;2;;;63;
14348;1;7;F28;;;
14348;1;7;F28;;;
14348;1;7;S46;;;
14348;1;7;;;63;
14349;1;8;F28;;;
14349;1;8;F28;;;
14349;1;8;S46;;;
14349;1;8;;;63;
14350;1;7;F28;;;
14350;1;7;F28;;;
14350;1;7;S46;;;
14350;1;7;;;92;
14351;1;2;;;162;
14352;1;2;;;162;
14353;1;3;;;162;
14354;1;4;;;162;
14355;1;7;;;162;
14356;1;2;;;162;
14357;1;2;;;162;
14358;1;3;;;162;
14359;1;4;;;162;
14360;1;7;;;162;
14361;1;4;;;162;
14362;1;16;F28;;;
14362;1;16;F28;;;
14362;1;16;S46;;;
14362;1;16;;;63;
14363;1;2;;;162;
14364;1;2;;;162;
14365;1;2;;;162;
14366;1;2;;;162;
14367;1;2;;;162;
14368;1;2;;;162;
14369;1;2;;;162;
14370;1;2;;;162;
14371;1;16;F28;;;
14371;1;16;F28;;;
14371;1;16;S46;;;
14371;1;16;;;63;
14372;1;16;F28;;;
14372;1;16;F28;;;
14372;1;16;S46;;;
14372;1;16;;;63;
14373;1;10;F28;;;
14373;1;10;F28;;;
14373;1;10;S46;;;
14373;1;10;;;63;
14374;1;10;F28;;;
14374;1;10;F28;;;
14374;1;10;S46;;;
14374;1;10;;;63;
14375;1;15;F28;;;
14375;1;15;F28;;;
14375;1;15;S46;;;
14375;1;15;;;63;
14376;1;15;F28;;;
14376;1;15;F28;;;
14376;1;15;S46;;;
14376;1;15;;;63;
14377;1;10;F28;;;
14377;1;10;F28;;;
14377;1;10;S46;;;
14377;1;10;;;63;
14378;1;9;F28;;;
14378;1;9;F28;;;
14378;1;9;S46;;;
14378;1;9;;;63;
14379;1;10;F28;;;
14379;1;10;F28;;;
14379;1;10;S46;;;
14379;1;10;;;63;
14380;1;10;F28;;;
14380;1;10;F28;;;
14380;1;10;S46;;;
14380;1;10;;;63;
14381;1;2;F28;;;
14381;1;2;F28;;;
14381;1;2;S46;;;
14381;1;2;;;63;
14382;1;2;F28;;;
14382;1;2;F28;;;
14382;1;2;S46;;;
14382;1;2;;;63;
14383;1;7;F28;;;
14383;1;7;F28;;;
14383;1;7;S46;;;
14383;1;7;;;63;
14384;1;8;F28;;;
14384;1;8;F28;;;
14384;1;8;S46;;;
14384;1;8;;;63;
14385;1;7;F28;;;
14385;1;7;F28;;;
14385;1;7;S46;;;
14385;1;7;;;63;
14386;1;2;;;162;
14387;1;4;;;162;
14388;1;2;;;162;
14389;1;4;;;162;
14390;1;2;;;162;
14391;1;3;;;162;
14392;1;7;;;162;
14393;1;3;;;162;
14394;1;16;F28;;;
14394;1;16;F28;;;
14394;1;16;S46;;;
14394;1;16;;;63;
14395;1;16;F28;;;
14395;1;16;F28;;;
14395;1;16;S46;;;
14395;1;16;;;63;
14396;1;2;;;162;
14397;1;2;;;162;
14398;1;2;;;162;
14399;1;2;;;162;
14400;1;2;;;162;
14401;1;2;;;162;
14402;1;2;;;162;
14403;1;16;F28;;;
14403;1;16;F28;;;
14403;1;16;S46;;;
14403;1;16;;;63;
14404;1;16;F28;;;
14404;1;16;F28;;;
14404;1;16;S46;;;
14404;1;16;;;63;
14405;1;16;F28;;;
14405;1;16;F28;;;
14405;1;16;S46;;;
14405;1;16;;;63;
14406;1;10;F28;;;
14406;1;10;F28;;;
14406;1;10;S46;;;
14406;1;10;;;92;
14407;1;15;F28;;;
14407;1;15;F28;;;
14407;1;15;S46;;;
14407;1;15;;;63;
14408;1;15;F28;;;
14408;1;15;F28;;;
14408;1;15;S46;;;
14408;1;15;;;63;
14409;1;10;F28;;;
14409;1;10;F28;;;
14409;1;10;S46;;;
14409;1;10;;;63;
14410;1;9;F28;;;
14410;1;9;F28;;;
14410;1;9;S46;;;
14410;1;9;;;63;
14411;1;10;F28;;;
14411;1;10;F28;;;
14411;1;10;S46;;;
14411;1;10;;;63;
14412;1;10;F28;;;
14412;1;10;F28;;;
14412;1;10;S46;;;
14412;1;10;;;63;
14413;1;2;F28;;;
14413;1;2;F28;;;
14413;1;2;S46;;;
14413;1;2;;;63;
14414;1;7;F28;;;
14414;1;7;F28;;;
14414;1;7;S46;;;
14414;1;7;;;63;
14415;1;8;F28;;;
14415;1;8;F28;;;
14415;1;8;S46;;;
14415;1;8;;;63;
14416;1;7;F28;;;
14416;1;7;F28;;;
14416;1;7;S46;;;
14416;1;7;;;92;
14417;1;2;;;162;
14418;1;3;;;162;
14419;1;2;;;162;
14420;1;4;;;162;
14421;1;7;;;162;
14422;1;2;;;162;
14423;1;3;;;162;
14424;1;2;;;162;
14425;1;4;;;162;
14426;1;7;;;162;
14427;1;4;;;162;
14428;1;16;F28;;;
14428;1;16;F28;;;
14428;1;16;S46;;;
14428;1;16;;;63;
14429;1;2;;;162;
14430;1;2;;;162;
14431;1;2;;;162;
14432;1;2;;;162;
14433;1;2;;;162;
14434;1;2;;;162;
14435;1;2;;;162;
14436;1;16;F28;;;
14436;1;16;F28;;;
14436;1;16;S46;;;
14436;1;16;;;63;
14437;1;4;F28;;;
14437;1;4;F28;;;
14437;1;4;S46;;;
14437;4;16;F28;;;
14437;4;16;F28;;;
14437;4;16;S46;;;
14437;1;16;;;63;
14438;1;16;F28;;;
14438;1;16;F28;;;
14438;1;16;S46;;;
14438;1;16;;;63;
14439;1;10;F28;;;
14439;1;10;F28;;;
14439;1;10;S46;;;
14439;1;10;;;63;
14440;1;4;F28;;;
14440;1;4;F28;;;
14440;1;4;S46;;;
14440;4;15;F28;;;
14440;4;15;F28;;;
14440;4;15;S46;;;
14440;1;15;;;63;
14441;1;15;F28;;;
14441;1;15;F28;;;
14441;1;15;S46;;;
14441;1;15;;;63;
14442;1;9;F28;;;
14442;1;9;F28;;;
14442;1;9;S46;;;
14442;1;9;;;63;
14443;1;10;F28;;;
14443;1;10;F28;;;
14443;1;10;S46;;;
14443;1;10;;;63;
14444;1;10;F28;;;
14444;1;10;F28;;;
14444;1;10;S46;;;
14444;1;10;;;63;
14445;1;2;F28;;;
14445;1;2;F28;;;
14445;1;2;S46;;;
14445;1;2;;;63;
14446;1;8;F28;;;
14446;1;8;F28;;;
14446;1;8;S46;;;
14446;1;8;;;63;
14447;1;7;F28;;;
14447;1;7;F28;;;
14447;1;7;S46;;;
14447;1;7;;;63;
14448;1;4;;;162;
14449;1;2;;;162;
14450;1;2;;;162;
14451;1;4;;;162;
14452;1;2;;;162;
14453;1;3;;;162;
14454;1;7;;;162;
14455;1;3;;;162;
14456;1;16;F28;;;
14456;1;16;F28;;;
14456;1;16;S46;;;
14456;1;16;;;63;
14457;1;16;F28;;;
14457;1;16;F28;;;
14457;1;16;S46;;;
14457;1;16;;;63;
14458;1;2;;;162;
14459;1;2;;;162;
14460;1;2;;;162;
14461;1;2;;;162;
14462;1;2;;;162;
14463;1;2;;;162;
14464;1;2;;;162;
14465;1;2;;;162;
14466;1;2;;;162;
14467;1;2;;;162;
14468;1;16;F28;;;
14468;1;16;F28;;;
14468;1;16;S46;;;
14468;1;16;;;63;
14469;1;16;F28;;;
14469;1;16;F28;;;
14469;1;16;S46;;;
14469;1;16;;;63;
14470;1;10;F28;;;
14470;1;10;F28;;;
14470;1;10;S46;;;
14470;1;10;;;92;
14471;1;15;F28;;;
14471;1;15;F28;;;
14471;1;15;S46;;;
14471;1;15;;;63;
14472;1;10;F28;;;
14472;1;10;F28;;;
14472;1;10;S46;;;
14472;1;10;;;63;
14473;1;9;F28;;;
14473;1;9;F28;;;
14473;1;9;S46;;;
14473;1;9;;;63;
14474;1;10;F28;;;
14474;1;10;F28;;;
14474;1;10;S46;;;
14474;1;10;;;63;
14475;1;10;F28;;;
14475;1;10;F28;;;
14475;1;10;S46;;;
14475;1;10;;;63;
14476;1;2;F28;;;
14476;1;2;F28;;;
14476;1;2;S46;;;
14476;1;2;;;63;
14477;1;7;F28;;;
14477;1;7;F28;;;
14477;1;7;S46;;;
14477;1;7;;;63;
14478;1;8;F28;;;
14478;1;8;F28;;;
14478;1;8;S46;;;
14478;1;8;;;63;
14479;1;7;F28;;;
14479;1;7;F28;;;
14479;1;7;S46;;;
14479;1;7;;;92;
14480;1;2;;;162;
14481;1;2;;;162;
14482;1;3;;;162;
14483;1;4;;;162;
14484;1;7;;;162;
14485;1;2;;;162;
14486;1;2;;;162;
14487;1;3;;;162;
14488;1;4;;;162;
14489;1;7;;;162;
14490;1;4;;;162;
14491;1;16;F28;;;
14491;1;16;F28;;;
14491;1;16;S46;;;
14491;1;16;;;63;
14492;1;2;;;162;
14493;1;2;;;162;
14494;1;2;;;162;
14495;1;2;;;162;
14496;1;2;;;162;
14497;1;2;;;162;
14498;1;2;;;162;
14499;1;16;F28;;;
14499;1;16;F28;;;
14499;1;16;S46;;;
14499;1;16;;;63;
14500;1;16;F28;;;
14500;1;16;F28;;;
14500;1;16;S46;;;
14500;1;16;;;63;
14501;1;10;F28;;;
14501;1;10;F28;;;
14501;1;10;S46;;;
14501;1;10;;;63;
14502;1;10;F28;;;
14502;1;10;F28;;;
14502;1;10;S46;;;
14502;1;10;;;63;
14503;1;15;F28;;;
14503;1;15;F28;;;
14503;1;15;S46;;;
14503;1;15;;;63;
14504;1;15;F28;;;
14504;1;15;F28;;;
14504;1;15;S46;;;
14504;1;15;;;63;
14505;1;9;F28;;;
14505;1;9;F28;;;
14505;1;9;S46;;;
14505;1;9;;;63;
14506;1;16;F28;;;
14506;1;16;F28;;;
14506;1;16;S46;;;
14506;1;16;;;63;
14507;1;10;F28;;;
14507;1;10;F28;;;
14507;1;10;S46;;;
14507;1;10;;;63;
14508;1;10;F28;;;
14508;1;10;F28;;;
14508;1;10;S46;;;
14508;1;10;;;63;
14509;1;2;F28;;;
14509;1;2;F28;;;
14509;1;2;S46;;;
14509;1;2;;;63;
14510;1;8;F28;;;
14510;1;8;F28;;;
14510;1;8;S46;;;
14510;1;8;;;63;
14511;1;7;F28;;;
14511;1;7;F28;;;
14511;1;7;S46;;;
14511;1;7;;;63;
14512;1;4;;;162;
14513;1;2;;;162;
14514;1;2;;;162;
14515;1;4;;;162;
14516;1;2;;;162;
14517;1;3;;;162;
14518;1;7;;;162;
14519;1;3;;;162;
14520;1;16;F28;;;
14520;1;16;F28;;;
14520;1;16;S46;;;
14520;1;16;;;63;
14521;1;16;F28;;;
14521;1;16;F28;;;
14521;1;16;S46;;;
14521;1;16;;;63;
14522;1;2;;;162;
14523;1;2;;;162;
14524;1;2;;;162;
14525;1;2;;;162;
14526;1;2;;;162;
14527;1;2;;;162;
14528;1;2;;;162;
14529;1;16;F28;;;
14529;1;16;F28;;;
14529;1;16;S46;;;
14529;1;16;;;63;
14530;1;10;F28;;;
14530;1;10;F28;;;
14530;1;10;S46;;;
14530;1;10;;;92;
14531;1;15;F28;;;
14531;1;15;F28;;;
14531;1;15;S46;;;
14531;1;15;;;63;
14532;1;10;F28;;;
14532;1;10;F28;;;
14532;1;10;S46;;;
14532;1;10;;;63;
14533;1;9;F28;;;
14533;1;9;F28;;;
14533;1;9;S46;;;
14533;1;9;;;63;
14534;1;10;F28;;;
14534;1;10;F28;;;
14534;1;10;S46;;;
14534;1;10;;;63;
14535;1;2;F28;;;
14535;1;2;F28;;;
14535;1;2;S46;;;
14535;1;2;;;63;
14536;1;7;F28;;;
14536;1;7;F28;;;
14536;1;7;S46;;;
14536;1;7;;;63;
14537;1;8;F28;;;
14537;1;8;F28;;;
14537;1;8;S46;;;
14537;1;8;;;63;
14538;1;7;F28;;;
14538;1;7;F28;;;
14538;1;7;S46;;;
14538;1;7;;;92;
14539;1;2;;;162;
14540;1;2;;;162;
14541;1;3;;;162;
14542;1;4;;;162;
14543;1;7;;;162;
14544;1;2;;;162;
14545;1;2;;;162;
14546;1;3;;;162;
14547;1;4;;;162;
14548;1;7;;;162;
14549;1;4;;;162;
14550;1;16;F28;;;
14550;1;16;F28;;;
14550;1;16;S46;;;
14550;1;16;;;63;
14551;1;2;;;162;
14552;1;2;;;162;
14553;1;2;;;162;
14554;1;2;;;162;
14555;1;2;;;162;
14556;1;2;;;162;
14557;1;2;;;162;
14558;1;16;F28;;;
14558;1;16;F28;;;
14558;1;16;S46;;;
14558;1;16;;;63;
14559;1;16;F28;;;
14559;1;16;F28;;;
14559;1;16;S46;;;
14559;1;16;;;63;
14560;1;16;F28;;;
14560;1;16;F28;;;
14560;1;16;S46;;;
14560;1;16;;;63;
14561;1;10;F28;;;
14561;1;10;F28;;;
14561;1;10;S46;;;
14561;1;10;;;63;
14562;1;10;F28;;;
14562;1;10;F28;;;
14562;1;10;S46;;;
14562;1;10;;;63;
14563;1;15;F28;;;
14563;1;15;F28;;;
14563;1;15;S46;;;
14563;1;15;;;63;
14564;1;15;F28;;;
14564;1;15;F28;;;
14564;1;15;S46;;;
14564;1;15;;;63;
14565;1;15;F28;;;
14565;1;15;F28;;;
14565;1;15;S46;;;
14565;1;15;;;63;
14566;1;9;F28;;;
14566;1;9;F28;;;
14566;1;9;S46;;;
14566;1;9;;;63;
14567;1;16;F28;;;
14567;1;16;F28;;;
14567;1;16;S46;;;
14567;1;16;;;63;
14568;1;10;F28;;;
14568;1;10;F28;;;
14568;1;10;S46;;;
14568;1;10;;;63;
14569;1;10;F28;;;
14569;1;10;F28;;;
14569;1;10;S46;;;
14569;1;10;;;63;
14570;1;2;F28;;;
14570;1;2;F28;;;
14570;1;2;S46;;;
14570;1;2;;;63;
14571;1;8;F28;;;
14571;1;8;F28;;;
14571;1;8;S46;;;
14571;1;8;;;63;
14572;1;7;F28;;;
14572;1;7;F28;;;
14572;1;7;S46;;;
14572;1;7;;;63;
14573;1;4;;;162;
14574;1;2;;;162;
14575;1;2;;;162;
14576;1;4;;;162;
14577;1;2;;;162;
14578;1;3;;;162;
14579;1;7;;;162;
14580;1;3;;;162;
14581;1;16;F28;;;
14581;1;16;F28;;;
14581;1;16;S46;;;
14581;1;16;;;63;
14582;1;16;F28;;;
14582;1;16;F28;;;
14582;1;16;S46;;;
14582;1;16;;;63;
14583;1;2;;;162;
14584;1;2;;;162;
14585;1;2;;;162;
14586;1;2;;;162;
14587;1;2;;;162;
14588;1;2;;;162;
14589;1;2;;;162;
14590;1;16;F28;;;
14590;1;16;F28;;;
14590;1;16;S46;;;
14590;1;16;;;63;
14591;1;16;F28;;;
14591;1;16;F28;;;
14591;1;16;S46;;;
14591;1;16;;;63;
14592;1;10;F28;;;
14592;1;10;F28;;;
14592;1;10;S46;;;
14592;1;10;;;92;
14593;1;10;F28;;;
14593;1;10;F28;;;
14593;1;10;S46;;;
14593;1;10;;;92;
14594;1;15;F28;;;
14594;1;15;F28;;;
14594;1;15;S46;;;
14594;1;15;;;63;
14595;1;15;F28;;;
14595;1;15;F28;;;
14595;1;15;S46;;;
14595;1;15;;;63;
14596;1;9;F28;;;
14596;1;9;F28;;;
14596;1;9;S46;;;
14596;1;9;;;63;
14597;1;10;F28;;;
14597;1;10;F28;;;
14597;1;10;S46;;;
14597;1;10;;;63;
14598;1;2;F28;;;
14598;1;2;F28;;;
14598;1;2;S46;;;
14598;1;2;;;63;
14599;1;8;F28;;;
14599;1;8;F28;;;
14599;1;8;S46;;;
14599;1;8;;;63;
14600;1;7;F28;;;
14600;1;7;F28;;;
14600;1;7;S46;;;
14600;1;7;;;92;
14601;1;2;;;162;
14602;1;3;;;162;
14603;1;2;;;162;
14604;1;4;;;162;
14605;1;7;;;162;
14606;1;2;;;162;
14607;1;3;;;162;
14608;1;2;;;162;
14609;1;4;;;162;
14610;1;7;;;162;
14611;1;4;;;162;
14612;1;2;;;162;
14613;1;16;F28;;;
14613;1;16;F28;;;
14613;1;16;S46;;;
14613;1;16;;;63;
14614;1;2;;;162;
14615;1;2;;;162;
14616;1;2;;;162;
14617;1;2;;;162;
14618;1;2;;;162;
14619;1;2;;;162;
14620;1;2;;;162;
14621;1;16;F28;;;
14621;1;16;F28;;;
14621;1;16;S46;;;
14621;1;16;;;63;
14622;1;16;F28;;;
14622;1;16;F28;;;
14622;1;16;S46;;;
14622;1;16;;;63;
14623;1;16;F28;;;
14623;1;16;F28;;;
14623;1;16;S46;;;
14623;1;16;;;63;
14624;1;10;F28;;;
14624;1;10;F28;;;
14624;1;10;S46;;;
14624;1;10;;;63;
14625;1;10;F28;;;
14625;1;10;F28;;;
14625;1;10;S46;;;
14625;1;10;;;63;
14626;1;15;F28;;;
14626;1;15;F28;;;
14626;1;15;S46;;;
14626;1;15;;;63;
14627;1;15;F28;;;
14627;1;15;F28;;;
14627;1;15;S46;;;
14627;1;15;;;63;
14628;1;15;F28;;;
14628;1;15;F28;;;
14628;1;15;S46;;;
14628;1;15;;;63;
14629;1;9;F28;;;
14629;1;9;F28;;;
14629;1;9;S46;;;
14629;1;9;;;63;
14630;1;10;F28;;;
14630;1;10;F28;;;
14630;1;10;S46;;;
14630;1;10;;;63;
14631;1;2;F28;;;
14631;1;2;F28;;;
14631;1;2;S46;;;
14631;1;2;;;63;
14632;1;2;F28;;;
14632;1;2;F28;;;
14632;1;2;S46;;;
14632;1;2;;;63;
14633;1;8;F28;;;
14633;1;8;F28;;;
14633;1;8;S46;;;
14633;1;8;;;63;
14634;1;7;F28;;;
14634;1;7;F28;;;
14634;1;7;S46;;;
14634;1;7;;;63;
14635;1;16;F28;;;
14635;1;16;F28;;;
14635;1;16;S46;;;
14635;1;16;;;63;
14636;1;2;;;162;
14637;1;4;;;162;
14638;1;2;;;162;
14639;1;4;;;162;
14640;1;2;;;162;
14641;1;3;;;162;
14642;1;7;;;162;
14643;1;3;;;162;
14644;1;16;F28;;;
14644;1;16;F28;;;
14644;1;16;S46;;;
14644;1;16;;;63;
14645;1;16;F28;;;
14645;1;16;F28;;;
14645;1;16;S46;;;
14645;1;16;;;63;
14646;1;2;;;162;
14647;1;2;;;162;
14648;1;2;;;162;
14649;1;2;;;162;
14650;1;2;;;162;
14651;1;2;;;162;
14652;1;2;;;162;
14653;1;16;F28;;;
14653;1;16;F28;;;
14653;1;16;S46;;;
14653;1;16;;;63;
14654;1;10;F28;;;
14654;1;10;F28;;;
14654;1;10;S46;;;
14654;1;10;;;92;
14655;1;15;F28;;;
14655;1;15;F28;;;
14655;1;15;S46;;;
14655;1;15;;;63;
14656;1;9;F28;;;
14656;1;9;F28;;;
14656;1;9;S46;;;
14656;1;9;;;63;
14657;1;10;F28;;;
14657;1;10;F28;;;
14657;1;10;S46;;;
14657;1;10;;;63;
14658;1;2;F28;;;
14658;1;2;F28;;;
14658;1;2;S46;;;
14658;1;2;;;63;
14659;1;8;F28;;;
14659;1;8;F28;;;
14659;1;8;S46;;;
14659;1;8;;;63;
14660;1;7;F28;;;
14660;1;7;F28;;;
14660;1;7;S46;;;
14660;1;7;;;92;
14661;1;2;;;162;
14662;1;2;;;162;
14663;1;3;;;162;
14664;1;4;;;162;
14665;1;7;;;162;
14666;1;2;;;162;
14667;1;2;;;162;
14668;1;3;;;162;
14669;1;4;;;162;
14670;1;7;;;162;
14671;1;4;;;162;
14672;1;16;F28;;;
14672;1;16;F28;;;
14672;1;16;S46;;;
14672;1;16;;;63;
14673;1;2;;;162;
14674;1;2;;;162;
14675;1;2;;;162;
14676;1;2;;;162;
14677;1;2;;;162;
14678;1;2;;;162;
14679;1;2;;;162;
14680;1;16;F28;;;
14680;1;16;F28;;;
14680;1;16;S46;;;
14680;1;16;;;63;
14681;1;10;F28;;;
14681;1;10;F28;;;
14681;1;10;S46;;;
14681;1;10;;;63;
14682;1;15;F28;;;
14682;1;15;F28;;;
14682;1;15;S46;;;
14682;1;15;;;63;
14683;1;9;F28;;;
14683;1;9;F28;;;
14683;1;9;S46;;;
14683;1;9;;;63;
14684;1;10;F28;;;
14684;1;10;F28;;;
14684;1;10;S46;;;
14684;1;10;;;63;
14685;1;2;F28;;;
14685;1;2;F28;;;
14685;1;2;S46;;;
14685;1;2;;;63;
14686;1;8;F28;;;
14686;1;8;F28;;;
14686;1;8;S46;;;
14686;1;8;;;63;
14687;1;7;F28;;;
14687;1;7;F28;;;
14687;1;7;S46;;;
14687;1;7;;;63;
14688;1;4;;;162;
14689;1;2;;;162;
14690;1;2;;;162;
14691;1;4;;;162;
14692;1;2;;;162;
14693;1;3;;;162;
14694;1;7;;;162;
14695;1;3;;;162;
14696;1;16;F28;;;
14696;1;16;F28;;;
14696;1;16;S46;;;
14696;1;16;;;63;
14697;1;2;;;162;
14698;1;2;;;162;
14699;1;2;;;162;
14700;1;2;;;162;
14701;1;2;;;162;
14702;1;2;;;162;
14703;1;2;;;162;
14704;1;16;F28;;;
14704;1;16;F28;;;
14704;1;16;S46;;;
14704;1;16;;;63;
14705;1;16;F28;;;
14705;1;16;F28;;;
14705;1;16;S46;;;
14705;1;16;;;63;
14706;1;10;F28;;;
14706;1;10;F28;;;
14706;1;10;S46;;;
14706;1;10;;;92;
14707;1;10;F28;;;
14707;1;10;F28;;;
14707;1;10;S46;;;
14707;1;10;;;92;
14708;1;15;F28;;;
14708;1;15;F28;;;
14708;1;15;S46;;;
14708;1;15;;;63;
14709;1;9;F28;;;
14709;1;9;F28;;;
14709;1;9;S46;;;
14709;1;9;;;63;
14710;1;10;F28;;;
14710;1;10;F28;;;
14710;1;10;S46;;;
14710;1;10;;;63;
14711;1;2;F28;;;
14711;1;2;F28;;;
14711;1;2;S46;;;
14711;1;2;;;63;
14712;1;8;F28;;;
14712;1;8;F28;;;
14712;1;8;S46;;;
14712;1;8;;;63;
14713;1;7;F28;;;
14713;1;7;F28;;;
14713;1;7;S46;;;
14713;1;7;;;92;
14714;1;2;;;162;
14715;1;3;;;162;
14716;1;2;;;162;
14717;1;4;;;162;
14718;1;7;;;162;
14719;1;2;;;162;
14720;1;3;;;162;
14721;1;2;;;162;
14722;1;4;;;162;
14723;1;7;;;162;
14724;1;4;;;162;
14725;1;16;F28;;;
14725;1;16;F28;;;
14725;1;16;S46;;;
14725;1;16;;;63;
14726;1;2;;;162;
14727;1;2;;;162;
14728;1;2;;;162;
14729;1;2;;;162;
14730;1;2;;;162;
14731;1;2;;;162;
14732;1;2;;;162;
14733;1;16;F28;;;
14733;1;16;F28;;;
14733;1;16;S46;;;
14733;1;16;;;63;
14734;1;10;F28;;;
14734;1;10;F28;;;
14734;1;10;S46;;;
14734;1;10;;;63;
14735;1;15;F28;;;
14735;1;15;F28;;;
14735;1;15;S46;;;
14735;1;15;;;63;
14736;1;9;F28;;;
14736;1;9;F28;;;
14736;1;9;S46;;;
14736;1;9;;;63;
14737;1;10;F28;;;
14737;1;10;F28;;;
14737;1;10;S46;;;
14737;1;10;;;63;
14738;1;2;F28;;;
14738;1;2;F28;;;
14738;1;2;S46;;;
14738;1;2;;;63;
14739;1;8;F28;;;
14739;1;8;F28;;;
14739;1;8;S46;;;
14739;1;8;;;63;
14740;1;7;F28;;;
14740;1;7;F28;;;
14740;1;7;S46;;;
14740;1;7;;;63;
14741;1;4;;;162;
14742;1;2;;;162;
14743;1;2;;;162;
14744;1;4;;;162;
14745;1;2;;;162;
14746;1;3;;;162;
14747;1;7;;;162;
14748;1;3;;;162;
14749;1;16;F28;;;
14749;1;16;F28;;;
14749;1;16;S46;;;
14749;1;16;;;63;
14750;1;2;;;162;
14751;1;2;;;162;
14752;1;2;;;162;
14753;1;2;;;162;
14754;1;16;F28;;;
14754;1;16;F28;;;
14754;1;16;S46;;;
14754;1;16;;;63;
14755;1;16;F28;;;
14755;1;16;F28;;;
14755;1;16;S46;;;
14755;1;16;;;63;
14756;1;16;F28;;;
14756;1;16;F28;;;
14756;1;16;S46;;;
14756;1;16;;;63;
14757;1;10;F28;;;
14757;1;10;F28;;;
14757;1;10;S46;;;
14757;1;10;;;92;
14758;1;15;F28;;;
14758;1;15;F28;;;
14758;1;15;S46;;;
14758;1;15;;;63;
14759;1;15;F28;;;
14759;1;15;F28;;;
14759;1;15;S46;;;
14759;1;15;;;63;
14760;1;9;F28;;;
14760;1;9;F28;;;
14760;1;9;S46;;;
14760;1;9;;;63;
14761;1;10;F28;;;
14761;1;10;F28;;;
14761;1;10;S46;;;
14761;1;10;;;63;
14762;1;10;F28;;;
14762;1;10;F28;;;
14762;1;10;S46;;;
14762;1;10;;;63;
14763;1;10;F28;;;
14763;1;10;F28;;;
14763;1;10;S46;;;
14763;1;10;;;63;
14764;1;2;F28;;;
14764;1;2;F28;;;
14764;1;2;S46;;;
14764;1;2;;;63;
14765;1;16;F28;;;
14765;1;16;F28;;;
14765;1;16;S46;;;
14765;1;16;;;63;
14766;1;8;F28;;;
14766;1;8;F28;;;
14766;1;8;S46;;;
14766;1;8;;;63;
14767;1;7;F28;;;
14767;1;7;F28;;;
14767;1;7;S46;;;
14767;1;7;;;92;
14768;1;2;;;162;
14769;1;2;;;162;
14770;1;3;;;162;
14771;1;4;;;162;
14772;1;7;;;162;
14773;1;2;;;162;
14774;1;2;;;162;
14775;1;3;;;162;
14776;1;4;;;162;
14777;1;7;;;162;
14778;1;4;;;162;
14779;1;16;F28;;;
14779;1;16;F28;;;
14779;1;16;S46;;;
14779;1;16;;;63;
14780;1;16;F28;;;
14780;1;16;F28;;;
14780;1;16;S46;;;
14780;1;16;;;63;
14781;1;2;;;162;
14782;1;2;;;162;
14783;1;2;;;162;
14784;1;2;;;162;
14785;1;2;;;162;
14786;1;2;;;162;
14787;1;2;;;162;
14788;1;16;F28;;;
14788;1;16;F28;;;
14788;1;16;S46;;;
14788;1;16;;;63;
14789;1;16;F28;;;
14789;1;16;F28;;;
14789;1;16;S46;;;
14789;1;16;;;63;
14790;1;10;F28;;;
14790;1;10;F28;;;
14790;1;10;S46;;;
14790;1;10;;;63;
14791;1;10;F28;;;
14791;1;10;F28;;;
14791;1;10;S46;;;
14791;1;10;;;63;
14792;1;15;F28;;;
14792;1;15;F28;;;
14792;1;15;S46;;;
14792;1;15;;;63;
14793;1;15;F28;;;
14793;1;15;F28;;;
14793;1;15;S46;;;
14793;1;15;;;63;
14794;1;9;F28;;;
14794;1;9;F28;;;
14794;1;9;S46;;;
14794;1;9;;;63;
14795;1;10;F28;;;
14795;1;10;F28;;;
14795;1;10;S46;;;
14795;1;10;;;63;
14796;1;2;F28;;;
14796;1;2;F28;;;
14796;1;2;S46;;;
14796;1;2;;;63;
14797;1;8;F28;;;
14797;1;8;F28;;;
14797;1;8;S46;;;
14797;1;8;;;63;
14798;1;7;F28;;;
14798;1;7;F28;;;
14798;1;7;S46;;;
14798;1;7;;;63;
14799;1;2;;;162;
14800;1;4;;;162;
14801;1;2;;;162;
14802;1;4;;;162;
14803;1;2;;;162;
14804;1;3;;;162;
14805;1;7;;;162;
14806;1;3;;;162;
14807;1;16;F28;;;
14807;1;16;F28;;;
14807;1;16;S46;;;
14807;1;16;;;63;
14808;1;2;;;162;
14809;1;2;;;162;
14810;1;2;;;162;
14811;1;2;;;162;
14812;1;2;;;162;
14813;1;2;;;162;
14814;1;2;;;162;
14815;1;16;F28;;;
14815;1;16;F28;;;
14815;1;16;S46;;;
14815;1;16;;;63;
14816;1;16;F28;;;
14816;1;16;F28;;;
14816;1;16;S46;;;
14816;1;16;;;63;
14817;1;10;F28;;;
14817;1;10;F28;;;
14817;1;10;S46;;;
14817;1;10;;;92;
14818;1;10;F28;;;
14818;1;10;F28;;;
14818;1;10;S46;;;
14818;1;10;;;92;
14819;1;15;F28;;;
14819;1;15;F28;;;
14819;1;15;S46;;;
14819;1;15;;;63;
14820;1;15;F28;;;
14820;1;15;F28;;;
14820;1;15;S46;;;
14820;1;15;;;63;
14821;1;9;F28;;;
14821;1;9;F28;;;
14821;1;9;S46;;;
14821;1;9;;;63;
14822;1;10;F28;;;
14822;1;10;F28;;;
14822;1;10;S46;;;
14822;1;10;;;63;
14823;1;2;F28;;;
14823;1;2;F28;;;
14823;1;2;S46;;;
14823;1;2;;;63;
14824;1;8;F28;;;
14824;1;8;F28;;;
14824;1;8;S46;;;
14824;1;8;;;63;
14825;1;7;F28;;;
14825;1;7;F28;;;
14825;1;7;S46;;;
14825;1;7;;;92;
14826;1;2;;;162;
14827;1;2;;;162;
14828;1;3;;;162;
14829;1;4;;;162;
14830;1;7;;;162;
14831;1;2;;;162;
14832;1;2;;;162;
14833;1;3;;;162;
14834;1;4;;;162;
14835;1;7;;;162;
14836;1;4;;;162;
14837;1;16;F28;;;
14837;1;16;F28;;;
14837;1;16;S46;;;
14837;1;16;;;63;
14838;1;2;;;162;
14839;1;2;;;162;
14840;1;2;;;162;
14841;1;2;;;162;
14842;1;2;;;162;
14843;1;2;;;162;
14844;1;2;;;162;
14845;1;16;F28;;;
14845;1;16;F28;;;
14845;1;16;S46;;;
14845;1;16;;;63;
14846;1;10;F28;;;
14846;1;10;F28;;;
14846;1;10;S46;;;
14846;1;10;;;63;
14847;1;15;F28;;;
14847;1;15;F28;;;
14847;1;15;S46;;;
14847;1;15;;;63;
14848;1;9;F28;;;
14848;1;9;F28;;;
14848;1;9;S46;;;
14848;1;9;;;63;
14849;1;10;F28;;;
14849;1;10;F28;;;
14849;1;10;S46;;;
14849;1;10;;;63;
14850;1;2;F28;;;
14850;1;2;F28;;;
14850;1;2;S46;;;
14850;1;2;;;63;
14851;1;8;F28;;;
14851;1;8;F28;;;
14851;1;8;S46;;;
14851;1;8;;;63;
14852;1;7;F28;;;
14852;1;7;F28;;;
14852;1;7;S46;;;
14852;1;7;;;63;
14853;1;2;;;162;
14854;1;4;;;162;
14855;1;2;;;162;
14856;1;4;;;162;
14857;1;2;;;162;
14858;1;3;;;162;
14859;1;7;;;162;
14860;1;3;;;162;
14861;1;16;F28;;;
14861;1;16;F28;;;
14861;1;16;S46;;;
14861;1;16;;;63;
14862;1;2;;;162;
14863;1;2;;;162;
14864;1;2;;;162;
14865;1;2;;;162;
14866;1;2;;;162;
14867;1;2;;;162;
14868;1;16;F28;;;
14868;1;16;F28;;;
14868;1;16;S46;;;
14868;1;16;;;63;
14869;1;16;F28;;;
14869;1;16;F28;;;
14869;1;16;S46;;;
14869;1;16;;;63;
14870;1;10;F28;;;
14870;1;10;F28;;;
14870;1;10;S46;;;
14870;1;10;;;92;
14871;1;15;F28;;;
14871;1;15;F28;;;
14871;1;15;S46;;;
14871;1;15;;;63;
14872;1;15;F28;;;
14872;1;15;F28;;;
14872;1;15;S46;;;
14872;1;15;;;63;
14873;1;9;F28;;;
14873;1;9;F28;;;
14873;1;9;S46;;;
14873;1;9;;;63;
14874;1;10;F28;;;
14874;1;10;F28;;;
14874;1;10;S46;;;
14874;1;10;;;63;
14875;1;10;F28;;;
14875;1;10;F28;;;
14875;1;10;S46;;;
14875;1;10;;;63;
14876;1;2;F28;;;
14876;1;2;F28;;;
14876;1;2;S46;;;
14876;1;2;;;63;
14877;1;2;F28;;;
14877;1;2;F28;;;
14877;1;2;S46;;;
14877;1;2;;;63;
14878;1;8;F28;;;
14878;1;8;F28;;;
14878;1;8;S46;;;
14878;1;8;;;63;
14879;1;7;F28;;;
14879;1;7;F28;;;
14879;1;7;S46;;;
14879;1;7;;;63;
14880;1;2;;;162;
14881;1;2;;;162;
14882;1;3;;;162;
14883;1;4;;;162;
14884;1;7;;;162;
14885;1;2;;;162;
14886;1;2;;;162;
14887;1;3;;;162;
14888;1;4;;;162;
14889;1;7;;;162;
14890;1;4;;;162;
14891;1;16;F28;;;
14891;1;16;F28;;;
14891;1;16;S46;;;
14891;1;16;;;63;
14892;1;16;F28;;;
14892;1;16;F28;;;
14892;1;16;S46;;;
14892;1;16;;;63;
14893;1;2;;;162;
14894;1;2;;;162;
14895;1;2;;;162;
14896;1;2;;;162;
14897;1;2;;;162;
14898;1;2;;;162;
14899;1;2;;;162;
14900;1;16;F28;;;
14900;1;16;F28;;;
14900;1;16;S46;;;
14900;1;16;;;63;
14901;1;16;F28;;;
14901;1;16;F28;;;
14901;1;16;S46;;;
14901;1;16;;;63;
14902;1;10;F28;;;
14902;1;10;F28;;;
14902;1;10;S46;;;
14902;1;10;;;63;
14903;1;16;F28;;;
14903;1;16;F28;;;
14903;1;16;S46;;;
14903;1;16;;;63;
14904;1;15;F28;;;
14904;1;15;F28;;;
14904;1;15;S46;;;
14904;1;15;;;63;
14905;1;10;F28;;;
14905;1;10;F28;;;
14905;1;10;S46;;;
14905;1;10;;;63;
14906;1;9;F28;;;
14906;1;9;F28;;;
14906;1;9;S46;;;
14906;1;9;;;63;
14907;1;10;F28;;;
14907;1;10;F28;;;
14907;1;10;S46;;;
14907;1;10;;;63;
14908;1;2;F28;;;
14908;1;2;F28;;;
14908;1;2;S46;;;
14908;1;2;;;63;
14909;1;7;F28;;;
14909;1;7;F28;;;
14909;1;7;S46;;;
14909;1;7;;;63;
14910;1;8;F28;;;
14910;1;8;F28;;;
14910;1;8;S46;;;
14910;1;8;;;63;
14911;1;7;F28;;;
14911;1;7;F28;;;
14911;1;7;S46;;;
14911;1;7;;;63;
14912;1;2;;;162;
14913;1;4;;;162;
14914;1;2;;;162;
14915;1;4;;;162;
14916;1;2;;;162;
14917;1;3;;;162;
14918;1;7;;;162;
14919;1;3;;;162;
14920;1;16;F28;;;
14920;1;16;F28;;;
14920;1;16;S46;;;
14920;1;16;;;63;
14921;1;2;;;162;
14922;1;2;;;162;
14923;1;2;;;162;
14924;1;2;;;162;
14925;1;2;;;162;
14926;1;2;;;162;
14927;1;2;;;162;
14928;1;16;F28;;;
14928;1;16;F28;;;
14928;1;16;S46;;;
14928;16;23;F28;;;
14928;16;23;F28;;;
14928;16;23;S46;;;
14928;1;23;;;63;
14929;1;16;F28;;;
14929;1;16;F28;;;
14929;1;16;S46;;;
14929;1;16;;;63;
14930;1;16;F28;;;
14930;1;16;F28;;;
14930;1;16;S46;;;
14930;16;23;F28;;;
14930;16;23;F28;;;
14930;16;23;S46;;;
14930;1;23;;;63;
14931;1;10;F28;;;
14931;1;10;F28;;;
14931;1;10;S46;;;
14931;1;10;;;92;
14932;1;15;F28;;;
14932;1;15;F28;;;
14932;1;15;S46;;;
14932;15;22;F28;;;
14932;15;22;F28;;;
14932;15;22;S46;;;
14932;1;22;;;63;
14933;1;15;F28;;;
14933;1;15;F28;;;
14933;1;15;S46;;;
14933;1;15;;;63;
14934;1;9;F28;;;
14934;1;9;F28;;;
14934;1;9;S46;;;
14934;1;9;;;63;
14935;1;10;F28;;;
14935;1;10;F28;;;
14935;1;10;S46;;;
14935;1;10;;;63;
14936;1;10;F28;;;
14936;1;10;F28;;;
14936;1;10;S46;;;
14936;1;10;;;63;
14937;1;10;F28;;;
14937;1;10;F28;;;
14937;1;10;S46;;;
14937;1;10;;;63;
14938;1;2;F28;;;
14938;1;2;F28;;;
14938;1;2;S46;;;
14938;1;2;;;63;
14939;1;8;F28;;;
14939;1;8;F28;;;
14939;1;8;S46;;;
14939;1;8;;;63;
14940;1;7;F28;;;
14940;1;7;F28;;;
14940;1;7;S46;;;
14940;1;7;;;63;
14941;1;2;;;162;
14942;1;2;;;162;
14943;1;3;;;162;
14944;1;4;;;162;
14945;1;7;;;162;
14946;1;2;;;162;
14947;1;2;;;162;
14948;1;3;;;162;
14949;1;4;;;162;
14950;1;7;;;162;
14951;1;4;;;162;
14952;1;23;F28;;;
14952;1;23;F28;;;
14952;1;23;S46;;;
14952;1;23;;;63;
14953;1;16;F28;;;
14953;1;16;F28;;;
14953;1;16;S46;;;
14953;1;16;;;63;
14954;1;8;;;162;
14955;1;2;;;162;
14956;1;2;;;162;
14957;1;2;;;162;
14958;1;2;;;162;
14959;1;2;;;162;
14960;1;2;;;162;
14961;1;2;;;162;
14962;1;8;;;162;
14963;1;16;F28;;;
14963;1;16;F28;;;
14963;1;16;S46;;;
14963;1;16;;;63;
14964;1;10;F28;;;
14964;1;10;F28;;;
14964;1;10;S46;;;
14964;1;10;;;63;
14965;1;15;F28;;;
14965;1;15;F28;;;
14965;1;15;S46;;;
14965;1;15;;;63;
14966;1;10;F28;;;
14966;1;10;F28;;;
14966;1;10;S46;;;
14966;1;10;;;63;
14967;1;9;F28;;;
14967;1;9;F28;;;
14967;1;9;S46;;;
14967;1;9;;;63;
14968;1;10;F28;;;
14968;1;10;F28;;;
14968;1;10;S46;;;
14968;1;10;;;63;
14969;1;2;F28;;;
14969;1;2;F28;;;
14969;1;2;S46;;;
14969;1;2;;;63;
14970;1;7;F28;;;
14970;1;7;F28;;;
14970;1;7;S46;;;
14970;1;7;;;63;
14971;1;8;F28;;;
14971;1;8;F28;;;
14971;1;8;S46;;;
14971;1;8;;;63;
14972;1;7;F28;;;
14972;1;7;F28;;;
14972;1;7;S46;;;
14972;1;7;;;63;
14973;1;2;;;162;
14974;1;4;;;162;
14975;1;2;;;162;
14976;1;4;;;162;
14977;1;2;;;162;
14978;1;3;;;162;
14979;1;7;;;162;
14980;1;3;;;162;
14981;1;16;F28;;;
14981;1;16;F28;;;
14981;1;16;S46;;;
14981;1;16;;;63;
14982;1;2;;;162;
14983;1;2;;;162;
14984;1;2;;;162;
14985;1;2;;;162;
14986;1;2;;;162;
14987;1;2;;;162;
14988;1;2;;;162;
14989;1;2;;;162;
14990;1;2;;;162;
14991;1;16;F28;;;
14991;1;16;F28;;;
14991;1;16;S46;;;
14991;1;16;;;63;
14992;1;16;F28;;;
14992;1;16;F28;;;
14992;1;16;S46;;;
14992;1;16;;;63;
14993;1;10;F28;;;
14993;1;10;F28;;;
14993;1;10;S46;;;
14993;1;10;;;92;
14994;1;15;F28;;;
14994;1;15;F28;;;
14994;1;15;S46;;;
14994;1;15;;;63;
14995;1;9;F28;;;
14995;1;9;F28;;;
14995;1;9;S46;;;
14995;1;9;;;63;
14996;1;10;F28;;;
14996;1;10;F28;;;
14996;1;10;S46;;;
14996;1;10;;;63;
14997;1;10;F28;;;
14997;1;10;F28;;;
14997;1;10;S46;;;
14997;1;10;;;63;
14998;1;2;F28;;;
14998;1;2;F28;;;
14998;1;2;S46;;;
14998;1;2;;;63;
14999;1;8;F28;;;
14999;1;8;F28;;;
14999;1;8;S46;;;
14999;1;8;;;63;
15000;1;7;F28;;;
15000;1;7;F28;;;
15000;1;7;S46;;;
15000;1;7;;;92;
15001;1;2;;;162;
15002;1;2;;;162;
15003;1;3;;;162;
15004;1;4;;;162;
15005;1;7;;;162;
15006;1;2;;;162;
15007;1;2;;;162;
15008;1;3;;;162;
15009;1;4;;;162;
15010;1;7;;;162;
15011;1;4;;;162;
15012;1;16;F28;;;
15012;1;16;F28;;;
15012;1;16;S46;;;
15012;1;16;;;63;
15013;1;2;;;162;
15014;1;2;;;162;
15015;1;2;;;162;
15016;1;2;;;162;
15017;1;2;;;162;
15018;1;2;;;162;
15019;1;2;;;162;
15020;1;16;F28;;;
15020;1;16;F28;;;
15020;1;16;S46;;;
15020;1;16;;;63;
15021;1;16;F28;;;
15021;1;16;F28;;;
15021;1;16;S46;;;
15021;1;16;;;63;
15022;1;10;F28;;;
15022;1;10;F28;;;
15022;1;10;S46;;;
15022;1;10;;;63;
15023;1;15;F28;;;
15023;1;15;F28;;;
15023;1;15;S46;;;
15023;1;15;;;63;
15024;1;10;F28;;;
15024;1;10;F28;;;
15024;1;10;S46;;;
15024;1;10;;;63;
15025;1;9;F28;;;
15025;1;9;F28;;;
15025;1;9;S46;;;
15025;1;9;;;63;
15026;1;10;F28;;;
15026;1;10;F28;;;
15026;1;10;S46;;;
15026;1;10;;;63;
15027;1;2;F28;;;
15027;1;2;F28;;;
15027;1;2;S46;;;
15027;1;2;;;63;
15028;1;7;F28;;;
15028;1;7;F28;;;
15028;1;7;S46;;;
15028;1;7;;;63;
15029;1;8;F28;;;
15029;1;8;F28;;;
15029;1;8;S46;;;
15029;1;8;;;63;
15030;1;7;F28;;;
15030;1;7;F28;;;
15030;1;7;S46;;;
15030;1;7;;;63;
15031;1;4;;;162;
15032;1;2;;;162;
15033;1;2;;;162;
15034;1;4;;;162;
15035;1;2;;;162;
15036;1;3;;;162;
15037;1;7;;;162;
15038;1;3;;;162;
15039;1;16;F28;;;
15039;1;16;F28;;;
15039;1;16;S46;;;
15039;1;16;;;63;
15040;1;2;;;162;
15041;1;2;;;162;
15042;1;2;;;162;
15043;1;2;;;162;
15044;1;2;;;162;
15045;1;2;;;162;
15046;1;2;;;162;
15047;1;2;;;162;
15048;1;2;;;162;
15049;1;16;F28;;;
15049;1;16;F28;;;
15049;1;16;S46;;;
15049;1;16;;;63;
15050;1;16;F28;;;
15050;1;16;F28;;;
15050;1;16;S46;;;
15050;1;16;;;63;
15051;1;10;F28;;;
15051;1;10;F28;;;
15051;1;10;S46;;;
15051;1;10;;;92;
15052;1;15;F28;;;
15052;1;15;F28;;;
15052;1;15;S46;;;
15052;1;15;;;63;
15053;1;10;F28;;;
15053;1;10;F28;;;
15053;1;10;S46;;;
15053;1;10;;;63;
15054;1;9;F28;;;
15054;1;9;F28;;;
15054;1;9;S46;;;
15054;1;9;;;63;
15055;1;10;F28;;;
15055;1;10;F28;;;
15055;1;10;S46;;;
15055;1;10;;;63;
15056;1;10;F28;;;
15056;1;10;F28;;;
15056;1;10;S46;;;
15056;1;10;;;63;
15057;1;2;F28;;;
15057;1;2;F28;;;
15057;1;2;S46;;;
15057;1;2;;;63;
15058;1;7;F28;;;
15058;1;7;F28;;;
15058;1;7;S46;;;
15058;1;7;;;63;
15059;1;8;F28;;;
15059;1;8;F28;;;
15059;1;8;S46;;;
15059;1;8;;;63;
15060;1;7;F28;;;
15060;1;7;F28;;;
15060;1;7;S46;;;
15060;1;7;;;92;
15061;1;2;;;162;
15062;1;2;;;162;
15063;1;3;;;162;
15064;1;4;;;162;
15065;1;7;;;162;
15066;1;2;;;162;
15067;1;2;;;162;
15068;1;3;;;162;
15069;1;4;;;162;
15070;1;7;;;162;
15071;1;4;;;162;
15072;1;16;F28;;;
15072;1;16;F28;;;
15072;1;16;S46;;;
15072;1;16;;;63;
15073;1;16;F28;;;
15073;1;16;F28;;;
15073;1;16;S46;;;
15073;1;16;;;63;
15074;1;2;;;162;
15075;1;2;;;162;
15076;1;2;;;162;
15077;1;2;;;162;
15078;1;2;;;162;
15079;1;2;;;162;
15080;1;2;;;162;
15081;1;16;F28;;;
15081;1;16;F28;;;
15081;1;16;S46;;;
15081;1;16;;;63;
15082;1;10;F28;;;
15082;1;10;F28;;;
15082;1;10;S46;;;
15082;1;10;;;63;
15083;1;15;F28;;;
15083;1;15;F28;;;
15083;1;15;S46;;;
15083;1;15;;;63;
15084;1;10;F28;;;
15084;1;10;F28;;;
15084;1;10;S46;;;
15084;1;10;;;63;
15085;1;9;F28;;;
15085;1;9;F28;;;
15085;1;9;S46;;;
15085;1;9;;;63;
15086;1;12;F28;;;
15086;1;12;F28;;;
15086;1;12;S46;;;
15086;1;12;;;63;
15087;1;10;F28;;;
15087;1;10;F28;;;
15087;1;10;S46;;;
15087;1;10;;;63;
15088;1;2;F28;;;
15088;1;2;F28;;;
15088;1;2;S46;;;
15088;1;2;;;63;
15089;1;7;F28;;;
15089;1;7;F28;;;
15089;1;7;S46;;;
15089;1;7;;;63;
15090;1;8;F28;;;
15090;1;8;F28;;;
15090;1;8;S46;;;
15090;1;8;;;63;
15091;1;5;F28;;;
15091;1;5;F28;;;
15091;1;5;S46;;;
15091;1;5;;;63;
15092;1;7;F28;;;
15092;1;7;F28;;;
15092;1;7;S46;;;
15092;1;7;;;63;
15093;1;2;;;162;
15094;1;4;;;162;
15095;1;2;;;162;
15096;1;4;;;162;
15097;1;2;;;162;
15098;1;3;;;162;
15099;1;7;;;162;
15100;1;3;;;162;
15101;1;16;F28;;;
15101;1;16;F28;;;
15101;1;16;S46;;;
15101;1;16;;;63;
15102;1;2;;;162;
15103;1;2;;;162;
15104;1;2;;;162;
15105;1;2;;;162;
15106;1;2;;;162;
15107;1;2;;;162;
15108;1;2;;;162;
15109;1;16;F28;;;
15109;1;16;F28;;;
15109;1;16;S46;;;
15109;1;16;;;63;
15110;1;16;F28;;;
15110;1;16;F28;;;
15110;1;16;S46;;;
15110;1;16;;;63;
15111;1;10;F28;;;
15111;1;10;F28;;;
15111;1;10;S46;;;
15111;1;10;;;92;
15112;1;15;F28;;;
15112;1;15;F28;;;
15112;1;15;S46;;;
15112;1;15;;;63;
15113;1;10;F28;;;
15113;1;10;F28;;;
15113;1;10;S46;;;
15113;1;10;;;63;
15114;1;15;F28;;;
15114;1;15;F28;;;
15114;1;15;S46;;;
15114;1;15;;;63;
15115;1;9;F28;;;
15115;1;9;F28;;;
15115;1;9;S46;;;
15115;1;9;;;63;
15116;1;10;F28;;;
15116;1;10;F28;;;
15116;1;10;S46;;;
15116;1;10;;;63;
15117;1;10;F28;;;
15117;1;10;F28;;;
15117;1;10;S46;;;
15117;1;10;;;63;
15118;1;2;F28;;;
15118;1;2;F28;;;
15118;1;2;S46;;;
15118;1;2;;;63;
15119;1;7;F28;;;
15119;1;7;F28;;;
15119;1;7;S46;;;
15119;1;7;;;63;
15120;1;8;F28;;;
15120;1;8;F28;;;
15120;1;8;S46;;;
15120;1;8;;;63;
15121;1;7;F28;;;
15121;1;7;F28;;;
15121;1;7;S46;;;
15121;1;7;;;92;
15122;1;2;;;162;
15123;1;2;;;162;
15124;1;3;;;162;
15125;1;4;;;162;
15126;1;7;;;162;
15127;1;2;;;162;
15128;1;2;;;162;
15129;1;3;;;162;
15130;1;4;;;162;
15131;1;7;;;162;
15132;1;4;;;162;
15133;1;4;;;162;
15134;1;16;F28;;;
15134;1;16;F28;;;
15134;1;16;S46;;;
15134;1;16;;;63;
15135;1;2;;;162;
15136;1;2;;;162;
15137;1;2;;;162;
15138;1;2;;;162;
15139;1;2;;;162;
15140;1;2;;;162;
15141;1;2;;;162;
15142;1;16;F28;;;
15142;1;16;F28;;;
15142;1;16;S46;;;
15142;1;16;;;63;
15143;1;16;F28;;;
15143;1;16;F28;;;
15143;1;16;S46;;;
15143;1;16;;;63;
15144;1;10;F28;;;
15144;1;10;F28;;;
15144;1;10;S46;;;
15144;1;10;;;63;
15145;1;15;F28;;;
15145;1;15;F28;;;
15145;1;15;S46;;;
15145;1;15;;;63;
15146;1;10;F28;;;
15146;1;10;F28;;;
15146;1;10;S46;;;
15146;1;10;;;63;
15147;1;15;F28;;;
15147;1;15;F28;;;
15147;1;15;S46;;;
15147;1;15;;;63;
15148;1;9;F28;;;
15148;1;9;F28;;;
15148;1;9;S46;;;
15148;1;9;;;63;
15149;1;12;F28;;;
15149;1;12;F28;;;
15149;1;12;S46;;;
15149;1;12;;;63;
15150;1;10;F28;;;
15150;1;10;F28;;;
15150;1;10;S46;;;
15150;1;10;;;63;
15151;1;2;F28;;;
15151;1;2;F28;;;
15151;1;2;S46;;;
15151;1;2;;;63;
15152;1;7;F28;;;
15152;1;7;F28;;;
15152;1;7;S46;;;
15152;1;7;;;63;
15153;1;8;F28;;;
15153;1;8;F28;;;
15153;1;8;S46;;;
15153;1;8;;;63;
15154;1;5;F28;;;
15154;1;5;F28;;;
15154;1;5;S46;;;
15154;1;5;;;63;
15155;1;7;F28;;;
15155;1;7;F28;;;
15155;1;7;S46;;;
15155;1;7;;;63;
15156;1;4;;;162;
15157;1;2;;;162;
15158;1;2;;;162;
15159;1;4;;;162;
15160;1;2;;;162;
15161;1;3;;;162;
15162;1;7;;;162;
15163;1;3;;;162;
15164;1;16;F28;;;
15164;1;16;F28;;;
15164;1;16;S46;;;
15164;1;16;;;63;
15165;1;2;;;162;
15166;1;2;;;162;
15167;1;2;;;162;
15168;1;2;;;162;
15169;1;2;;;162;
15170;1;2;;;162;
15171;1;2;;;162;
15172;1;16;F28;;;
15172;1;16;F28;;;
15172;1;16;S46;;;
15172;1;16;;;63;
15173;1;10;F28;;;
15173;1;10;F28;;;
15173;1;10;S46;;;
15173;1;10;;;92;
15174;1;15;F28;;;
15174;1;15;F28;;;
15174;1;15;S46;;;
15174;1;15;;;63;
15175;1;10;F28;;;
15175;1;10;F28;;;
15175;1;10;S46;;;
15175;1;10;;;63;
15176;1;9;F28;;;
15176;1;9;F28;;;
15176;1;9;S46;;;
15176;1;9;;;63;
15177;1;10;F28;;;
15177;1;10;F28;;;
15177;1;10;S46;;;
15177;1;10;;;63;
15178;1;2;F28;;;
15178;1;2;F28;;;
15178;1;2;S46;;;
15178;1;2;;;63;
15179;1;7;F28;;;
15179;1;7;F28;;;
15179;1;7;S46;;;
15179;1;7;;;63;
15180;1;8;F28;;;
15180;1;8;F28;;;
15180;1;8;S46;;;
15180;1;8;;;63;
15181;1;7;F28;;;
15181;1;7;F28;;;
15181;1;7;S46;;;
15181;1;7;;;92;
15182;1;2;;;162;
15183;1;2;;;162;
15184;1;3;;;162;
15185;1;4;;;162;
15186;1;7;;;162;
15187;1;2;;;162;
15188;1;2;;;162;
15189;1;3;;;162;
15190;1;4;;;162;
15191;1;7;;;162;
15192;1;4;;;162;
15193;1;4;;;162;
15194;1;16;F28;;;
15194;1;16;F28;;;
15194;1;16;S46;;;
15194;1;16;;;63;
15195;1;2;;;162;
15196;1;2;;;162;
15197;1;2;;;162;
15198;1;2;;;162;
15199;1;2;;;162;
15200;1;2;;;162;
15201;1;2;;;162;
15202;1;2;;;162;
15203;1;2;;;162;
15204;1;2;;;162;
15205;1;2;;;162;
15206;1;2;;;162;
15207;1;2;;;162;
15208;1;2;;;162;
15209;1;16;F28;;;
15209;1;16;F28;;;
15209;1;16;S46;;;
15209;1;16;;;63;
15210;1;10;F28;;;
15210;1;10;F28;;;
15210;1;10;S46;;;
15210;1;10;;;92;
15211;1;15;F28;;;
15211;1;15;F28;;;
15211;1;15;S46;;;
15211;1;15;;;63;
15212;1;10;F28;;;
15212;1;10;F28;;;
15212;1;10;S46;;;
15212;1;10;;;63;
15213;1;12;F28;;;
15213;1;12;F28;;;
15213;1;12;S46;;;
15213;1;12;;;63;
15214;1;10;F28;;;
15214;1;10;F28;;;
15214;1;10;S46;;;
15214;1;10;;;63;
15215;1;2;F28;;;
15215;1;2;F28;;;
15215;1;2;S46;;;
15215;1;2;;;63;
15216;1;7;F28;;;
15216;1;7;F28;;;
15216;1;7;S46;;;
15216;1;7;;;63;
15217;1;16;F28;;;
15217;1;16;F28;;;
15217;1;16;S46;;;
15217;1;16;;;63;
15218;1;5;F28;;;
15218;1;5;F28;;;
15218;1;5;S46;;;
15218;1;5;;;63;
15219;1;7;F28;;;
15219;1;7;F28;;;
15219;1;7;S46;;;
15219;1;7;;;92;
15220;1;2;;;162;
15221;1;2;;;162;
15222;1;3;;;162;
15223;1;4;;;162;
15224;1;7;;;162;
15225;1;2;;;162;
15226;1;2;;;162;
15227;1;3;;;162;
15228;1;4;;;162;
15229;1;7;;;162;
15230;1;4;;;162;
15231;1;4;;;162;
15232;1;4;;;162;
15233;1;16;F28;;;
15233;1;16;F28;;;
15233;1;16;S46;;;
15233;1;16;;;63;
15234;1;2;;;162;
15235;1;2;;;162;
15236;1;2;;;162;
15237;1;2;;;162;
15238;1;2;;;162;
15239;1;2;;;162;
15240;1;2;;;162;
15241;1;2;;;162;
15242;1;2;;;162;
15243;1;2;;;162;
15244;1;7;F28;;;
15244;1;7;F28;;;
15244;1;7;S46;;;
15244;1;7;;;63;
15245;1;7;F28;;;
15245;1;7;F28;;;
15245;1;7;S46;;;
15245;1;7;;;63;
15246;1;7;F28;;;
15246;1;7;F28;;;
15246;1;7;S46;;;
15246;1;7;;;63;
15247;1;7;F28;;;
15247;1;7;F28;;;
15247;1;7;S46;;;
15247;1;7;;;63;
15248;1;7;;;63;
15249;1;7;F28;;;
15249;1;7;F28;;;
15249;1;7;S46;;;
15249;1;7;;;63;
15250;1;7;F28;;;
15250;1;7;F28;;;
15250;1;7;S46;;;
15250;1;7;;;63;
15251;1;7;F28;;;
15251;1;7;F28;;;
15251;1;7;S46;;;
15251;1;7;;;63;
15252;1;8;F28;;;
15252;1;8;F28;;;
15252;1;8;S46;;;
15252;8;23;F28;;;
15252;8;23;F28;;;
15252;8;23;S46;;;
15252;1;23;;;63;
15253;1;10;F28;;;
15253;1;10;F28;;;
15253;1;10;S46;;;
15253;1;10;;;63;
15254;1;8;F28;;;
15254;1;8;F28;;;
15254;1;8;S46;;;
15254;8;17;F28;;;
15254;8;17;F28;;;
15254;8;17;S46;;;
15254;1;17;;;63;
15255;1;8;F28;;;
15255;1;8;F28;;;
15255;1;8;S46;;;
15255;8;16;F28;;;
15255;8;16;F28;;;
15255;8;16;S46;;;
15255;1;16;;;63;
15256;1;10;F28;;;
15256;1;10;F28;;;
15256;1;10;S46;;;
15256;1;10;;;63;
15257;1;10;F28;;;
15257;1;10;F28;;;
15257;1;10;S46;;;
15257;1;10;;;63;
15258;1;23;F28;;;
15258;1;23;F28;;;
15258;1;23;S46;;;
15258;1;23;;;63;
15259;1;7;F28;;;
15259;1;7;F28;;;
15259;1;7;S46;;;
15259;1;7;;;63;
15260;1;8;F28;;;
15260;1;8;F28;;;
15260;1;8;S46;;;
15260;1;8;;;63;
15261;1;14;F28;;;
15261;1;14;F28;;;
15261;1;14;S46;;;
15261;1;14;;;63;
15262;1;2;;;162;
15263;1;4;;;162;
15264;1;8;;;162;
15265;1;2;;;162;
15266;1;4;;;162;
15267;1;2;;;162;
15268;1;3;;;162;
15269;1;7;;;162;
15270;1;3;;;162;
15271;1;23;F28;;;
15271;1;23;F28;;;
15271;1;23;S46;;;
15271;1;23;;;63;
15272;1;2;;;162;
15273;1;2;;;162;
15274;1;2;;;162;
15275;1;2;;;162;
15276;1;2;;;162;
15277;1;2;;;162;
15278;1;2;;;162;
15279;1;16;F28;;;
15279;1;16;F28;;;
15279;1;16;S46;;;
15279;1;16;;;63;
15280;1;16;F28;;;
15280;1;16;F28;;;
15280;1;16;S46;;;
15280;1;16;;;63;
15281;1;16;F28;;;
15281;1;16;F28;;;
15281;1;16;S46;;;
15281;1;16;;;63;
15282;1;16;F28;;;
15282;1;16;F28;;;
15282;1;16;S46;;;
15282;1;16;;;63;
15283;1;16;F28;;;
15283;1;16;F28;;;
15283;1;16;S46;;;
15283;1;16;;;63;
15284;1;16;F28;;;
15284;1;16;F28;;;
15284;1;16;S46;;;
15284;1;16;;;63;
15285;1;8;F28;;;
15285;1;8;F28;;;
15285;1;8;S46;;;
15285;8;23;F28;;;
15285;8;23;F28;;;
15285;8;23;S46;;;
15285;1;23;;;63;
15286;1;16;;;63;
15287;1;16;;;63;
15288;1;16;;;63;
15289;1;16;;;63;
15290;1;16;;;63;
15291;1;16;;;63;
15292;1;16;;;63;
15293;1;16;;;63;
15294;1;16;;;63;
15295;1;16;;;63;
15296;1;16;;;63;
15297;1;16;;;63;
15298;1;16;;;63;
15299;1;16;;;63;
15300;1;16;;;63;
15301;1;16;;;63;
15302;1;16;;;63;
15303;1;16;;;63;
15304;1;16;;;63;
15305;1;16;;;63;
15306;1;16;;;63;
15307;1;16;;;63;
15308;1;16;;;63;
15309;1;16;;;63;
15310;1;16;;;63;
15311;1;16;;;63;
15312;1;16;;;63;
15313;1;16;;;63;
15314;1;16;;;63;
15315;1;16;;;63;
15316;1;16;;;63;
15317;1;16;;;63;
15318;1;16;;;63;
15319;1;15;;;63;
15320;1;16;;;63;
15321;1;23;;;63;
15322;1;23;;;63;
15323;1;16;;;63;
15324;1;16;;;63;
15325;1;16;;;63;
15326;1;16;;;63;
15327;1;16;;;63;
15328;1;16;;;63;
15329;1;16;;;63;
15330;1;16;;;63;
15331;1;16;;;63;
15332;1;16;;;63;
15333;1;16;;;63;
15334;1;23;;;63;
15335;1;4;F28;;;
15335;1;4;F28;;;
15335;1;4;S46;;;
15335;1;4;;;63;
15336;1;4;F28;;;
15336;1;4;F28;;;
15336;1;4;S46;;;
15336;1;4;;;63;
15337;1;4;F28;;;
15337;1;4;F28;;;
15337;1;4;S46;;;
15337;1;4;;;92;
15338;1;4;F28;;;
15338;1;4;F28;;;
15338;1;4;S46;;;
15338;1;4;;;63;
15339;1;4;F28;;;
15339;1;4;F28;;;
15339;1;4;S46;;;
15339;1;4;;;92;
15340;1;4;F28;;;
15340;1;4;F28;;;
15340;1;4;S46;;;
15340;1;4;;;63;
15341;1;4;F28;;;
15341;1;4;F28;;;
15341;1;4;S46;;;
15341;1;4;;;63;
15342;1;4;F28;;;
15342;1;4;F28;;;
15342;1;4;S46;;;
15342;1;4;;;92;
15343;1;4;F28;;;
15343;1;4;F28;;;
15343;1;4;S46;;;
15343;1;4;;;63;
15344;1;4;F28;;;
15344;1;4;F28;;;
15344;1;4;S46;;;
15344;1;4;;;92;
15345;1;4;F28;;;
15345;1;4;F28;;;
15345;1;4;S46;;;
15345;1;4;;;63;
15346;1;4;F28;;;
15346;1;4;F28;;;
15346;1;4;S46;;;
15346;1;4;;;63;
15347;1;4;F28;;;
15347;1;4;F28;;;
15347;1;4;S46;;;
15347;1;4;;;92;
15348;1;4;F28;;;
15348;1;4;F28;;;
15348;1;4;S46;;;
15348;1;4;;;63;
15349;1;4;F28;;;
15349;1;4;F28;;;
15349;1;4;S46;;;
15349;1;4;;;63;
15350;1;4;F28;;;
15350;1;4;F28;;;
15350;1;4;S46;;;
15350;1;4;;;92;
15351;1;4;F28;;;
15351;1;4;F28;;;
15351;1;4;S46;;;
15351;1;4;;;92;
15352;1;4;F28;;;
15352;1;4;F28;;;
15352;1;4;S46;;;
15352;1;4;;;63;
15353;1;4;F28;;;
15353;1;4;F28;;;
15353;1;4;S46;;;
15353;1;4;;;63;
15354;1;4;F28;;;
15354;1;4;F28;;;
15354;1;4;S46;;;
15354;1;4;;;92;
15355;1;4;F28;;;
15355;1;4;F28;;;
15355;1;4;S46;;;
15355;1;4;;;63;
15356;1;4;F28;;;
15356;1;4;F28;;;
15356;1;4;S46;;;
15356;1;4;;;92;
15357;1;4;F28;;;
15357;1;4;F28;;;
15357;1;4;S46;;;
15357;1;4;;;92;
15358;1;4;F28;;;
15358;1;4;F28;;;
15358;1;4;S46;;;
15358;1;4;;;63;
15359;1;4;F28;;;
15359;1;4;F28;;;
15359;1;4;S46;;;
15359;1;4;;;92;
15360;1;4;F28;;;
15360;1;4;F28;;;
15360;1;4;S46;;;
15360;1;4;;;63;
15361;1;4;F28;;;
15361;1;4;F28;;;
15361;1;4;S46;;;
15361;1;4;;;63;
15362;1;4;F28;;;
15362;1;4;F28;;;
15362;1;4;S46;;;
15362;1;4;;;92;
15363;1;4;F28;;;
15363;1;4;F28;;;
15363;1;4;S46;;;
15363;1;4;;;92;
15364;1;4;F28;;;
15364;1;4;F28;;;
15364;1;4;S46;;;
15364;1;4;;;63;
15365;1;4;F28;;;
15365;1;4;F28;;;
15365;1;4;S46;;;
15365;1;4;;;92;
15366;1;4;F28;;;
15366;1;4;F28;;;
15366;1;4;S46;;;
15366;1;4;;;63;
15367;1;4;F28;;;
15367;1;4;F28;;;
15367;1;4;S46;;;
15367;1;4;;;63;
15368;1;4;F28;;;
15368;1;4;F28;;;
15368;1;4;S46;;;
15368;4;11;F28;;;
15368;4;11;F28;;;
15368;4;11;S46;;;
15368;1;11;;;92;
15369;1;4;F28;;;
15369;1;4;F28;;;
15369;1;4;S46;;;
15369;1;4;;;63;
15370;1;4;F28;;;
15370;1;4;F28;;;
15370;1;4;S46;;;
15370;1;4;;;92;
15371;1;4;F28;;;
15371;1;4;F28;;;
15371;1;4;S46;;;
15371;1;4;;;63;
15372;1;4;F28;;;
15372;1;4;F28;;;
15372;1;4;S46;;;
15372;1;4;;;92;
15373;1;4;F28;;;
15373;1;4;F28;;;
15373;1;4;S46;;;
15373;1;4;;;63;
15374;1;4;F28;;;
15374;1;4;F28;;;
15374;1;4;S46;;;
15374;1;4;;;92;
15375;1;4;F28;;;
15375;1;4;F28;;;
15375;1;4;S46;;;
15375;1;4;;;63;
15376;1;4;F28;;;
15376;1;4;F28;;;
15376;1;4;S46;;;
15376;1;4;;;92;
15377;1;4;F28;;;
15377;1;4;F28;;;
15377;1;4;S46;;;
15377;1;4;;;92;
15378;1;9;;;92;
15379;1;8;F28;;;
15379;1;8;F28;;;
15379;1;8;S46;;;
15379;8;11;F28;;;
15379;8;11;F28;;;
15379;8;11;S46;;;
15379;1;11;;;63;
15380;1;8;F28;;;
15380;1;8;F28;;;
15380;1;8;S46;;;
15380;1;8;;;63;
15381;1;7;F28;;;
15381;1;7;F28;;;
15381;1;7;S46;;;
15381;1;7;;;63;
15382;1;7;F28;;;
15382;1;7;F28;;;
15382;1;7;S46;;;
15382;7;27;F28;;;
15382;7;27;F28;;;
15382;7;27;S46;;;
15382;1;27;;;63;
15383;1;7;F28;;;
15383;1;7;F28;;;
15383;1;7;S46;;;
15383;7;17;F28;;;
15383;7;17;F28;;;
15383;7;17;S46;;;
15383;1;17;;;63;
15384;1;7;F28;;;
15384;1;7;F28;;;
15384;1;7;S46;;;
15384;7;27;F28;;;
15384;7;27;F28;;;
15384;7;27;S46;;;
15384;1;27;;;63;
15385;1;7;F28;;;
15385;1;7;F28;;;
15385;1;7;S46;;;
15385;1;7;;;63;
15386;1;2;;;162;
15387;1;4;;;162;
15388;1;2;;;162;
15389;1;3;;;162;
15390;1;7;;;162;
15391;1;3;;;162;
15392;1;7;F28;;;
15392;1;7;F28;;;
15392;1;7;S46;;;
15392;7;27;F28;;;
15392;7;27;F28;;;
15392;7;27;S46;;;
15392;1;27;;;63;
15393;1;4;F28;;;
15393;1;4;F28;;;
15393;1;4;S46;;;
15393;1;4;;;63;
15394;1;4;F28;;;
15394;1;4;F28;;;
15394;1;4;S46;;;
15394;1;4;;;63;
15395;1;7;F28;;;
15395;1;7;F28;;;
15395;1;7;S46;;;
15395;1;7;;;63;
15396;1;7;F28;;;
15396;1;7;F28;;;
15396;1;7;S46;;;
15396;1;7;;;63;
15397;1;7;F28;;;
15397;1;7;F28;;;
15397;1;7;S46;;;
15397;1;7;;;63;
15398;1;7;F28;;;
15398;1;7;F28;;;
15398;1;7;S46;;;
15398;1;7;;;63;
15399;1;4;F28;;;
15399;1;4;F28;;;
15399;1;4;S46;;;
15399;1;4;;;63;
15400;1;7;F28;;;
15400;1;7;F28;;;
15400;1;7;S46;;;
15400;1;7;;;63;
15401;1;2;;;162;
15402;1;2;;;162;
15403;1;3;;;162;
15404;1;4;;;162;
15405;1;7;;;162;
15406;1;4;;;162;
15407;1;4;;;162;
15408;1;11;F28;;;
15408;1;11;F28;;;
15408;1;11;S46;;;
15408;11;21;F28;;;
15408;11;21;F28;;;
15408;11;21;S46;;;
15408;1;21;;;63;
15409;1;11;F28;;;
15409;1;11;F28;;;
15409;1;11;S46;;;
15409;1;11;;;63;
15410;1;6;F28;;;
15410;1;6;F28;;;
15410;1;6;S46;;;
15410;1;6;;;63;
15411;1;2;;;162;
15412;1;2;;;162;
15413;1;21;F28;;;
15413;1;21;F28;;;
15413;1;21;S46;;;
15413;1;21;;;63;
15414;1;21;F28;;;
15414;1;21;F28;;;
15414;1;21;S46;;;
15414;1;21;;;63;
15415;1;6;F28;;;
15415;1;6;F28;;;
15415;1;6;S46;;;
15415;1;6;;;63;
15416;1;2;;;162;
15417;1;2;;;162;
15418;1;21;F28;;;
15418;1;21;F28;;;
15418;1;21;S46;;;
15418;1;21;;;63;
15419;1;11;F28;;;
15419;1;11;F28;;;
15419;1;11;S46;;;
15419;1;11;;;63;
15420;1;15;F28;;;
15420;1;15;F28;;;
15420;1;15;S46;;;
15420;1;15;;;63;
15421;1;7;F28;;;
15421;1;7;F28;;;
15421;1;7;S46;;;
15421;1;7;;;63;
15422;1;6;F28;;;
15422;1;6;F28;;;
15422;1;6;S46;;;
15422;1;6;;;63;
15423;1;22;F28;;;
15423;1;22;F28;;;
15423;1;22;S46;;;
15423;1;22;;;63;
15424;1;2;;;162;
15425;1;2;;;162;
15426;1;21;F28;;;
15426;1;21;F28;;;
15426;1;21;S46;;;
15426;1;21;;;63;
15427;1;21;F28;;;
15427;1;21;F28;;;
15427;1;21;S46;;;
15427;1;21;;;63;
15428;1;21;F28;;;
15428;1;21;F28;;;
15428;1;21;S46;;;
15428;1;21;;;63;
15429;1;11;F28;;;
15429;1;11;F28;;;
15429;1;11;S46;;;
15429;1;11;;;63;
15430;1;15;F28;;;
15430;1;15;F28;;;
15430;1;15;S46;;;
15430;1;15;;;63;
15431;1;7;F28;;;
15431;1;7;F28;;;
15431;1;7;S46;;;
15431;1;7;;;63;
15432;1;6;F28;;;
15432;1;6;F28;;;
15432;1;6;S46;;;
15432;1;6;;;63;
15433;1;22;F28;;;
15433;1;22;F28;;;
15433;1;22;S46;;;
15433;1;22;;;63;
15434;1;2;;;162;
15435;1;2;;;162;
15436;1;2;;;162;
15437;1;2;;;162;
15438;1;21;F28;;;
15438;1;21;F28;;;
15438;1;21;S46;;;
15438;1;21;;;63;
15439;1;21;F28;;;
15439;1;21;F28;;;
15439;1;21;S46;;;
15439;1;21;;;63;
15440;1;11;F28;;;
15440;1;11;F28;;;
15440;1;11;S46;;;
15440;1;11;;;63;
15441;1;15;F28;;;
15441;1;15;F28;;;
15441;1;15;S46;;;
15441;1;15;;;63;
15442;1;7;F28;;;
15442;1;7;F28;;;
15442;1;7;S46;;;
15442;1;7;;;63;
15443;1;6;F28;;;
15443;1;6;F28;;;
15443;1;6;S46;;;
15443;1;6;;;63;
15444;1;22;F28;;;
15444;1;22;F28;;;
15444;1;22;S46;;;
15444;1;22;;;63;
15445;1;2;;;162;
15446;1;2;;;162;
15447;1;21;F28;;;
15447;1;21;F28;;;
15447;1;21;S46;;;
15447;1;21;;;63;
15448;1;21;F28;;;
15448;1;21;F28;;;
15448;1;21;S46;;;
15448;1;21;;;63;
15449;1;21;F28;;;
15449;1;21;F28;;;
15449;1;21;S46;;;
15449;1;21;;;63;
15450;1;11;F28;;;
15450;1;11;F28;;;
15450;1;11;S46;;;
15450;1;11;;;63;
15451;1;15;F28;;;
15451;1;15;F28;;;
15451;1;15;S46;;;
15451;1;15;;;63;
15452;1;7;F28;;;
15452;1;7;F28;;;
15452;1;7;S46;;;
15452;1;7;;;63;
15453;1;6;F28;;;
15453;1;6;F28;;;
15453;1;6;S46;;;
15453;1;6;;;63;
15454;1;22;F28;;;
15454;1;22;F28;;;
15454;1;22;S46;;;
15454;1;22;;;63;
15455;1;2;;;162;
15456;1;2;;;162;
15457;1;2;;;162;
15458;1;2;;;162;
15459;1;2;;;162;
15460;1;21;F28;;;
15460;1;21;F28;;;
15460;1;21;S46;;;
15460;1;21;;;63;
15461;1;21;F28;;;
15461;1;21;F28;;;
15461;1;21;S46;;;
15461;1;21;;;63;
15462;1;21;F28;;;
15462;1;21;F28;;;
15462;1;21;S46;;;
15462;1;21;;;63;
15463;1;11;F28;;;
15463;1;11;F28;;;
15463;1;11;S46;;;
15463;1;11;;;63;
15464;1;15;F28;;;
15464;1;15;F28;;;
15464;1;15;S46;;;
15464;1;15;;;63;
15465;1;7;F28;;;
15465;1;7;F28;;;
15465;1;7;S46;;;
15465;1;7;;;63;
15466;1;6;F28;;;
15466;1;6;F28;;;
15466;1;6;S46;;;
15466;1;6;;;63;
15467;1;22;F28;;;
15467;1;22;F28;;;
15467;1;22;S46;;;
15467;1;22;;;63;
15468;1;2;;;162;
15469;1;2;;;162;
15470;1;21;F28;;;
15470;1;21;F28;;;
15470;1;21;S46;;;
15470;1;21;;;63;
15471;1;21;;;63;
15472;1;11;;;63;
15473;1;11;;;63;
15474;1;21;;;63;
15475;1;11;;;63;
15476;1;12;;;63;
15477;1;21;;;63;
15478;1;21;;;63;
15479;1;11;;;63;
15480;1;11;;;63;
15481;1;12;;;92;
15482;1;21;;;63;
15483;1;21;;;63;
15484;1;11;;;63;
15485;1;21;;;63;
15486;1;11;;;63;
15487;1;12;;;63;
15488;1;21;;;63;
15489;1;21;;;63;
15490;1;21;;;63;
15491;1;11;;;63;
15492;1;11;;;63;
15493;1;12;;;92;
15494;1;21;;;63;
15495;1;21;;;63;
15496;1;11;;;63;
15497;1;21;;;63;
15498;1;11;;;63;
15499;1;12;;;63;
15500;1;21;;;63;
15501;1;21;;;63;
15502;1;11;;;63;
15503;1;11;;;63;
15504;1;12;;;92;
15505;1;21;;;63;
15506;1;21;;;63;
15507;1;11;;;63;
15508;1;21;;;63;
15509;1;11;;;63;
15510;1;12;;;63;
15511;1;21;;;63;
15512;1;21;;;63;
15513;1;21;;;63;
15514;1;11;;;63;
15515;1;11;;;63;
15516;1;12;;;92;
15517;1;21;;;63;
15518;1;21;;;63;
15519;1;21;;;63;
15520;1;11;;;63;
15521;1;21;;;63;
15522;1;21;;;63;
15523;1;11;;;63;
15524;1;12;;;63;
15525;1;21;;;63;
15526;1;21;;;63;
15527;1;11;;;63;
15528;1;11;;;63;
15529;1;12;;;92;
15530;1;21;;;63;
15531;1;21;;;63;
15532;1;11;;;63;
15533;1;21;;;63;
15534;1;11;;;63;
15535;1;21;;;63;
15536;1;21;;;63;
15537;1;21;;;63;
15538;1;11;;;63;
15539;1;11;;;63;
15540;1;21;;;63;
15541;1;21;;;63;
15542;1;11;;;63;
15543;1;21;;;63;
15544;1;11;;;63;
15545;1;21;;;63;
15546;1;11;;;63;
15547;1;11;;;63;
15548;1;21;;;63;
15549;1;21;;;63;
15550;1;11;;;63;
15551;1;21;;;63;
15552;1;11;;;63;
15553;1;21;;;63;
15554;1;21;;;63;
15555;1;21;;;63;
15556;1;11;;;63;
15557;1;11;;;63;
15558;1;20;;;63;
15559;1;20;;;63;
15560;1;11;;;63;
15561;1;20;;;63;
15562;1;11;;;63;
15563;1;21;;;63;
15564;1;11;;;63;
15565;1;11;;;63;
15566;1;21;;;63;
15567;1;21;;;63;
15568;1;11;;;63;
15569;1;21;;;63;
15570;1;11;;;63;
15571;1;21;;;63;
15572;1;11;;;63;
15573;1;11;;;63;
15574;1;21;;;63;
15575;1;21;;;63;
15576;1;11;;;63;
15577;1;21;;;63;
15578;1;11;;;63;
15579;1;21;;;63;
15580;1;21;;;63;
15581;1;11;;;63;
15582;1;11;;;63;
15583;1;21;;;63;
15584;1;21;;;63;
15585;1;21;;;63;
15586;1;11;;;63;
15587;1;21;;;63;
15588;1;11;;;63;
15589;1;21;;;63;
15590;1;21;;;63;
15591;1;11;;;63;
15592;1;11;;;63;
15593;1;21;;;63;
15594;1;21;;;63;
15595;1;21;;;63;
15596;1;11;;;63;
15597;1;21;;;63;
15598;1;11;;;63;
15599;1;21;;;63;
15600;1;21;;;63;
15601;1;21;;;63;
15602;1;11;;;63;
15603;1;11;;;63;
15604;1;21;;;63;
15605;1;21;;;63;
15606;1;21;;;63;
15607;1;11;;;63;
15608;1;11;;;63;
15609;1;12;;;63;
15610;1;21;;;63;
15611;1;21;;;63;
15612;1;11;;;63;
15613;1;11;;;63;
15614;1;12;;;92;
15615;1;21;;;63;
15616;1;21;;;63;
15617;1;11;;;63;
15618;1;21;;;63;
15619;1;11;;;63;
15620;1;12;;;63;
15621;1;21;;;63;
15622;1;21;;;63;
15623;1;5;;;63;
15624;1;11;;;63;
15625;1;11;;;63;
15626;1;12;;;92;
15627;1;21;;;63;
15628;1;21;;;63;
15629;1;11;;;63;
15630;1;11;;;63;
15631;1;12;;;63;
15632;1;21;;;63;
15633;1;21;;;63;
15634;1;11;;;63;
15635;1;21;;;63;
15636;1;11;;;63;
15637;1;12;;;92;
15638;1;21;;;63;
15639;1;11;;;63;
15640;1;21;;;63;
15641;1;11;;;63;
15642;1;12;;;63;
15643;1;21;;;63;
15644;1;21;;;63;
15645;1;5;;;63;
15646;1;11;;;63;
15647;1;11;;;63;
15648;1;12;;;92;
15649;1;21;;;63;
15650;1;21;;;63;
15651;1;11;;;63;
15652;1;11;;;63;
15653;1;12;F28;;;
15653;1;12;F28;;;
15653;1;12;S46;;;
15653;1;12;;;63;
15654;1;11;F28;;;
15654;1;11;F28;;;
15654;1;11;S46;;;
15654;1;11;;;63;
15655;1;21;;;63;
15656;1;21;;;63;
15657;1;11;;;63;
15658;1;21;;;63;
15659;1;21;;;63;
15660;1;11;;;63;
15661;1;12;;;92;
15662;1;21;;;63;
15663;1;11;;;63;
15664;1;21;;;63;
15665;1;11;;;63;
15666;1;11;;;63;
15667;1;11;;;63;
15668;1;8;;;63;
15669;1;4;;;63;
15670;1;7;;;63;
15671;1;11;;;63;
15672;1;21;F28;;;
15672;1;21;F28;;;
15672;1;21;S46;;;
15672;1;21;;;63;
15673;1;11;F28;;;
15673;1;11;F28;;;
15673;1;11;S46;;;
15673;1;11;;;63;
15674;1;15;F28;;;
15674;1;15;F28;;;
15674;1;15;S46;;;
15674;1;15;;;63;
15675;1;7;F28;;;
15675;1;7;F28;;;
15675;1;7;S46;;;
15675;1;7;;;63;
15676;1;6;F28;;;
15676;1;6;F28;;;
15676;1;6;S46;;;
15676;1;6;;;63;
15677;1;22;F28;;;
15677;1;22;F28;;;
15677;1;22;S46;;;
15677;1;22;;;63;
15678;1;2;;;162;
15679;1;2;;;162;
15680;1;2;;;162;
15681;1;2;;;162;
15682;1;2;;;162;
15683;1;21;F28;;;
15683;1;21;F28;;;
15683;1;21;S46;;;
15683;1;21;;;63;
15684;1;21;F28;;;
15684;1;21;F28;;;
15684;1;21;S46;;;
15684;1;21;;;63;
15685;1;21;F28;;;
15685;1;21;F28;;;
15685;1;21;S46;;;
15685;1;21;;;63;
15686;1;11;F28;;;
15686;1;11;F28;;;
15686;1;11;S46;;;
15686;1;11;;;63;
15687;1;15;F28;;;
15687;1;15;F28;;;
15687;1;15;S46;;;
15687;1;15;;;63;
15688;1;7;F28;;;
15688;1;7;F28;;;
15688;1;7;S46;;;
15688;1;7;;;63;
15689;1;6;F28;;;
15689;1;6;F28;;;
15689;1;6;S46;;;
15689;1;6;;;63;
15690;1;22;F28;;;
15690;1;22;F28;;;
15690;1;22;S46;;;
15690;1;22;;;63;
15691;1;2;;;162;
15692;1;2;;;162;
15693;1;21;F28;;;
15693;1;21;F28;;;
15693;1;21;S46;;;
15693;1;21;;;63;
15694;1;21;F28;;;
15694;1;21;F28;;;
15694;1;21;S46;;;
15694;1;21;;;63;
15695;1;21;F28;;;
15695;1;21;F28;;;
15695;1;21;S46;;;
15695;1;21;;;63;
15696;1;11;F28;;;
15696;1;11;F28;;;
15696;1;11;S46;;;
15696;1;11;;;63;
15697;1;15;F28;;;
15697;1;15;F28;;;
15697;1;15;S46;;;
15697;1;15;;;63;
15698;1;7;F28;;;
15698;1;7;F28;;;
15698;1;7;S46;;;
15698;1;7;;;63;
15699;1;6;F28;;;
15699;1;6;F28;;;
15699;1;6;S46;;;
15699;1;6;;;63;
15700;1;22;F28;;;
15700;1;22;F28;;;
15700;1;22;S46;;;
15700;1;22;;;63;
15701;1;2;;;162;
15702;1;2;;;162;
15703;1;2;;;162;
15704;1;2;;;162;
15705;1;2;;;162;
15706;1;21;F28;;;
15706;1;21;F28;;;
15706;1;21;S46;;;
15706;1;21;;;63;
15707;1;21;F28;;;
15707;1;21;F28;;;
15707;1;21;S46;;;
15707;1;21;;;63;
15708;1;11;F28;;;
15708;1;11;F28;;;
15708;1;11;S46;;;
15708;1;11;;;63;
15709;1;11;F28;;;
15709;1;11;F28;;;
15709;1;11;S46;;;
15709;1;11;;;63;
15710;1;15;F28;;;
15710;1;15;F28;;;
15710;1;15;S46;;;
15710;1;15;;;63;
15711;1;7;F28;;;
15711;1;7;F28;;;
15711;1;7;S46;;;
15711;1;7;;;63;
15712;1;6;F28;;;
15712;1;6;F28;;;
15712;1;6;S46;;;
15712;1;6;;;63;
15713;1;22;F28;;;
15713;1;22;F28;;;
15713;1;22;S46;;;
15713;1;22;;;63;
15714;1;2;;;162;
15715;1;2;;;162;
15716;1;21;F28;;;
15716;1;21;F28;;;
15716;1;21;S46;;;
15716;1;21;;;63;
15717;1;21;F28;;;
15717;1;21;F28;;;
15717;1;21;S46;;;
15717;1;21;;;63;
15718;1;11;F28;;;
15718;1;11;F28;;;
15718;1;11;S46;;;
15718;1;11;;;63;
15719;1;15;F28;;;
15719;1;15;F28;;;
15719;1;15;S46;;;
15719;1;15;;;63;
15720;1;7;F28;;;
15720;1;7;F28;;;
15720;1;7;S46;;;
15720;1;7;;;63;
15721;1;6;F28;;;
15721;1;6;F28;;;
15721;1;6;S46;;;
15721;1;6;;;63;
15722;1;22;F28;;;
15722;1;22;F28;;;
15722;1;22;S46;;;
15722;1;22;;;63;
15723;1;2;;;162;
15724;1;2;;;162;
15725;1;2;;;162;
15726;1;2;;;162;
15727;1;21;F28;;;
15727;1;21;F28;;;
15727;1;21;S46;;;
15727;1;21;;;63;
15728;1;21;F28;;;
15728;1;21;F28;;;
15728;1;21;S46;;;
15728;1;21;;;63;
15729;1;11;F28;;;
15729;1;11;F28;;;
15729;1;11;S46;;;
15729;1;11;;;63;
15730;1;15;F28;;;
15730;1;15;F28;;;
15730;1;15;S46;;;
15730;1;15;;;63;
15731;1;7;F28;;;
15731;1;7;F28;;;
15731;1;7;S46;;;
15731;1;7;;;63;
15732;1;6;F28;;;
15732;1;6;F28;;;
15732;1;6;S46;;;
15732;1;6;;;63;
15733;1;2;;;162;
15734;1;2;;;162;
15735;1;21;F28;;;
15735;1;21;F28;;;
15735;1;21;S46;;;
15735;1;21;;;63;
15736;1;21;F28;;;
15736;1;21;F28;;;
15736;1;21;S46;;;
15736;1;21;;;63;
15737;1;11;F28;;;
15737;1;11;F28;;;
15737;1;11;S46;;;
15737;1;11;;;63;
15738;1;15;F28;;;
15738;1;15;F28;;;
15738;1;15;S46;;;
15738;1;15;;;63;
15739;1;7;F28;;;
15739;1;7;F28;;;
15739;1;7;S46;;;
15739;1;7;;;63;
15740;1;6;F28;;;
15740;1;6;F28;;;
15740;1;6;S46;;;
15740;1;6;;;63;
15741;1;2;;;162;
15742;1;2;;;162;
15743;1;2;;;162;
15744;1;2;;;162;
15745;1;21;F28;;;
15745;1;21;F28;;;
15745;1;21;S46;;;
15745;1;21;;;63;
15746;1;21;F28;;;
15746;1;21;F28;;;
15746;1;21;S46;;;
15746;1;21;;;63;
15747;1;11;F28;;;
15747;1;11;F28;;;
15747;1;11;S46;;;
15747;1;11;;;63;
15748;1;15;F28;;;
15748;1;15;F28;;;
15748;1;15;S46;;;
15748;1;15;;;63;
15749;1;7;F28;;;
15749;1;7;F28;;;
15749;1;7;S46;;;
15749;1;7;;;63;
15750;1;6;F28;;;
15750;1;6;F28;;;
15750;1;6;S46;;;
15750;1;6;;;63;
15751;1;2;;;162;
15752;1;2;;;162;
15753;1;21;F28;;;
15753;1;21;F28;;;
15753;1;21;S46;;;
15753;1;21;;;63;
15754;1;21;F28;;;
15754;1;21;F28;;;
15754;1;21;S46;;;
15754;1;21;;;63;
15755;1;11;F28;;;
15755;1;11;F28;;;
15755;1;11;S46;;;
15755;1;11;;;63;
15756;1;15;F28;;;
15756;1;15;F28;;;
15756;1;15;S46;;;
15756;1;15;;;63;
15757;1;7;F28;;;
15757;1;7;F28;;;
15757;1;7;S46;;;
15757;1;7;;;63;
15758;1;6;F28;;;
15758;1;6;F28;;;
15758;1;6;S46;;;
15758;1;6;;;63;
15759;1;2;;;162;
15760;1;2;;;162;
15761;1;2;;;162;
15762;1;2;;;162;
15763;1;21;F28;;;
15763;1;21;F28;;;
15763;1;21;S46;;;
15763;1;21;;;63;
15764;1;21;F28;;;
15764;1;21;F28;;;
15764;1;21;S46;;;
15764;1;21;;;63;
15765;1;11;F28;;;
15765;1;11;F28;;;
15765;1;11;S46;;;
15765;1;11;;;63;
15766;1;11;F28;;;
15766;1;11;F28;;;
15766;1;11;S46;;;
15766;1;11;;;63;
15767;1;15;F28;;;
15767;1;15;F28;;;
15767;1;15;S46;;;
15767;1;15;;;63;
15768;1;7;F28;;;
15768;1;7;F28;;;
15768;1;7;S46;;;
15768;1;7;;;63;
15769;1;6;F28;;;
15769;1;6;F28;;;
15769;1;6;S46;;;
15769;1;6;;;63;
15770;1;2;;;162;
15771;1;2;;;162;
15772;1;21;F28;;;
15772;1;21;F28;;;
15772;1;21;S46;;;
15772;1;21;;;63;
15773;1;21;F28;;;
15773;1;21;F28;;;
15773;1;21;S46;;;
15773;1;21;;;63;
15774;1;11;F28;;;
15774;1;11;F28;;;
15774;1;11;S46;;;
15774;1;11;;;63;
15775;1;11;F28;;;
15775;1;11;F28;;;
15775;1;11;S46;;;
15775;1;11;;;63;
15776;1;15;F28;;;
15776;1;15;F28;;;
15776;1;15;S46;;;
15776;1;15;;;63;
15777;1;7;F28;;;
15777;1;7;F28;;;
15777;1;7;S46;;;
15777;1;7;;;63;
15778;1;6;F28;;;
15778;1;6;F28;;;
15778;1;6;S46;;;
15778;1;6;;;63;
15779;1;2;;;162;
15780;1;2;;;162;
15781;1;2;;;162;
15782;1;2;;;162;
15783;1;2;;;162;
15784;1;21;F28;;;
15784;1;21;F28;;;
15784;1;21;S46;;;
15784;1;21;;;63;
15785;1;21;F28;;;
15785;1;21;F28;;;
15785;1;21;S46;;;
15785;1;21;;;63;
15786;1;21;F28;;;
15786;1;21;F28;;;
15786;1;21;S46;;;
15786;1;21;;;63;
15787;1;11;F28;;;
15787;1;11;F28;;;
15787;1;11;S46;;;
15787;1;11;;;63;
15788;1;11;F28;;;
15788;1;11;F28;;;
15788;1;11;S46;;;
15788;1;11;;;63;
15789;1;15;F28;;;
15789;1;15;F28;;;
15789;1;15;S46;;;
15789;1;15;;;63;
15790;1;7;F28;;;
15790;1;7;F28;;;
15790;1;7;S46;;;
15790;1;7;;;63;
15791;1;6;F28;;;
15791;1;6;F28;;;
15791;1;6;S46;;;
15791;1;6;;;63;
15792;1;2;;;162;
15793;1;2;;;162;
15794;1;21;F28;;;
15794;1;21;F28;;;
15794;1;21;S46;;;
15794;1;21;;;63;
15795;1;21;F28;;;
15795;1;21;F28;;;
15795;1;21;S46;;;
15795;1;21;;;63;
15796;1;11;F28;;;
15796;1;11;F28;;;
15796;1;11;S46;;;
15796;1;11;;;63;
15797;1;15;F28;;;
15797;1;15;F28;;;
15797;1;15;S46;;;
15797;1;15;;;63;
15798;1;7;F28;;;
15798;1;7;F28;;;
15798;1;7;S46;;;
15798;1;7;;;63;
15799;1;6;F28;;;
15799;1;6;F28;;;
15799;1;6;S46;;;
15799;1;6;;;63;
15800;1;2;;;162;
15801;1;2;;;162;
15802;1;2;;;162;
15803;1;2;;;162;
15804;1;21;F28;;;
15804;1;21;F28;;;
15804;1;21;S46;;;
15804;1;21;;;63;
15805;1;21;F28;;;
15805;1;21;F28;;;
15805;1;21;S46;;;
15805;1;21;;;63;
15806;1;11;F28;;;
15806;1;11;F28;;;
15806;1;11;S46;;;
15806;1;11;;;63;
15807;1;15;F28;;;
15807;1;15;F28;;;
15807;1;15;S46;;;
15807;1;15;;;63;
15808;1;7;F28;;;
15808;1;7;F28;;;
15808;1;7;S46;;;
15808;1;7;;;63;
15809;1;6;F28;;;
15809;1;6;F28;;;
15809;1;6;S46;;;
15809;1;6;;;63;
15810;1;2;;;162;
15811;1;2;;;162;
15812;1;21;F28;;;
15812;1;21;F28;;;
15812;1;21;S46;;;
15812;1;21;;;63;
15813;1;21;F28;;;
15813;1;21;F28;;;
15813;1;21;S46;;;
15813;1;21;;;63;
15814;1;11;F28;;;
15814;1;11;F28;;;
15814;1;11;S46;;;
15814;1;11;;;63;
15815;1;15;F28;;;
15815;1;15;F28;;;
15815;1;15;S46;;;
15815;1;15;;;63;
15816;1;7;F28;;;
15816;1;7;F28;;;
15816;1;7;S46;;;
15816;1;7;;;63;
15817;1;6;F28;;;
15817;1;6;F28;;;
15817;1;6;S46;;;
15817;1;6;;;63;
15818;1;2;;;162;
15819;1;2;;;162;
15820;1;2;;;162;
15821;1;2;;;162;
15822;1;21;F28;;;
15822;1;21;F28;;;
15822;1;21;S46;;;
15822;1;21;;;63;
15823;1;21;F28;;;
15823;1;21;F28;;;
15823;1;21;S46;;;
15823;1;21;;;63;
15824;1;11;F28;;;
15824;1;11;F28;;;
15824;1;11;S46;;;
15824;1;11;;;63;
15825;1;15;F28;;;
15825;1;15;F28;;;
15825;1;15;S46;;;
15825;1;15;;;63;
15826;1;7;F28;;;
15826;1;7;F28;;;
15826;1;7;S46;;;
15826;1;7;;;63;
15827;1;6;F28;;;
15827;1;6;F28;;;
15827;1;6;S46;;;
15827;1;6;;;63;
15828;1;2;;;162;
15829;1;2;;;162;
15830;1;21;F28;;;
15830;1;21;F28;;;
15830;1;21;S46;;;
15830;1;21;;;63;
15831;1;21;F28;;;
15831;1;21;F28;;;
15831;1;21;S46;;;
15831;1;21;;;63;
15832;1;11;F28;;;
15832;1;11;F28;;;
15832;1;11;S46;;;
15832;1;11;;;63;
15833;1;15;F28;;;
15833;1;15;F28;;;
15833;1;15;S46;;;
15833;1;15;;;63;
15834;1;7;F28;;;
15834;1;7;F28;;;
15834;1;7;S46;;;
15834;1;7;;;63;
15835;1;6;F28;;;
15835;1;6;F28;;;
15835;1;6;S46;;;
15835;1;6;;;63;
15836;1;2;;;162;
15837;1;2;;;162;
15838;1;2;;;162;
15839;1;2;;;162;
15840;1;21;F28;;;
15840;1;21;F28;;;
15840;1;21;S46;;;
15840;1;21;;;63;
15841;1;21;F28;;;
15841;1;21;F28;;;
15841;1;21;S46;;;
15841;1;21;;;63;
15842;1;21;F28;;;
15842;1;21;F28;;;
15842;1;21;S46;;;
15842;1;21;;;63;
15843;1;11;F28;;;
15843;1;11;F28;;;
15843;1;11;S46;;;
15843;1;11;;;63;
15844;1;11;F28;;;
15844;1;11;F28;;;
15844;1;11;S46;;;
15844;1;11;;;63;
15845;1;15;F28;;;
15845;1;15;F28;;;
15845;1;15;S46;;;
15845;1;15;;;63;
15846;1;7;F28;;;
15846;1;7;F28;;;
15846;1;7;S46;;;
15846;1;7;;;63;
15847;1;6;F28;;;
15847;1;6;F28;;;
15847;1;6;S46;;;
15847;1;6;;;63;
15848;1;2;;;162;
15849;1;2;;;162;
15850;1;21;F28;;;
15850;1;21;F28;;;
15850;1;21;S46;;;
15850;1;21;;;63;
15851;1;21;F28;;;
15851;1;21;F28;;;
15851;1;21;S46;;;
15851;1;21;;;63;
15852;1;11;F28;;;
15852;1;11;F28;;;
15852;1;11;S46;;;
15852;1;11;;;63;
15853;1;11;F28;;;
15853;1;11;F28;;;
15853;1;11;S46;;;
15853;1;11;;;63;
15854;1;15;F28;;;
15854;1;15;F28;;;
15854;1;15;S46;;;
15854;1;15;;;63;
15855;1;7;F28;;;
15855;1;7;F28;;;
15855;1;7;S46;;;
15855;1;7;;;63;
15856;1;6;F28;;;
15856;1;6;F28;;;
15856;1;6;S46;;;
15856;1;6;;;63;
15857;1;2;;;162;
15858;1;2;;;162;
15859;1;2;;;162;
15860;1;2;;;162;
15861;1;21;F28;;;
15861;1;21;F28;;;
15861;1;21;S46;;;
15861;1;21;;;63;
15862;1;21;F28;;;
15862;1;21;F28;;;
15862;1;21;S46;;;
15862;1;21;;;63;
15863;1;21;F28;;;
15863;1;21;F28;;;
15863;1;21;S46;;;
15863;1;21;;;63;
15864;1;11;F28;;;
15864;1;11;F28;;;
15864;1;11;S46;;;
15864;1;11;;;63;
15865;1;15;F28;;;
15865;1;15;F28;;;
15865;1;15;S46;;;
15865;1;15;;;63;
15866;1;7;F28;;;
15866;1;7;F28;;;
15866;1;7;S46;;;
15866;1;7;;;63;
15867;1;6;F28;;;
15867;1;6;F28;;;
15867;1;6;S46;;;
15867;1;6;;;63;
15868;1;2;;;162;
15869;1;2;;;162;
15870;1;21;F28;;;
15870;1;21;F28;;;
15870;1;21;S46;;;
15870;1;21;;;63;
15871;1;21;F28;;;
15871;1;21;F28;;;
15871;1;21;S46;;;
15871;1;21;;;63;
15872;1;11;F28;;;
15872;1;11;F28;;;
15872;1;11;S46;;;
15872;1;11;;;63;
15873;1;15;F28;;;
15873;1;15;F28;;;
15873;1;15;S46;;;
15873;1;15;;;63;
15874;1;7;F28;;;
15874;1;7;F28;;;
15874;1;7;S46;;;
15874;1;7;;;63;
15875;1;6;F28;;;
15875;1;6;F28;;;
15875;1;6;S46;;;
15875;1;6;;;63;
15876;1;2;;;162;
15877;1;2;;;162;
15878;1;2;;;162;
15879;1;2;;;162;
15880;1;21;F28;;;
15880;1;21;F28;;;
15880;1;21;S46;;;
15880;1;21;;;63;
15881;1;21;F28;;;
15881;1;21;F28;;;
15881;1;21;S46;;;
15881;1;21;;;63;
15882;1;11;F28;;;
15882;1;11;F28;;;
15882;1;11;S46;;;
15882;1;11;;;63;
15883;1;15;F28;;;
15883;1;15;F28;;;
15883;1;15;S46;;;
15883;1;15;;;63;
15884;1;7;F28;;;
15884;1;7;F28;;;
15884;1;7;S46;;;
15884;1;7;;;63;
15885;1;6;F28;;;
15885;1;6;F28;;;
15885;1;6;S46;;;
15885;1;6;;;63;
15886;1;22;F28;;;
15886;1;22;F28;;;
15886;1;22;S46;;;
15886;1;22;;;63;
15887;1;2;;;162;
15888;1;2;;;162;
15889;1;21;F28;;;
15889;1;21;F28;;;
15889;1;21;S46;;;
15889;1;21;;;63;
15890;1;21;F28;;;
15890;1;21;F28;;;
15890;1;21;S46;;;
15890;1;21;;;63;
15891;1;11;F28;;;
15891;1;11;F28;;;
15891;1;11;S46;;;
15891;1;11;;;63;
15892;1;15;F28;;;
15892;1;15;F28;;;
15892;1;15;S46;;;
15892;1;15;;;63;
15893;1;7;F28;;;
15893;1;7;F28;;;
15893;1;7;S46;;;
15893;1;7;;;63;
15894;1;6;F28;;;
15894;1;6;F28;;;
15894;1;6;S46;;;
15894;1;6;;;63;
15895;1;22;F28;;;
15895;1;22;F28;;;
15895;1;22;S46;;;
15895;1;22;;;63;
15896;1;2;;;162;
15897;1;2;;;162;
15898;1;2;;;162;
15899;1;2;;;162;
15900;1;2;;;162;
15901;1;21;F28;;;
15901;1;21;F28;;;
15901;1;21;S46;;;
15901;1;21;;;63;
15902;1;21;F28;;;
15902;1;21;F28;;;
15902;1;21;S46;;;
15902;1;21;;;63;
15903;1;21;F28;;;
15903;1;21;F28;;;
15903;1;21;S46;;;
15903;1;21;;;63;
15904;1;11;F28;;;
15904;1;11;F28;;;
15904;1;11;S46;;;
15904;1;11;;;63;
15905;1;11;F28;;;
15905;1;11;F28;;;
15905;1;11;S46;;;
15905;1;11;;;63;
15906;1;15;F28;;;
15906;1;15;F28;;;
15906;1;15;S46;;;
15906;1;15;;;63;
15907;1;7;F28;;;
15907;1;7;F28;;;
15907;1;7;S46;;;
15907;1;7;;;63;
15908;1;6;F28;;;
15908;1;6;F28;;;
15908;1;6;S46;;;
15908;1;6;;;63;
15909;1;22;F28;;;
15909;1;22;F28;;;
15909;1;22;S46;;;
15909;1;22;;;63;
15910;1;2;;;162;
15911;1;2;;;162;
15912;1;21;F28;;;
15912;1;21;F28;;;
15912;1;21;S46;;;
15912;1;21;;;63;
15913;1;21;F28;;;
15913;1;21;F28;;;
15913;1;21;S46;;;
15913;1;21;;;63;
15914;1;11;F28;;;
15914;1;11;F28;;;
15914;1;11;S46;;;
15914;1;11;;;63;
15915;1;15;F28;;;
15915;1;15;F28;;;
15915;1;15;S46;;;
15915;1;15;;;63;
15916;1;7;F28;;;
15916;1;7;F28;;;
15916;1;7;S46;;;
15916;1;7;;;63;
15917;1;6;F28;;;
15917;1;6;F28;;;
15917;1;6;S46;;;
15917;1;6;;;63;
15918;1;22;F28;;;
15918;1;22;F28;;;
15918;1;22;S46;;;
15918;1;22;;;63;
15919;1;2;;;162;
15920;1;2;;;162;
15921;1;2;;;162;
15922;1;2;;;162;
15923;1;2;;;162;
15924;1;21;F28;;;
15924;1;21;F28;;;
15924;1;21;S46;;;
15924;1;21;;;63;
15925;1;21;F28;;;
15925;1;21;F28;;;
15925;1;21;S46;;;
15925;1;21;;;63;
15926;1;11;F28;;;
15926;1;11;F28;;;
15926;1;11;S46;;;
15926;1;11;;;63;
15927;1;15;F28;;;
15927;1;15;F28;;;
15927;1;15;S46;;;
15927;1;15;;;63;
15928;1;7;F28;;;
15928;1;7;F28;;;
15928;1;7;S46;;;
15928;1;7;;;63;
15929;1;6;F28;;;
15929;1;6;F28;;;
15929;1;6;S46;;;
15929;1;6;;;63;
15930;1;22;F28;;;
15930;1;22;F28;;;
15930;1;22;S46;;;
15930;1;22;;;63;
15931;1;2;;;162;
15932;1;2;;;162;
15933;1;21;F28;;;
15933;1;21;F28;;;
15933;1;21;S46;;;
15933;1;21;;;63;
15934;1;21;F28;;;
15934;1;21;F28;;;
15934;1;21;S46;;;
15934;1;21;;;63;
15935;1;21;F28;;;
15935;1;21;F28;;;
15935;1;21;S46;;;
15935;1;21;;;63;
15936;1;11;F28;;;
15936;1;11;F28;;;
15936;1;11;S46;;;
15936;1;11;;;63;
15937;1;15;F28;;;
15937;1;15;F28;;;
15937;1;15;S46;;;
15937;1;15;;;63;
15938;1;7;F28;;;
15938;1;7;F28;;;
15938;1;7;S46;;;
15938;1;7;;;63;
15939;1;6;F28;;;
15939;1;6;F28;;;
15939;1;6;S46;;;
15939;1;6;;;63;
15940;1;22;F28;;;
15940;1;22;F28;;;
15940;1;22;S46;;;
15940;1;22;;;63;
15941;1;2;;;162;
15942;1;2;;;162;
15943;1;2;;;162;
15944;1;2;;;162;
15945;1;2;;;162;
15946;1;21;F28;;;
15946;1;21;F28;;;
15946;1;21;S46;;;
15946;1;21;;;63;
15947;1;21;F28;;;
15947;1;21;F28;;;
15947;1;21;S46;;;
15947;1;21;;;63;
15948;1;11;F28;;;
15948;1;11;F28;;;
15948;1;11;S46;;;
15948;1;11;;;63;
15949;1;15;F28;;;
15949;1;15;F28;;;
15949;1;15;S46;;;
15949;1;15;;;63;
15950;1;7;F28;;;
15950;1;7;F28;;;
15950;1;7;S46;;;
15950;1;7;;;63;
15951;1;7;F28;;;
15951;1;7;F28;;;
15951;1;7;S46;;;
15951;1;7;;;63;
15952;1;7;F28;;;
15952;1;7;F28;;;
15952;1;7;S46;;;
15952;1;7;;;63;
15953;1;6;F28;;;
15953;1;6;F28;;;
15953;1;6;S46;;;
15953;1;6;;;63;
15954;1;15;F28;;;
15954;1;15;F28;;;
15954;1;15;S46;;;
15954;1;15;;;63;
15955;1;22;F28;;;
15955;1;22;F28;;;
15955;1;22;S46;;;
15955;1;22;;;63;
15956;1;2;;;162;
15957;1;2;;;162;
15958;1;2;;;162;
15959;1;21;F28;;;
15959;1;21;F28;;;
15959;1;21;S46;;;
15959;1;21;;;63;
15960;1;21;F28;;;
15960;1;21;F28;;;
15960;1;21;S46;;;
15960;1;21;;;63;
15961;1;11;F28;;;
15961;1;11;F28;;;
15961;1;11;S46;;;
15961;1;11;;;63;
15962;1;15;F28;;;
15962;1;15;F28;;;
15962;1;15;S46;;;
15962;1;15;;;63;
15963;1;7;F28;;;
15963;1;7;F28;;;
15963;1;7;S46;;;
15963;1;7;;;63;
15964;1;7;F28;;;
15964;1;7;F28;;;
15964;1;7;S46;;;
15964;1;7;;;63;
15965;1;7;F28;;;
15965;1;7;F28;;;
15965;1;7;S46;;;
15965;1;7;;;63;
15966;1;6;F28;;;
15966;1;6;F28;;;
15966;1;6;S46;;;
15966;1;6;;;63;
15967;1;15;F28;;;
15967;1;15;F28;;;
15967;1;15;S46;;;
15967;1;15;;;63;
15968;1;22;F28;;;
15968;1;22;F28;;;
15968;1;22;S46;;;
15968;1;22;;;63;
15969;1;4;;;162;
15970;1;4;;;162;
15971;1;4;;;162;
15972;1;2;;;162;
15973;1;2;;;162;
15974;1;4;;;162;
15975;1;4;;;162;
15976;1;4;;;162;
15977;1;2;;;162;
15978;1;2;;;162;
15979;1;21;F28;;;
15979;1;21;F28;;;
15979;1;21;S46;;;
15979;1;21;;;63;
15980;1;21;F28;;;
15980;1;21;F28;;;
15980;1;21;S46;;;
15980;1;21;;;63;
15981;1;21;F28;;;
15981;1;21;F28;;;
15981;1;21;S46;;;
15981;1;21;;;63;
15982;1;21;F28;;;
15982;1;21;F28;;;
15982;1;21;S46;;;
15982;1;21;;;63;
15983;1;21;F28;;;
15983;1;21;F28;;;
15983;1;21;S46;;;
15983;1;21;;;63;
15984;1;21;F28;;;
15984;1;21;F28;;;
15984;1;21;S46;;;
15984;1;21;;;63;
15985;1;15;F28;;;
15985;1;15;F28;;;
15985;1;15;S46;;;
15985;1;15;;;63;
15986;1;21;F28;;;
15986;1;21;F28;;;
15986;1;21;S46;;;
15986;21;27;F28;;;
15986;21;27;F28;;;
15986;21;27;S46;;;
15986;1;27;;;63;
15987;1;7;F28;;;
15987;1;7;F28;;;
15987;1;7;S46;;;
15987;1;7;;;63;
15988;1;6;F28;;;
15988;1;6;F28;;;
15988;1;6;S46;;;
15988;1;6;;;63;
15989;1;21;F28;;;
15989;1;21;F28;;;
15989;1;21;S46;;;
15989;21;27;F28;;;
15989;21;27;F28;;;
15989;21;27;S46;;;
15989;1;27;;;63;
15990;1;21;F28;;;
15990;1;21;F28;;;
15990;1;21;S46;;;
15990;1;21;;;63;
15991;1;21;F28;;;
15991;1;21;F28;;;
15991;1;21;S46;;;
15991;21;27;F28;;;
15991;21;27;F28;;;
15991;21;27;S46;;;
15991;1;27;;;63;
15992;1;2;;;162;
15993;1;3;;;162;
15994;1;6;;;162;
15995;1;2;;;162;
15996;1;21;F28;;;
15996;1;21;F28;;;
15996;1;21;S46;;;
15996;1;21;;;63;
15997;1;21;F28;;;
15997;1;21;F28;;;
15997;1;21;S46;;;
15997;21;27;F28;;;
15997;21;27;F28;;;
15997;21;27;S46;;;
15997;1;27;;;63;
15998;1;21;F28;;;
15998;1;21;F28;;;
15998;1;21;S46;;;
15998;21;27;F28;;;
15998;21;27;F28;;;
15998;21;27;S46;;;
15998;1;27;;;63;
15999;1;21;F28;;;
15999;1;21;F28;;;
15999;1;21;S46;;;
15999;1;21;;;63;
16000;1;11;F28;;;
16000;1;11;F28;;;
16000;1;11;S46;;;
16000;1;11;;;63;
16001;1;7;F28;;;
16001;1;7;F28;;;
16001;1;7;S46;;;
16001;1;7;;;63;
16002;1;7;F28;;;
16002;1;7;F28;;;
16002;1;7;S46;;;
16002;1;7;;;63;
16003;1;20;F28;;;
16003;1;20;F28;;;
16003;1;20;S46;;;
16003;1;20;;;63;
16004;1;5;F28;;;
16004;1;5;F28;;;
16004;1;5;S46;;;
16004;1;5;;;63;
16005;1;15;F28;;;
16005;1;15;F28;;;
16005;1;15;S46;;;
16005;1;15;;;63;
16006;1;22;F28;;;
16006;1;22;F28;;;
16006;1;22;S46;;;
16006;1;22;;;63;
16007;1;2;;;162;
16008;1;2;;;162;
16009;1;2;;;162;
16010;1;2;;;162;
16011;1;2;;;162;
16012;1;2;;;162;
16013;1;20;F28;;;
16013;1;20;F28;;;
16013;1;20;S46;;;
16013;1;20;;;63;
16014;1;11;F28;;;
16014;1;11;F28;;;
16014;1;11;S46;;;
16014;1;11;;;63;
16015;1;10;F28;;;
16015;1;10;F28;;;
16015;1;10;S46;;;
16015;1;10;;;63;
16016;1;2;F28;;;
16016;1;2;F28;;;
16016;1;2;S46;;;
16016;1;2;;;63;
16017;1;6;F28;;;
16017;1;6;F28;;;
16017;1;6;S46;;;
16017;1;6;;;63;
16018;1;2;;;162;
16019;1;11;F28;;;
16019;1;11;F28;;;
16019;1;11;S46;;;
16019;1;11;;;63;
16020;1;8;;;63;
16021;1;7;;;63;
16022;1;2;;;63;
16023;1;8;;;63;
16024;1;3;;;63;
16025;1;2;;;162;
16026;1;8;;;63;
16027;1;3;;;63;
16028;1;4;;;63;
16029;1;3;;;63;
16030;1;3;;;63;
16031;1;7;;;63;
16032;1;6;;;63;
16033;1;6;;;63;
16034;1;11;F28;;;
16034;1;11;F28;;;
16034;1;11;S46;;;
16034;1;11;;;63;
16035;1;10;F28;;;
16035;1;10;F28;;;
16035;1;10;S46;;;
16035;1;10;;;63;
16036;1;11;F28;;;
16036;1;11;F28;;;
16036;1;11;S46;;;
16036;1;11;;;63;
16037;1;2;F28;;;
16037;1;2;F28;;;
16037;1;2;S46;;;
16037;1;2;;;63;
16038;1;6;F28;;;
16038;1;6;F28;;;
16038;1;6;S46;;;
16038;1;6;;;63;
16039;1;2;;;162;
16040;1;11;F28;;;
16040;1;11;F28;;;
16040;1;11;S46;;;
16040;1;11;;;63;
16041;1;6;F28;;;
16041;1;6;F28;;;
16041;1;6;S46;;;
16041;1;6;;;63;
16042;1;5;F28;;;
16042;1;5;F28;;;
16042;1;5;S46;;;
16042;1;5;;;63;
16043;1;17;;;92;
16044;1;13;F28;;;
16044;1;13;F28;;;
16044;1;13;S46;;;
16044;1;13;;;63;
16045;1;13;F28;;;
16045;1;13;F28;;;
16045;1;13;S46;;;
16045;1;13;;;92;
16046;1;10;F28;;;
16046;1;10;F28;;;
16046;1;10;S46;;;
16046;1;10;;;63;
16047;1;10;F28;;;
16047;1;10;F28;;;
16047;1;10;S46;;;
16047;1;10;;;92;
16048;1;10;F28;;;
16048;1;10;F28;;;
16048;1;10;S46;;;
16048;1;10;;;63;
16049;1;10;F28;;;
16049;1;10;F28;;;
16049;1;10;S46;;;
16049;1;10;;;63;
16050;1;10;F28;;;
16050;1;10;F28;;;
16050;1;10;S46;;;
16050;1;10;;;92;
16051;1;10;F28;;;
16051;1;10;F28;;;
16051;1;10;S46;;;
16051;1;10;;;63;
16052;1;10;F28;;;
16052;1;10;F28;;;
16052;1;10;S46;;;
16052;1;10;;;63;
16053;1;10;F28;;;
16053;1;10;F28;;;
16053;1;10;S46;;;
16053;1;10;;;63;
16054;1;10;F28;;;
16054;1;10;F28;;;
16054;1;10;S46;;;
16054;1;10;;;92;
16055;1;10;F28;;;
16055;1;10;F28;;;
16055;1;10;S46;;;
16055;1;10;;;63;
16056;1;10;F28;;;
16056;1;10;F28;;;
16056;1;10;S46;;;
16056;1;10;;;92;
16057;1;10;F28;;;
16057;1;10;F28;;;
16057;1;10;S46;;;
16057;1;10;;;63;
16058;1;10;F28;;;
16058;1;10;F28;;;
16058;1;10;S46;;;
16058;1;10;;;63;
16059;1;10;F28;;;
16059;1;10;F28;;;
16059;1;10;S46;;;
16059;1;10;;;92;
16060;1;10;F28;;;
16060;1;10;F28;;;
16060;1;10;S46;;;
16060;1;10;;;63;
16061;1;10;F28;;;
16061;1;10;F28;;;
16061;1;10;S46;;;
16061;1;10;;;63;
16062;1;10;F28;;;
16062;1;10;F28;;;
16062;1;10;S46;;;
16062;1;10;;;92;
16063;1;10;F28;;;
16063;1;10;F28;;;
16063;1;10;S46;;;
16063;1;10;;;63;
16064;1;10;F28;;;
16064;1;10;F28;;;
16064;1;10;S46;;;
16064;1;10;;;92;
16065;1;10;F28;;;
16065;1;10;F28;;;
16065;1;10;S46;;;
16065;1;10;;;63;
16066;1;10;F28;;;
16066;1;10;F28;;;
16066;1;10;S46;;;
16066;1;10;;;92;
16067;1;10;F28;;;
16067;1;10;F28;;;
16067;1;10;S46;;;
16067;1;10;;;63;
16068;1;10;F28;;;
16068;1;10;F28;;;
16068;1;10;S46;;;
16068;1;10;;;63;
16069;1;10;F28;;;
16069;1;10;F28;;;
16069;1;10;S46;;;
16069;1;10;;;63;
16070;1;10;F28;;;
16070;1;10;F28;;;
16070;1;10;S46;;;
16070;1;10;;;92;
16071;1;10;F28;;;
16071;1;10;F28;;;
16071;1;10;S46;;;
16071;1;10;;;63;
16072;1;10;F28;;;
16072;1;10;F28;;;
16072;1;10;S46;;;
16072;1;10;;;92;
16073;1;10;F28;;;
16073;1;10;F28;;;
16073;1;10;S46;;;
16073;1;10;;;63;
16074;1;10;F28;;;
16074;1;10;F28;;;
16074;1;10;S46;;;
16074;1;10;;;92;
16075;1;10;F28;;;
16075;1;10;F28;;;
16075;1;10;S46;;;
16075;1;10;;;63;
16076;1;10;F28;;;
16076;1;10;F28;;;
16076;1;10;S46;;;
16076;1;10;;;92;
16077;1;10;F28;;;
16077;1;10;F28;;;
16077;1;10;S46;;;
16077;1;10;;;63;
16078;1;10;F28;;;
16078;1;10;F28;;;
16078;1;10;S46;;;
16078;1;10;;;63;
16079;1;10;F28;;;
16079;1;10;F28;;;
16079;1;10;S46;;;
16079;1;10;;;92;
16080;1;10;F28;;;
16080;1;10;F28;;;
16080;1;10;S46;;;
16080;1;10;;;63;
16081;1;10;F28;;;
16081;1;10;F28;;;
16081;1;10;S46;;;
16081;1;10;;;63;
16082;1;10;F28;;;
16082;1;10;F28;;;
16082;1;10;S46;;;
16082;1;10;;;92;
16083;1;10;F28;;;
16083;1;10;F28;;;
16083;1;10;S46;;;
16083;1;10;;;63;
16084;1;10;F28;;;
16084;1;10;F28;;;
16084;1;10;S46;;;
16084;1;10;;;92;
16085;1;10;F28;;;
16085;1;10;F28;;;
16085;1;10;S46;;;
16085;1;10;;;63;
16086;1;10;F28;;;
16086;1;10;F28;;;
16086;1;10;S46;;;
16086;1;10;;;92;
16087;1;10;F28;;;
16087;1;10;F28;;;
16087;1;10;S46;;;
16087;1;10;;;63;
16088;1;10;F28;;;
16088;1;10;F28;;;
16088;1;10;S46;;;
16088;1;10;;;63;
16089;1;10;F28;;;
16089;1;10;F28;;;
16089;1;10;S46;;;
16089;1;10;;;92;
16090;1;10;F28;;;
16090;1;10;F28;;;
16090;1;10;S46;;;
16090;1;10;;;63;
16091;1;10;F28;;;
16091;1;10;F28;;;
16091;1;10;S46;;;
16091;1;10;;;63;
16092;1;11;F28;;;
16092;1;11;F28;;;
16092;1;11;S46;;;
16092;1;11;;;63;
16093;1;11;F28;;;
16093;1;11;F28;;;
16093;1;11;S46;;;
16093;1;11;;;63;
16094;1;10;F28;;;
16094;1;10;F28;;;
16094;1;10;S46;;;
16094;1;10;;;92;
16095;1;11;F28;;;
16095;1;11;F28;;;
16095;1;11;S46;;;
16095;1;11;;;92;
16096;1;9;F28;;;
16096;1;9;F28;;;
16096;1;9;S46;;;
16096;1;9;;;63;
16097;1;3;F28;;;
16097;1;3;F28;;;
16097;1;3;S46;;;
16097;1;3;;;63;
16098;1;11;F28;;;
16098;1;11;F28;;;
16098;1;11;S46;;;
16098;1;11;;;63;
16099;1;10;F28;;;
16099;1;10;F28;;;
16099;1;10;S46;;;
16099;1;10;;;63;
16100;1;11;F28;;;
16100;1;11;F28;;;
16100;1;11;S46;;;
16100;1;11;;;63;
16101;1;11;F28;;;
16101;1;11;F28;;;
16101;1;11;S46;;;
16101;1;11;;;63;
16102;1;9;F28;;;
16102;1;9;F28;;;
16102;1;9;S46;;;
16102;1;9;;;92;
16103;1;15;;;92;
16104;1;11;;;92;
16105;1;10;;;63;
16106;1;4;;;63;
16107;1;7;;;63;
16108;1;8;F28;;;
16108;1;8;F28;;;
16108;1;8;S46;;;
16108;1;8;;;63;
16109;1;8;F28;;;
16109;1;8;F28;;;
16109;1;8;S46;;;
16109;1;8;;;63;
16110;1;8;F28;;;
16110;1;8;F28;;;
16110;1;8;S46;;;
16110;8;11;F28;;;
16110;8;11;F28;;;
16110;8;11;S46;;;
16110;1;11;;;63;
16111;1;8;F28;;;
16111;1;8;F28;;;
16111;1;8;S46;;;
16111;8;11;F28;;;
16111;8;11;F28;;;
16111;8;11;S46;;;
16111;1;11;;;63;
16112;1;8;F28;;;
16112;1;8;F28;;;
16112;1;8;S46;;;
16112;8;11;F28;;;
16112;8;11;F28;;;
16112;8;11;S46;;;
16112;1;11;;;63;
16113;1;8;F28;;;
16113;1;8;F28;;;
16113;1;8;S46;;;
16113;8;11;F28;;;
16113;8;11;F28;;;
16113;8;11;S46;;;
16113;1;11;;;63;
16114;1;8;F28;;;
16114;1;8;F28;;;
16114;1;8;S46;;;
16114;1;8;;;63;
16115;1;8;F28;;;
16115;1;8;F28;;;
16115;1;8;S46;;;
16115;1;8;;;63;
16116;1;8;F28;;;
16116;1;8;F28;;;
16116;1;8;S46;;;
16116;1;8;;;63;
16117;1;7;F28;;;
16117;1;7;F28;;;
16117;1;7;S46;;;
16117;1;7;;;63;
16118;1;7;F28;;;
16118;1;7;F28;;;
16118;1;7;S46;;;
16118;1;7;;;63;
16119;1;8;F28;;;
16119;1;8;F28;;;
16119;1;8;S46;;;
16119;1;8;;;63;
16120;1;5;F28;;;
16120;1;5;F28;;;
16120;1;5;S46;;;
16120;1;5;;;63;
16121;1;8;F28;;;
16121;1;8;F28;;;
16121;1;8;S46;;;
16121;1;8;;;63;
16122;1;2;F28;;;
16122;1;2;F28;;;
16122;1;2;S46;;;
16122;1;2;;;63;
16123;1;8;F28;;;
16123;1;8;F28;;;
16123;1;8;S46;;;
16123;1;8;;;63;
16124;1;2;;;162;
16125;1;4;;;162;
16126;1;7;;;162;
16127;1;2;;;162;
16128;1;2;;;162;
16129;1;3;;;162;
16130;1;3;;;162;
16131;1;3;;;162;
16132;1;3;;;162;
16133;1;2;;;162;
16134;1;2;;;162;
16135;1;2;;;162;
16136;1;4;;;162;
16137;1;2;;;162;
16138;1;8;F28;;;
16138;1;8;F28;;;
16138;1;8;S46;;;
16138;1;8;;;63;
16139;1;2;;;162;
16140;1;8;F28;;;
16140;1;8;F28;;;
16140;1;8;S46;;;
16140;1;8;;;63;
16141;1;8;F28;;;
16141;1;8;F28;;;
16141;1;8;S46;;;
16141;1;8;;;63;
16142;1;7;F28;;;
16142;1;7;F28;;;
16142;1;7;S46;;;
16142;1;7;;;63;
16143;1;7;F28;;;
16143;1;7;F28;;;
16143;1;7;S46;;;
16143;1;7;;;63;
16144;1;3;F28;;;
16144;1;3;F28;;;
16144;1;3;S46;;;
16144;1;3;;;63;
16145;1;5;F28;;;
16145;1;5;F28;;;
16145;1;5;S46;;;
16145;1;5;;;92;
16146;1;2;F28;;;
16146;1;2;F28;;;
16146;1;2;S46;;;
16146;1;2;;;63;
16147;1;8;F28;;;
16147;1;8;F28;;;
16147;1;8;S46;;;
16147;1;8;;;63;
16148;1;3;;;162;
16149;1;6;;;162;
16150;1;2;;;162;
16151;1;3;;;162;
16152;1;7;;;162;
16153;1;7;;;162;
16154;1;2;;;162;
16155;1;2;;;162;
16156;1;2;;;162;
16157;1;4;;;162;
16158;1;6;;;162;
16159;1;2;;;162;
16160;1;2;;;162;
16161;1;2;;;162;
16162;1;3;;;162;
16163;1;2;;;162;
16164;1;2;;;162;
16165;1;8;F28;;;
16165;1;8;F28;;;
16165;1;8;S46;;;
16165;1;8;;;63;
16166;1;2;;;162;
16167;1;8;F28;;;
16167;1;8;F28;;;
16167;1;8;S46;;;
16167;1;8;;;63;
16168;1;8;F28;;;
16168;1;8;F28;;;
16168;1;8;S46;;;
16168;1;8;;;63;
16169;1;7;F28;;;
16169;1;7;F28;;;
16169;1;7;S46;;;
16169;1;7;;;63;
16170;1;7;F28;;;
16170;1;7;F28;;;
16170;1;7;S46;;;
16170;1;7;;;63;
16171;1;8;F28;;;
16171;1;8;F28;;;
16171;1;8;S46;;;
16171;1;8;;;63;
16172;1;5;F28;;;
16172;1;5;F28;;;
16172;1;5;S46;;;
16172;1;5;;;63;
16173;1;2;F28;;;
16173;1;2;F28;;;
16173;1;2;S46;;;
16173;1;2;;;63;
16174;1;8;F28;;;
16174;1;8;F28;;;
16174;1;8;S46;;;
16174;1;8;;;63;
16175;1;2;;;162;
16176;1;7;;;162;
16177;1;4;;;162;
16178;1;2;;;162;
16179;1;2;;;162;
16180;1;3;;;162;
16181;1;3;;;162;
16182;1;2;;;162;
16183;1;3;;;162;
16184;1;2;;;162;
16185;1;2;;;162;
16186;1;2;;;162;
16187;1;4;;;162;
16188;1;2;;;162;
16189;1;8;F28;;;
16189;1;8;F28;;;
16189;1;8;S46;;;
16189;1;8;;;63;
16190;1;2;;;162;
16191;1;2;;;162;
16192;1;8;F28;;;
16192;1;8;F28;;;
16192;1;8;S46;;;
16192;1;8;;;63;
16193;1;3;F28;;;
16193;1;3;F28;;;
16193;1;3;S46;;;
16193;1;3;;;63;
16194;1;8;F28;;;
16194;1;8;F28;;;
16194;1;8;S46;;;
16194;8;11;F28;;;
16194;8;11;F28;;;
16194;8;11;S46;;;
16194;1;11;;;63;
16195;1;8;F28;;;
16195;1;8;F28;;;
16195;1;8;S46;;;
16195;8;11;F28;;;
16195;8;11;F28;;;
16195;8;11;S46;;;
16195;1;11;;;63;
16196;1;8;F28;;;
16196;1;8;F28;;;
16196;1;8;S46;;;
16196;8;11;F28;;;
16196;8;11;F28;;;
16196;8;11;S46;;;
16196;1;11;;;63;
16197;1;8;F28;;;
16197;1;8;F28;;;
16197;1;8;S46;;;
16197;8;11;F28;;;
16197;8;11;F28;;;
16197;8;11;S46;;;
16197;1;11;;;63;
16198;1;7;F28;;;
16198;1;7;F28;;;
16198;1;7;S46;;;
16198;7;10;F28;;;
16198;7;10;F28;;;
16198;7;10;S46;;;
16198;1;10;;;63;
16199;1;7;F28;;;
16199;1;7;F28;;;
16199;1;7;S46;;;
16199;7;10;F28;;;
16199;7;10;F28;;;
16199;7;10;S46;;;
16199;1;10;;;63;
16200;1;8;F28;;;
16200;1;8;F28;;;
16200;1;8;S46;;;
16200;8;11;F28;;;
16200;8;11;F28;;;
16200;8;11;S46;;;
16200;1;11;;;63;
16201;1;8;F28;;;
16201;1;8;F28;;;
16201;1;8;S46;;;
16201;8;11;F28;;;
16201;8;11;F28;;;
16201;8;11;S46;;;
16201;11;16;F28;;;
16201;11;16;F28;;;
16201;11;16;S46;;;
16201;1;16;;;63;
16202;1;5;F28;;;
16202;1;5;F28;;;
16202;1;5;S46;;;
16202;5;8;F28;;;
16202;5;8;F28;;;
16202;5;8;S46;;;
16202;8;13;F28;;;
16202;8;13;F28;;;
16202;8;13;S46;;;
16202;1;13;;;92;
16203;1;2;F28;;;
16203;1;2;F28;;;
16203;1;2;S46;;;
16203;1;2;;;63;
16204;1;8;F28;;;
16204;1;8;F28;;;
16204;1;8;S46;;;
16204;1;8;;;63;
16205;1;3;F28;;;
16205;1;3;F28;;;
16205;1;3;S46;;;
16205;1;3;;;63;
16206;1;6;F28;;;
16206;1;6;F28;;;
16206;1;6;S46;;;
16206;1;6;;;63;
16207;1;4;F28;;;
16207;1;4;F28;;;
16207;1;4;S46;;;
16207;1;4;;;92;
16208;1;3;;;162;
16209;1;6;;;162;
16210;1;3;;;162;
16211;1;7;;;162;
16212;1;7;;;162;
16213;1;3;;;162;
16214;1;2;;;162;
16215;1;2;;;162;
16216;1;2;;;162;
16217;1;4;;;162;
16218;1;6;;;162;
16219;1;2;;;162;
16220;1;2;;;162;
16221;1;2;;;162;
16222;1;3;;;162;
16223;1;2;;;162;
16224;1;2;;;162;
16225;1;8;F28;;;
16225;1;8;F28;;;
16225;1;8;S46;;;
16225;8;11;F28;;;
16225;8;11;F28;;;
16225;8;11;S46;;;
16225;1;11;;;63;
16226;1;8;F28;;;
16226;1;8;F28;;;
16226;1;8;S46;;;
16226;8;11;F28;;;
16226;8;11;F28;;;
16226;8;11;S46;;;
16226;1;11;;;63;
16227;1;8;F28;;;
16227;1;8;F28;;;
16227;1;8;S46;;;
16227;8;15;F28;;;
16227;8;15;F28;;;
16227;8;15;S46;;;
16227;1;15;;;63;
16228;1;2;;;162;
16229;1;8;F28;;;
16229;1;8;F28;;;
16229;1;8;S46;;;
16229;1;8;;;63;
16230;1;8;F28;;;
16230;1;8;F28;;;
16230;1;8;S46;;;
16230;1;8;;;63;
16231;1;7;F28;;;
16231;1;7;F28;;;
16231;1;7;S46;;;
16231;1;7;;;63;
16232;1;7;F28;;;
16232;1;7;F28;;;
16232;1;7;S46;;;
16232;1;7;;;63;
16233;1;5;F28;;;
16233;1;5;F28;;;
16233;1;5;S46;;;
16233;1;5;;;63;
16234;1;2;F28;;;
16234;1;2;F28;;;
16234;1;2;S46;;;
16234;1;2;;;63;
16235;1;8;F28;;;
16235;1;8;F28;;;
16235;1;8;S46;;;
16235;1;8;;;63;
16236;1;2;;;162;
16237;1;7;;;162;
16238;1;4;;;162;
16239;1;2;;;162;
16240;1;2;;;162;
16241;1;3;;;162;
16242;1;3;;;162;
16243;1;2;;;162;
16244;1;3;;;162;
16245;1;2;;;162;
16246;1;2;;;162;
16247;1;2;;;162;
16248;1;4;;;162;
16249;1;2;;;162;
16250;1;8;F28;;;
16250;1;8;F28;;;
16250;1;8;S46;;;
16250;1;8;;;63;
16251;1;2;;;162;
16252;1;2;;;162;
16253;1;8;F28;;;
16253;1;8;F28;;;
16253;1;8;S46;;;
16253;1;8;;;63;
16254;1;7;F28;;;
16254;1;7;F28;;;
16254;1;7;S46;;;
16254;1;7;;;63;
16255;1;7;F28;;;
16255;1;7;F28;;;
16255;1;7;S46;;;
16255;1;7;;;63;
16256;1;3;F28;;;
16256;1;3;F28;;;
16256;1;3;S46;;;
16256;1;3;;;63;
16257;1;8;F28;;;
16257;1;8;F28;;;
16257;1;8;S46;;;
16257;1;8;;;63;
16258;1;5;F28;;;
16258;1;5;F28;;;
16258;1;5;S46;;;
16258;1;5;;;92;
16259;1;2;F28;;;
16259;1;2;F28;;;
16259;1;2;S46;;;
16259;1;2;;;63;
16260;1;8;F28;;;
16260;1;8;F28;;;
16260;1;8;S46;;;
16260;1;8;;;63;
16261;1;3;;;162;
16262;1;6;;;162;
16263;1;2;;;162;
16264;1;3;;;162;
16265;1;7;;;162;
16266;1;7;;;162;
16267;1;2;;;162;
16268;1;2;;;162;
16269;1;2;;;162;
16270;1;4;;;162;
16271;1;6;;;162;
16272;1;2;;;162;
16273;1;2;;;162;
16274;1;2;;;162;
16275;1;3;;;162;
16276;1;2;;;162;
16277;1;8;F28;;;
16277;1;8;F28;;;
16277;1;8;S46;;;
16277;1;8;;;63;
16278;1;2;;;162;
16279;1;8;F28;;;
16279;1;8;F28;;;
16279;1;8;S46;;;
16279;1;8;;;63;
16280;1;8;F28;;;
16280;1;8;F28;;;
16280;1;8;S46;;;
16280;1;8;;;63;
16281;1;8;F28;;;
16281;1;8;F28;;;
16281;1;8;S46;;;
16281;1;8;;;63;
16282;1;8;F28;;;
16282;1;8;F28;;;
16282;1;8;S46;;;
16282;1;8;;;63;
16283;1;8;F28;;;
16283;1;8;F28;;;
16283;1;8;S46;;;
16283;1;8;;;63;
16284;1;7;F28;;;
16284;1;7;F28;;;
16284;1;7;S46;;;
16284;1;7;;;63;
16285;1;8;F28;;;
16285;1;8;F28;;;
16285;1;8;S46;;;
16285;1;8;;;63;
16286;1;7;F28;;;
16286;1;7;F28;;;
16286;1;7;S46;;;
16286;1;7;;;63;
16287;1;3;F28;;;
16287;1;3;F28;;;
16287;1;3;S46;;;
16287;1;3;;;63;
16288;1;3;F28;;;
16288;1;3;F28;;;
16288;1;3;S46;;;
16288;1;3;;;63;
16289;1;5;F28;;;
16289;1;5;F28;;;
16289;1;5;S46;;;
16289;1;5;;;63;
16290;1;2;F28;;;
16290;1;2;F28;;;
16290;1;2;S46;;;
16290;1;2;;;63;
16291;1;8;F28;;;
16291;1;8;F28;;;
16291;1;8;S46;;;
16291;1;8;;;63;
16292;1;6;F28;;;
16292;1;6;F28;;;
16292;1;6;S46;;;
16292;1;6;;;63;
16293;1;6;F28;;;
16293;1;6;F28;;;
16293;1;6;S46;;;
16293;1;6;;;63;
16294;1;2;;;162;
16295;1;7;;;162;
16296;1;4;;;162;
16297;1;2;;;162;
16298;1;2;;;162;
16299;1;3;;;162;
16300;1;3;;;162;
16301;1;2;;;162;
16302;1;3;;;162;
16303;1;2;;;162;
16304;1;2;;;162;
16305;1;4;;;162;
16306;1;6;;;162;
16307;1;3;;;162;
16308;1;2;;;162;
16309;1;4;;;162;
16310;1;2;;;162;
16311;1;8;F28;;;
16311;1;8;F28;;;
16311;1;8;S46;;;
16311;1;8;;;63;
16312;1;2;;;162;
16313;1;2;;;162;
16314;1;8;F28;;;
16314;1;8;F28;;;
16314;1;8;S46;;;
16314;1;8;;;63;
16315;1;3;F28;;;
16315;1;3;F28;;;
16315;1;3;S46;;;
16315;1;3;;;63;
16316;1;8;F28;;;
16316;1;8;F28;;;
16316;1;8;S46;;;
16316;8;11;F28;;;
16316;8;11;F28;;;
16316;8;11;S46;;;
16316;1;11;;;63;
16317;1;8;F28;;;
16317;1;8;F28;;;
16317;1;8;S46;;;
16317;8;11;F28;;;
16317;8;11;F28;;;
16317;8;11;S46;;;
16317;11;16;F28;;;
16317;11;16;F28;;;
16317;11;16;S46;;;
16317;1;16;;;63;
16318;1;8;F28;;;
16318;1;8;F28;;;
16318;1;8;S46;;;
16318;8;11;F28;;;
16318;8;11;F28;;;
16318;8;11;S46;;;
16318;1;11;;;63;
16319;1;8;F28;;;
16319;1;8;F28;;;
16319;1;8;S46;;;
16319;8;11;F28;;;
16319;8;11;F28;;;
16319;8;11;S46;;;
16319;11;16;F28;;;
16319;11;16;F28;;;
16319;11;16;S46;;;
16319;1;16;;;63;
16320;1;8;F28;;;
16320;1;8;F28;;;
16320;1;8;S46;;;
16320;8;11;F28;;;
16320;8;11;F28;;;
16320;8;11;S46;;;
16320;1;11;;;63;
16321;1;8;F28;;;
16321;1;8;F28;;;
16321;1;8;S46;;;
16321;8;11;F28;;;
16321;8;11;F28;;;
16321;8;11;S46;;;
16321;1;11;;;63;
16322;1;8;F28;;;
16322;1;8;F28;;;
16322;1;8;S46;;;
16322;8;11;F28;;;
16322;8;11;F28;;;
16322;8;11;S46;;;
16322;11;16;F28;;;
16322;11;16;F28;;;
16322;11;16;S46;;;
16322;1;16;;;63;
16323;1;8;F28;;;
16323;1;8;F28;;;
16323;1;8;S46;;;
16323;8;11;F28;;;
16323;8;11;F28;;;
16323;8;11;S46;;;
16323;11;16;F28;;;
16323;11;16;F28;;;
16323;11;16;S46;;;
16323;1;16;;;63;
16324;1;8;F28;;;
16324;1;8;F28;;;
16324;1;8;S46;;;
16324;8;11;F28;;;
16324;8;11;F28;;;
16324;8;11;S46;;;
16324;11;16;F28;;;
16324;11;16;F28;;;
16324;11;16;S46;;;
16324;1;16;;;63;
16325;1;8;F28;;;
16325;1;8;F28;;;
16325;1;8;S46;;;
16325;8;11;F28;;;
16325;8;11;F28;;;
16325;8;11;S46;;;
16325;1;11;;;63;
16326;1;8;F28;;;
16326;1;8;F28;;;
16326;1;8;S46;;;
16326;8;11;F28;;;
16326;8;11;F28;;;
16326;8;11;S46;;;
16326;1;11;;;63;
16327;1;7;F28;;;
16327;1;7;F28;;;
16327;1;7;S46;;;
16327;7;15;F28;;;
16327;7;15;F28;;;
16327;7;15;S46;;;
16327;1;15;;;63;
16328;1;8;F28;;;
16328;1;8;F28;;;
16328;1;8;S46;;;
16328;8;16;F28;;;
16328;8;16;F28;;;
16328;8;16;S46;;;
16328;1;16;;;63;
16329;1;8;F28;;;
16329;1;8;F28;;;
16329;1;8;S46;;;
16329;1;11;;;63;
16330;1;7;F28;;;
16330;1;7;F28;;;
16330;1;7;S46;;;
16330;7;15;F28;;;
16330;7;15;F28;;;
16330;7;15;S46;;;
16330;1;15;;;63;
16331;1;8;F28;;;
16331;1;8;F28;;;
16331;1;8;S46;;;
16331;8;11;F28;;;
16331;8;11;F28;;;
16331;8;11;S46;;;
16331;11;16;F28;;;
16331;11;16;F28;;;
16331;11;16;S46;;;
16331;1;16;;;63;
16332;1;8;F28;;;
16332;1;8;F28;;;
16332;1;8;S46;;;
16332;8;11;F28;;;
16332;8;11;F28;;;
16332;8;11;S46;;;
16332;1;11;;;63;
16333;1;8;F28;;;
16333;1;8;F28;;;
16333;1;8;S46;;;
16333;8;11;F28;;;
16333;8;11;F28;;;
16333;8;11;S46;;;
16333;11;16;F28;;;
16333;11;16;F28;;;
16333;11;16;S46;;;
16333;1;16;;;63;
16334;1;8;F28;;;
16334;1;8;F28;;;
16334;1;8;S46;;;
16334;8;11;F28;;;
16334;8;11;F28;;;
16334;8;11;S46;;;
16334;1;11;;;63;
16335;1;5;F28;;;
16335;1;5;F28;;;
16335;1;5;S46;;;
16335;5;8;F28;;;
16335;5;8;F28;;;
16335;5;8;S46;;;
16335;1;8;;;92;
16336;1;2;F28;;;
16336;1;2;F28;;;
16336;1;2;S46;;;
16336;1;2;;;63;
16337;1;8;F28;;;
16337;1;8;F28;;;
16337;1;8;S46;;;
16337;1;8;;;63;
16338;1;3;F28;;;
16338;1;3;F28;;;
16338;1;3;S46;;;
16338;1;3;;;63;
16339;1;6;F28;;;
16339;1;6;F28;;;
16339;1;6;S46;;;
16339;1;6;;;63;
16340;1;4;F28;;;
16340;1;4;F28;;;
16340;1;4;S46;;;
16340;1;4;;;92;
16341;1;8;F28;;;
16341;1;8;F28;;;
16341;1;8;S46;;;
16341;8;11;F28;;;
16341;8;11;F28;;;
16341;8;11;S46;;;
16341;1;11;;;63;
16342;1;2;;;162;
16343;1;3;;;162;
16344;1;6;;;162;
16345;1;7;;;162;
16346;1;3;;;162;
16347;1;7;;;162;
16348;1;7;;;162;
16349;1;2;;;162;
16350;1;2;;;162;
16351;1;2;;;162;
16352;1;4;;;162;
16353;1;6;;;162;
16354;1;2;;;162;
16355;1;2;;;162;
16356;1;2;;;162;
16357;1;3;;;162;
16358;1;2;;;162;
16359;1;2;;;162;
16360;1;8;F28;;;
16360;1;8;F28;;;
16360;1;8;S46;;;
16360;8;15;F28;;;
16360;8;15;F28;;;
16360;8;15;S46;;;
16360;1;15;;;63;
16361;1;8;F28;;;
16361;1;8;F28;;;
16361;1;8;S46;;;
16361;8;15;F28;;;
16361;8;15;F28;;;
16361;8;15;S46;;;
16361;1;15;;;63;
16362;1;8;F28;;;
16362;1;8;F28;;;
16362;1;8;S46;;;
16362;8;11;F28;;;
16362;8;11;F28;;;
16362;8;11;S46;;;
16362;1;11;;;63;
16363;1;8;F28;;;
16363;1;8;F28;;;
16363;1;8;S46;;;
16363;8;11;F28;;;
16363;8;11;F28;;;
16363;8;11;S46;;;
16363;1;11;;;63;
16364;1;2;;;162;
16365;1;8;F28;;;
16365;1;8;F28;;;
16365;1;8;S46;;;
16365;1;8;;;63;
16366;1;7;F28;;;
16366;1;7;F28;;;
16366;1;7;S46;;;
16366;1;7;;;63;
16367;1;7;F28;;;
16367;1;7;F28;;;
16367;1;7;S46;;;
16367;1;7;;;63;
16368;1;3;F28;;;
16368;1;3;F28;;;
16368;1;3;S46;;;
16368;1;3;;;63;
16369;1;5;F28;;;
16369;1;5;F28;;;
16369;1;5;S46;;;
16369;1;5;;;63;
16370;1;2;F28;;;
16370;1;2;F28;;;
16370;1;2;S46;;;
16370;1;2;;;63;
16371;1;8;F28;;;
16371;1;8;F28;;;
16371;1;8;S46;;;
16371;1;8;;;63;
16372;1;2;;;162;
16373;1;4;;;162;
16374;1;7;;;162;
16375;1;2;;;162;
16376;1;2;;;162;
16377;1;3;;;162;
16378;1;3;;;162;
16379;1;2;;;162;
16380;1;3;;;162;
16381;1;2;;;162;
16382;1;2;;;162;
16383;1;4;;;162;
16384;1;6;;;162;
16385;1;3;;;162;
16386;1;2;;;162;
16387;1;2;;;162;
16388;1;4;;;162;
16389;1;8;F28;;;
16389;1;8;F28;;;
16389;1;8;S46;;;
16389;1;8;;;63;
16390;1;2;;;162;
16391;1;2;;;162;
16392;1;8;F28;;;
16392;1;8;F28;;;
16392;1;8;S46;;;
16392;1;8;;;63;
16393;1;7;F28;;;
16393;1;7;F28;;;
16393;1;7;S46;;;
16393;1;7;;;63;
16394;1;8;F28;;;
16394;1;8;F28;;;
16394;1;8;S46;;;
16394;1;8;;;63;
16395;1;7;F28;;;
16395;1;7;F28;;;
16395;1;7;S46;;;
16395;1;7;;;63;
16396;1;3;F28;;;
16396;1;3;F28;;;
16396;1;3;S46;;;
16396;1;3;;;63;
16397;1;5;F28;;;
16397;1;5;F28;;;
16397;1;5;S46;;;
16397;1;5;;;92;
16398;1;2;F28;;;
16398;1;2;F28;;;
16398;1;2;S46;;;
16398;1;2;;;63;
16399;1;8;F28;;;
16399;1;8;F28;;;
16399;1;8;S46;;;
16399;1;8;;;63;
16400;1;3;;;162;
16401;1;6;;;162;
16402;1;2;;;162;
16403;1;3;;;162;
16404;1;7;;;162;
16405;1;7;;;162;
16406;1;2;;;162;
16407;1;2;;;162;
16408;1;2;;;162;
16409;1;4;;;162;
16410;1;6;;;162;
16411;1;2;;;162;
16412;1;2;;;162;
16413;1;2;;;162;
16414;1;3;;;162;
16415;1;2;;;162;
16416;1;2;;;162;
16417;1;8;F28;;;
16417;1;8;F28;;;
16417;1;8;S46;;;
16417;1;8;;;63;
16418;1;2;;;162;
16419;1;8;F28;;;
16419;1;8;F28;;;
16419;1;8;S46;;;
16419;1;8;;;63;
16420;1;8;F28;;;
16420;1;8;F28;;;
16420;1;8;S46;;;
16420;1;8;;;63;
16421;1;3;F28;;;
16421;1;3;F28;;;
16421;1;3;S46;;;
16421;1;3;;;63;
16422;1;8;F28;;;
16422;1;8;F28;;;
16422;1;8;S46;;;
16422;1;8;;;63;
16423;1;2;F28;;;
16423;1;2;F28;;;
16423;1;2;S46;;;
16423;1;2;;;63;
16424;1;8;F28;;;
16424;1;8;F28;;;
16424;1;8;S46;;;
16424;1;8;;;63;
16425;1;8;F28;;;
16425;1;8;F28;;;
16425;1;8;S46;;;
16425;1;8;;;63;
16426;1;3;F28;;;
16426;1;3;F28;;;
16426;1;3;S46;;;
16426;1;3;;;63;
16427;1;6;F28;;;
16427;1;6;F28;;;
16427;1;6;S46;;;
16427;1;6;;;63;
16428;1;4;F28;;;
16428;1;4;F28;;;
16428;1;4;S46;;;
16428;1;4;;;63;
16429;1;2;;;162;
16430;1;4;;;162;
16431;1;7;;;162;
16432;1;2;;;162;
16433;1;2;;;162;
16434;1;3;;;162;
16435;1;3;;;162;
16436;1;2;;;162;
16437;1;7;;;162;
16438;1;4;;;162;
16439;1;2;;;162;
16440;1;2;;;162;
16441;1;3;;;162;
16442;1;3;;;162;
16443;1;2;;;162;
16444;1;2;;;162;
16445;1;4;;;162;
16446;1;6;;;162;
16447;1;3;;;162;
16448;1;2;;;162;
16449;1;4;;;162;
16450;1;2;;;162;
16451;1;2;;;162;
16452;1;2;;;162;
16453;1;2;;;162;
16454;1;2;;;162;
16455;1;8;F28;;;
16455;1;8;F28;;;
16455;1;8;S46;;;
16455;1;8;;;63;
16456;1;3;F28;;;
16456;1;3;F28;;;
16456;1;3;S46;;;
16456;1;3;;;63;
16457;1;8;F28;;;
16457;1;8;F28;;;
16457;1;8;S46;;;
16457;8;11;F28;;;
16457;8;11;F28;;;
16457;8;11;S46;;;
16457;1;11;;;63;
16458;1;8;F28;;;
16458;1;8;F28;;;
16458;1;8;S46;;;
16458;8;11;F28;;;
16458;8;11;F28;;;
16458;8;11;S46;;;
16458;1;11;;;63;
16459;1;7;F28;;;
16459;1;7;F28;;;
16459;1;7;S46;;;
16459;7;10;F28;;;
16459;7;10;F28;;;
16459;7;10;S46;;;
16459;1;10;;;63;
16460;1;7;F28;;;
16460;1;7;F28;;;
16460;1;7;S46;;;
16460;7;10;F28;;;
16460;7;10;F28;;;
16460;7;10;S46;;;
16460;1;10;;;63;
16461;1;8;F28;;;
16461;1;8;F28;;;
16461;1;8;S46;;;
16461;8;11;F28;;;
16461;8;11;F28;;;
16461;8;11;S46;;;
16461;1;11;;;63;
16462;1;5;F28;;;
16462;1;5;F28;;;
16462;1;5;S46;;;
16462;5;8;F28;;;
16462;5;8;F28;;;
16462;5;8;S46;;;
16462;1;8;;;92;
16463;1;2;F28;;;
16463;1;2;F28;;;
16463;1;2;S46;;;
16463;1;2;;;63;
16464;1;8;F28;;;
16464;1;8;F28;;;
16464;1;8;S46;;;
16464;1;8;;;63;
16465;1;3;F28;;;
16465;1;3;F28;;;
16465;1;3;S46;;;
16465;1;3;;;63;
16466;1;6;F28;;;
16466;1;6;F28;;;
16466;1;6;S46;;;
16466;1;6;;;63;
16467;1;4;F28;;;
16467;1;4;F28;;;
16467;1;4;S46;;;
16467;1;4;;;92;
16468;1;8;F28;;;
16468;1;8;F28;;;
16468;1;8;S46;;;
16468;8;11;F28;;;
16468;8;11;F28;;;
16468;8;11;S46;;;
16468;1;11;;;63;
16469;1;3;;;162;
16470;1;6;;;162;
16471;1;3;;;162;
16472;1;7;;;162;
16473;1;7;;;162;
16474;1;2;;;162;
16475;1;2;;;162;
16476;1;2;;;162;
16477;1;4;;;162;
16478;1;6;;;162;
16479;1;2;;;162;
16480;1;2;;;162;
16481;1;2;;;162;
16482;1;3;;;162;
16483;1;2;;;162;
16484;1;2;;;162;
16485;1;8;F28;;;
16485;1;8;F28;;;
16485;1;8;S46;;;
16485;8;11;F28;;;
16485;8;11;F28;;;
16485;8;11;S46;;;
16485;1;11;;;63;
16486;1;8;F28;;;
16486;1;8;F28;;;
16486;1;8;S46;;;
16486;8;11;F28;;;
16486;8;11;F28;;;
16486;8;11;S46;;;
16486;1;11;;;63;
16487;1;2;;;162;
16488;1;2;;;162;
16489;1;8;F28;;;
16489;1;8;F28;;;
16489;1;8;S46;;;
16489;1;8;;;63;
16490;1;8;F28;;;
16490;1;8;F28;;;
16490;1;8;S46;;;
16490;1;8;;;63;
16491;1;7;F28;;;
16491;1;7;F28;;;
16491;1;7;S46;;;
16491;1;7;;;63;
16492;1;7;F28;;;
16492;1;7;F28;;;
16492;1;7;S46;;;
16492;1;7;;;63;
16493;1;3;F28;;;
16493;1;3;F28;;;
16493;1;3;S46;;;
16493;1;3;;;63;
16494;1;5;F28;;;
16494;1;5;F28;;;
16494;1;5;S46;;;
16494;1;5;;;63;
16495;1;2;F28;;;
16495;1;2;F28;;;
16495;1;2;S46;;;
16495;1;2;;;63;
16496;1;8;F28;;;
16496;1;8;F28;;;
16496;1;8;S46;;;
16496;1;8;;;63;
16497;1;2;;;162;
16498;1;7;;;162;
16499;1;4;;;162;
16500;1;2;;;162;
16501;1;2;;;162;
16502;1;3;;;162;
16503;1;3;;;162;
16504;1;2;;;162;
16505;1;3;;;162;
16506;1;2;;;162;
16507;1;2;;;162;
16508;1;4;;;162;
16509;1;6;;;162;
16510;1;3;;;162;
16511;1;2;;;162;
16512;1;2;;;162;
16513;1;4;;;162;
16514;1;8;F28;;;
16514;1;8;F28;;;
16514;1;8;S46;;;
16514;1;8;;;63;
16515;1;8;F28;;;
16515;1;8;F28;;;
16515;1;8;S46;;;
16515;1;8;;;63;
16516;1;2;;;162;
16517;1;2;;;162;
16518;1;8;F28;;;
16518;1;8;F28;;;
16518;1;8;S46;;;
16518;1;8;;;63;
16519;1;8;F28;;;
16519;1;8;F28;;;
16519;1;8;S46;;;
16519;1;8;;;63;
16520;1;7;F28;;;
16520;1;7;F28;;;
16520;1;7;S46;;;
16520;1;7;;;63;
16521;1;7;F28;;;
16521;1;7;F28;;;
16521;1;7;S46;;;
16521;1;7;;;63;
16522;1;3;F28;;;
16522;1;3;F28;;;
16522;1;3;S46;;;
16522;1;3;;;63;
16523;1;2;F28;;;
16523;1;2;F28;;;
16523;1;2;S46;;;
16523;1;2;;;63;
16524;1;8;F28;;;
16524;1;8;F28;;;
16524;1;8;S46;;;
16524;1;8;;;63;
16525;1;3;;;162;
16526;1;6;;;162;
16527;1;2;;;162;
16528;1;3;;;162;
16529;1;7;;;162;
16530;1;7;;;162;
16531;1;3;;;162;
16532;1;2;;;162;
16533;1;2;;;162;
16534;1;2;;;162;
16535;1;4;;;162;
16536;1;6;;;162;
16537;1;8;F28;;;
16537;1;8;F28;;;
16537;1;8;S46;;;
16537;1;8;;;63;
16538;1;8;F28;;;
16538;1;8;F28;;;
16538;1;8;S46;;;
16538;1;8;;;63;
16539;1;2;;;162;
16540;1;8;F28;;;
16540;1;8;F28;;;
16540;1;8;S46;;;
16540;1;8;;;63;
16541;1;3;F28;;;
16541;1;3;F28;;;
16541;1;3;S46;;;
16541;1;3;;;63;
16542;1;3;F28;;;
16542;1;3;F28;;;
16542;1;3;S46;;;
16542;1;3;;;63;
16543;1;2;F28;;;
16543;1;2;F28;;;
16543;1;2;S46;;;
16543;1;2;;;63;
16544;1;8;F28;;;
16544;1;8;F28;;;
16544;1;8;S46;;;
16544;1;8;;;63;
16545;1;3;F28;;;
16545;1;3;F28;;;
16545;1;3;S46;;;
16545;1;3;;;63;
16546;1;6;F28;;;
16546;1;6;F28;;;
16546;1;6;S46;;;
16546;1;6;;;63;
16547;1;2;;;162;
16548;1;7;;;162;
16549;1;4;;;162;
16550;1;2;;;162;
16551;1;2;;;162;
16552;1;3;;;162;
16553;1;3;;;162;
16554;1;2;;;162;
16555;1;3;;;162;
16556;1;2;;;162;
16557;1;2;;;162;
16558;1;4;;;162;
16559;1;6;;;162;
16560;1;3;;;162;
16561;1;2;;;162;
16562;1;2;;;162;
16563;1;2;;;162;
16564;1;8;F28;;;
16564;1;8;F28;;;
16564;1;8;S46;;;
16564;1;8;;;63;
16565;1;8;F28;;;
16565;1;8;F28;;;
16565;1;8;S46;;;
16565;1;8;;;63;
16566;1;8;F28;;;
16566;1;8;F28;;;
16566;1;8;S46;;;
16566;8;11;F28;;;
16566;8;11;F28;;;
16566;8;11;S46;;;
16566;1;11;;;63;
16567;1;8;F28;;;
16567;1;8;F28;;;
16567;1;8;S46;;;
16567;8;11;F28;;;
16567;8;11;F28;;;
16567;8;11;S46;;;
16567;11;16;F28;;;
16567;11;16;F28;;;
16567;11;16;S46;;;
16567;1;16;;;63;
16568;1;8;F28;;;
16568;1;8;F28;;;
16568;1;8;S46;;;
16568;8;11;F28;;;
16568;8;11;F28;;;
16568;8;11;S46;;;
16568;1;11;;;63;
16569;1;8;F28;;;
16569;1;8;F28;;;
16569;1;8;S46;;;
16569;8;11;F28;;;
16569;8;11;F28;;;
16569;8;11;S46;;;
16569;11;16;F28;;;
16569;11;16;F28;;;
16569;11;16;S46;;;
16569;1;16;;;63;
16570;1;8;F28;;;
16570;1;8;F28;;;
16570;1;8;S46;;;
16570;8;11;F28;;;
16570;8;11;F28;;;
16570;8;11;S46;;;
16570;1;11;;;63;
16571;1;8;F28;;;
16571;1;8;F28;;;
16571;1;8;S46;;;
16571;8;11;F28;;;
16571;8;11;F28;;;
16571;8;11;S46;;;
16571;1;11;;;63;
16572;1;8;F28;;;
16572;1;8;F28;;;
16572;1;8;S46;;;
16572;8;11;F28;;;
16572;8;11;F28;;;
16572;8;11;S46;;;
16572;11;16;F28;;;
16572;11;16;F28;;;
16572;11;16;S46;;;
16572;1;16;;;63;
16573;1;8;F28;;;
16573;1;8;F28;;;
16573;1;8;S46;;;
16573;8;11;F28;;;
16573;8;11;F28;;;
16573;8;11;S46;;;
16573;1;11;;;63;
16574;1;7;F28;;;
16574;1;7;F28;;;
16574;1;7;S46;;;
16574;7;10;F28;;;
16574;7;10;F28;;;
16574;7;10;S46;;;
16574;1;10;;;63;
16575;1;8;F28;;;
16575;1;8;F28;;;
16575;1;8;S46;;;
16575;8;11;F28;;;
16575;8;11;F28;;;
16575;8;11;S46;;;
16575;1;11;;;63;
16576;1;8;F28;;;
16576;1;8;F28;;;
16576;1;8;S46;;;
16576;8;11;F28;;;
16576;8;11;F28;;;
16576;8;11;S46;;;
16576;1;11;;;63;
16577;1;8;F28;;;
16577;1;8;F28;;;
16577;1;8;S46;;;
16577;1;11;;;63;
16578;1;7;F28;;;
16578;1;7;F28;;;
16578;1;7;S46;;;
16578;7;10;F28;;;
16578;7;10;F28;;;
16578;7;10;S46;;;
16578;1;10;;;63;
16579;1;8;F28;;;
16579;1;8;F28;;;
16579;1;8;S46;;;
16579;8;11;F28;;;
16579;8;11;F28;;;
16579;8;11;S46;;;
16579;11;16;F28;;;
16579;11;16;F28;;;
16579;11;16;S46;;;
16579;1;16;;;63;
16580;1;8;F28;;;
16580;1;8;F28;;;
16580;1;8;S46;;;
16580;8;11;F28;;;
16580;8;11;F28;;;
16580;8;11;S46;;;
16580;1;11;;;63;
16581;1;8;F28;;;
16581;1;8;F28;;;
16581;1;8;S46;;;
16581;8;11;F28;;;
16581;8;11;F28;;;
16581;8;11;S46;;;
16581;11;16;F28;;;
16581;11;16;F28;;;
16581;11;16;S46;;;
16581;1;16;;;63;
16582;1;4;F28;;;
16582;1;4;F28;;;
16582;1;4;S46;;;
16582;4;8;F28;;;
16582;4;8;F28;;;
16582;4;8;S46;;;
16582;8;11;F28;;;
16582;8;11;F28;;;
16582;8;11;S46;;;
16582;1;11;;;63;
16583;1;8;F28;;;
16583;1;8;F28;;;
16583;1;8;S46;;;
16583;8;11;F28;;;
16583;8;11;F28;;;
16583;8;11;S46;;;
16583;11;16;F28;;;
16583;11;16;F28;;;
16583;11;16;S46;;;
16583;1;16;;;63;
16584;1;8;F28;;;
16584;1;8;F28;;;
16584;1;8;S46;;;
16584;8;11;F28;;;
16584;8;11;F28;;;
16584;8;11;S46;;;
16584;11;16;F28;;;
16584;11;16;F28;;;
16584;11;16;S46;;;
16584;1;16;;;63;
16585;1;8;F28;;;
16585;1;8;F28;;;
16585;1;8;S46;;;
16585;8;11;F28;;;
16585;8;11;F28;;;
16585;8;11;S46;;;
16585;1;11;;;63;
16586;1;2;F28;;;
16586;1;2;F28;;;
16586;1;2;S46;;;
16586;1;2;;;63;
16587;1;8;F28;;;
16587;1;8;F28;;;
16587;1;8;S46;;;
16587;1;8;;;63;
16588;1;3;F28;;;
16588;1;3;F28;;;
16588;1;3;S46;;;
16588;1;3;;;63;
16589;1;2;;;162;
16590;1;3;;;162;
16591;1;6;;;162;
16592;1;3;;;162;
16593;1;7;;;162;
16594;1;7;;;162;
16595;1;2;;;162;
16596;1;2;;;162;
16597;1;8;F28;;;
16597;1;8;F28;;;
16597;1;8;S46;;;
16597;8;15;F28;;;
16597;8;15;F28;;;
16597;8;15;S46;;;
16597;1;15;;;63;
16598;1;8;F28;;;
16598;1;8;F28;;;
16598;1;8;S46;;;
16598;8;11;F28;;;
16598;8;11;F28;;;
16598;8;11;S46;;;
16598;1;11;;;63;
16599;1;8;F28;;;
16599;1;8;F28;;;
16599;1;8;S46;;;
16599;8;11;F28;;;
16599;8;11;F28;;;
16599;8;11;S46;;;
16599;1;11;;;63;
16600;1;2;;;162;
16601;1;8;F28;;;
16601;1;8;F28;;;
16601;1;8;S46;;;
16601;1;8;;;63;
16602;1;8;F28;;;
16602;1;8;F28;;;
16602;1;8;S46;;;
16602;1;8;;;63;
16603;1;8;F28;;;
16603;1;8;F28;;;
16603;1;8;S46;;;
16603;1;8;;;63;
16604;1;7;F28;;;
16604;1;7;F28;;;
16604;1;7;S46;;;
16604;1;7;;;63;
16605;1;7;F28;;;
16605;1;7;F28;;;
16605;1;7;S46;;;
16605;1;7;;;63;
16606;1;3;F28;;;
16606;1;3;F28;;;
16606;1;3;S46;;;
16606;1;3;;;63;
16607;1;3;F28;;;
16607;1;3;F28;;;
16607;1;3;S46;;;
16607;1;3;;;63;
16608;1;2;F28;;;
16608;1;2;F28;;;
16608;1;2;S46;;;
16608;1;2;;;63;
16609;1;8;F28;;;
16609;1;8;F28;;;
16609;1;8;S46;;;
16609;1;8;;;63;
16610;1;2;;;162;
16611;1;7;;;162;
16612;1;4;;;162;
16613;1;2;;;162;
16614;1;2;;;162;
16615;1;3;;;162;
16616;1;3;;;162;
16617;1;2;;;162;
16618;1;3;;;162;
16619;1;2;;;162;
16620;1;2;;;162;
16621;1;4;;;162;
16622;1;6;;;162;
16623;1;3;;;162;
16624;1;8;F28;;;
16624;1;8;F28;;;
16624;1;8;S46;;;
16624;1;8;;;63;
16625;1;8;F28;;;
16625;1;8;F28;;;
16625;1;8;S46;;;
16625;1;8;;;63;
16626;1;2;;;162;
16627;1;2;;;162;
16628;1;8;F28;;;
16628;1;8;F28;;;
16628;1;8;S46;;;
16628;1;8;;;63;
16629;1;8;F28;;;
16629;1;8;F28;;;
16629;1;8;S46;;;
16629;1;8;;;63;
16630;1;7;F28;;;
16630;1;7;F28;;;
16630;1;7;S46;;;
16630;1;7;;;63;
16631;1;8;F28;;;
16631;1;8;F28;;;
16631;1;8;S46;;;
16631;1;8;;;63;
16632;1;7;F28;;;
16632;1;7;F28;;;
16632;1;7;S46;;;
16632;1;7;;;63;
16633;1;2;F28;;;
16633;1;2;F28;;;
16633;1;2;S46;;;
16633;1;2;;;63;
16634;1;8;F28;;;
16634;1;8;F28;;;
16634;1;8;S46;;;
16634;1;8;;;63;
16635;1;3;;;162;
16636;1;6;;;162;
16637;1;2;;;162;
16638;1;3;;;162;
16639;1;7;;;162;
16640;1;7;;;162;
16641;1;2;;;162;
16642;1;2;;;162;
16643;1;8;F28;;;
16643;1;8;F28;;;
16643;1;8;S46;;;
16643;1;8;;;63;
16644;1;2;;;162;
16645;1;8;F28;;;
16645;1;8;F28;;;
16645;1;8;S46;;;
16645;1;8;;;63;
16646;1;3;F28;;;
16646;1;3;F28;;;
16646;1;3;S46;;;
16646;1;3;;;63;
16647;1;2;F28;;;
16647;1;2;F28;;;
16647;1;2;S46;;;
16647;1;2;;;63;
16648;1;6;F28;;;
16648;1;6;F28;;;
16648;1;6;S46;;;
16648;1;6;;;63;
16649;1;8;F28;;;
16649;1;8;F28;;;
16649;1;8;S46;;;
16649;1;8;;;63;
16650;1;3;F28;;;
16650;1;3;F28;;;
16650;1;3;S46;;;
16650;1;3;;;63;
16651;1;2;;;162;
16652;1;4;;;162;
16653;1;7;;;162;
16654;1;2;;;162;
16655;1;2;;;162;
16656;1;3;;;162;
16657;1;3;;;162;
16658;1;2;;;162;
16659;1;2;;;162;
16660;1;2;;;162;
16661;1;8;F28;;;
16661;1;8;F28;;;
16661;1;8;S46;;;
16661;1;8;;;63;
16662;1;8;F28;;;
16662;1;8;F28;;;
16662;1;8;S46;;;
16662;1;8;;;63;
16663;1;8;F28;;;
16663;1;8;F28;;;
16663;1;8;S46;;;
16663;8;11;F28;;;
16663;8;11;F28;;;
16663;8;11;S46;;;
16663;1;11;;;63;
16664;1;8;F28;;;
16664;1;8;F28;;;
16664;1;8;S46;;;
16664;8;11;F28;;;
16664;8;11;F28;;;
16664;8;11;S46;;;
16664;1;11;;;63;
16665;1;8;F28;;;
16665;1;8;F28;;;
16665;1;8;S46;;;
16665;8;11;F28;;;
16665;8;11;F28;;;
16665;8;11;S46;;;
16665;1;11;;;63;
16666;1;7;F28;;;
16666;1;7;F28;;;
16666;1;7;S46;;;
16666;7;10;F28;;;
16666;7;10;F28;;;
16666;7;10;S46;;;
16666;1;10;;;63;
16667;1;8;F28;;;
16667;1;8;F28;;;
16667;1;8;S46;;;
16667;8;11;F28;;;
16667;8;11;F28;;;
16667;8;11;S46;;;
16667;1;11;;;63;
16668;1;7;F28;;;
16668;1;7;F28;;;
16668;1;7;S46;;;
16668;7;10;F28;;;
16668;7;10;F28;;;
16668;7;10;S46;;;
16668;1;10;;;63;
16669;1;8;F28;;;
16669;1;8;F28;;;
16669;1;8;S46;;;
16669;8;11;F28;;;
16669;8;11;F28;;;
16669;8;11;S46;;;
16669;1;11;;;63;
16670;1;8;F28;;;
16670;1;8;F28;;;
16670;1;8;S46;;;
16670;8;11;F28;;;
16670;8;11;F28;;;
16670;8;11;S46;;;
16670;1;11;;;63;
16671;1;2;F28;;;
16671;1;2;F28;;;
16671;1;2;S46;;;
16671;1;2;;;63;
16672;1;8;F28;;;
16672;1;8;F28;;;
16672;1;8;S46;;;
16672;1;8;;;63;
16673;1;2;;;162;
16674;1;3;;;162;
16675;1;6;;;162;
16676;1;3;;;162;
16677;1;6;;;162;
16678;1;7;;;162;
16679;1;7;;;162;
16680;1;2;;;162;
16681;1;2;;;162;
16682;1;8;F28;;;
16682;1;8;F28;;;
16682;1;8;S46;;;
16682;8;11;F28;;;
16682;8;11;F28;;;
16682;8;11;S46;;;
16682;1;11;;;63;
16683;1;2;;;162;
16684;1;8;F28;;;
16684;1;8;F28;;;
16684;1;8;S46;;;
16684;1;8;;;63;
16685;1;8;F28;;;
16685;1;8;F28;;;
16685;1;8;S46;;;
16685;1;8;;;63;
16686;1;7;F28;;;
16686;1;7;F28;;;
16686;1;7;S46;;;
16686;1;7;;;63;
16687;1;7;F28;;;
16687;1;7;F28;;;
16687;1;7;S46;;;
16687;1;7;;;63;
16688;1;2;F28;;;
16688;1;2;F28;;;
16688;1;2;S46;;;
16688;1;2;;;63;
16689;1;8;F28;;;
16689;1;8;F28;;;
16689;1;8;S46;;;
16689;1;8;;;63;
16690;1;2;;;162;
16691;1;4;;;162;
16692;1;7;;;162;
16693;1;2;;;162;
16694;1;2;;;162;
16695;1;3;;;162;
16696;1;3;;;162;
16697;1;2;;;162;
16698;1;2;;;162;
16699;1;8;F28;;;
16699;1;8;F28;;;
16699;1;8;S46;;;
16699;1;8;;;63;
16700;1;2;;;162;
16701;1;2;;;162;
16702;1;8;F28;;;
16702;1;8;F28;;;
16702;1;8;S46;;;
16702;1;8;;;63;
16703;1;7;F28;;;
16703;1;7;F28;;;
16703;1;7;S46;;;
16703;1;7;;;63;
16704;1;7;F28;;;
16704;1;7;F28;;;
16704;1;7;S46;;;
16704;1;7;;;63;
16705;1;8;F28;;;
16705;1;8;F28;;;
16705;1;8;S46;;;
16705;1;8;;;63;
16706;1;2;F28;;;
16706;1;2;F28;;;
16706;1;2;S46;;;
16706;1;2;;;63;
16707;1;8;F28;;;
16707;1;8;F28;;;
16707;1;8;S46;;;
16707;1;8;;;63;
16708;1;3;;;162;
16709;1;6;;;162;
16710;1;2;;;162;
16711;1;3;;;162;
16712;1;7;;;162;
16713;1;7;;;162;
16714;1;2;;;162;
16715;1;2;;;162;
16716;1;8;F28;;;
16716;1;8;F28;;;
16716;1;8;S46;;;
16716;1;8;;;63;
16717;1;2;;;162;
16718;1;8;F28;;;
16718;1;8;F28;;;
16718;1;8;S46;;;
16718;1;8;;;63;
16719;1;8;F28;;;
16719;1;8;F28;;;
16719;1;8;S46;;;
16719;1;8;;;63;
16720;1;8;F28;;;
16720;1;8;F28;;;
16720;1;8;S46;;;
16720;1;8;;;63;
16721;1;2;F28;;;
16721;1;2;F28;;;
16721;1;2;S46;;;
16721;1;2;;;63;
16722;1;8;F28;;;
16722;1;8;F28;;;
16722;1;8;S46;;;
16722;1;8;;;63;
16723;1;3;F28;;;
16723;1;3;F28;;;
16723;1;3;S46;;;
16723;1;3;;;63;
16724;1;2;;;162;
16725;1;7;;;162;
16726;1;4;;;162;
16727;1;2;;;162;
16728;1;2;;;162;
16729;1;3;;;162;
16730;1;3;;;162;
16731;1;2;;;162;
16732;1;2;;;162;
16733;1;2;;;162;
16734;1;2;;;162;
16735;1;8;F28;;;
16735;1;8;F28;;;
16735;1;8;S46;;;
16735;1;8;;;63;
16736;1;7;F28;;;
16736;1;7;F28;;;
16736;1;7;S46;;;
16736;1;7;;;63;
16737;1;8;F28;;;
16737;1;8;F28;;;
16737;1;8;S46;;;
16737;8;11;F28;;;
16737;8;11;F28;;;
16737;8;11;S46;;;
16737;1;11;;;63;
16738;1;8;F28;;;
16738;1;8;F28;;;
16738;1;8;S46;;;
16738;8;11;F28;;;
16738;8;11;F28;;;
16738;8;11;S46;;;
16738;1;11;;;63;
16739;1;8;F28;;;
16739;1;8;F28;;;
16739;1;8;S46;;;
16739;1;11;;;63;
16740;1;8;F28;;;
16740;1;8;F28;;;
16740;1;8;S46;;;
16740;8;11;F28;;;
16740;8;11;F28;;;
16740;8;11;S46;;;
16740;1;11;;;63;
16741;1;8;F28;;;
16741;1;8;F28;;;
16741;1;8;S46;;;
16741;8;11;F28;;;
16741;8;11;F28;;;
16741;8;11;S46;;;
16741;1;11;;;63;
16742;1;7;F28;;;
16742;1;7;F28;;;
16742;1;7;S46;;;
16742;7;10;F28;;;
16742;7;10;F28;;;
16742;7;10;S46;;;
16742;1;10;;;63;
16743;1;8;F28;;;
16743;1;8;F28;;;
16743;1;8;S46;;;
16743;8;11;F28;;;
16743;8;11;F28;;;
16743;8;11;S46;;;
16743;1;11;;;63;
16744;1;8;F28;;;
16744;1;8;F28;;;
16744;1;8;S46;;;
16744;8;11;F28;;;
16744;8;11;F28;;;
16744;8;11;S46;;;
16744;1;11;;;63;
16745;1;2;F28;;;
16745;1;2;F28;;;
16745;1;2;S46;;;
16745;1;2;;;63;
16746;1;8;F28;;;
16746;1;8;F28;;;
16746;1;8;S46;;;
16746;1;8;;;63;
16747;1;3;F28;;;
16747;1;3;F28;;;
16747;1;3;S46;;;
16747;1;3;;;63;
16748;1;3;;;162;
16749;1;6;;;162;
16750;1;3;;;162;
16751;1;6;;;162;
16752;1;7;;;162;
16753;1;7;;;162;
16754;1;2;;;162;
16755;1;2;;;162;
16756;1;8;F28;;;
16756;1;8;F28;;;
16756;1;8;S46;;;
16756;8;11;F28;;;
16756;8;11;F28;;;
16756;8;11;S46;;;
16756;1;11;;;63;
16757;1;8;F28;;;
16757;1;8;F28;;;
16757;1;8;S46;;;
16757;8;11;F28;;;
16757;8;11;F28;;;
16757;8;11;S46;;;
16757;1;11;;;63;
16758;1;2;;;162;
16759;1;2;;;162;
16760;1;8;F28;;;
16760;1;8;F28;;;
16760;1;8;S46;;;
16760;1;8;;;63;
16761;1;7;F28;;;
16761;1;7;F28;;;
16761;1;7;S46;;;
16761;1;7;;;63;
16762;1;7;F28;;;
16762;1;7;F28;;;
16762;1;7;S46;;;
16762;1;7;;;63;
16763;1;2;F28;;;
16763;1;2;F28;;;
16763;1;2;S46;;;
16763;1;2;;;63;
16764;1;8;F28;;;
16764;1;8;F28;;;
16764;1;8;S46;;;
16764;1;8;;;63;
16765;1;2;;;162;
16766;1;4;;;162;
16767;1;7;;;162;
16768;1;2;;;162;
16769;1;2;;;162;
16770;1;3;;;162;
16771;1;3;;;162;
16772;1;2;;;162;
16773;1;2;;;162;
16774;1;8;F28;;;
16774;1;8;F28;;;
16774;1;8;S46;;;
16774;1;8;;;63;
16775;1;2;;;162;
16776;1;2;;;162;
16777;1;8;F28;;;
16777;1;8;F28;;;
16777;1;8;S46;;;
16777;1;8;;;63;
16778;1;7;F28;;;
16778;1;7;F28;;;
16778;1;7;S46;;;
16778;1;7;;;63;
16779;1;7;F28;;;
16779;1;7;F28;;;
16779;1;7;S46;;;
16779;1;7;;;63;
16780;1;2;F28;;;
16780;1;2;F28;;;
16780;1;2;S46;;;
16780;1;2;;;63;
16781;1;8;F28;;;
16781;1;8;F28;;;
16781;1;8;S46;;;
16781;1;8;;;63;
16782;1;3;;;162;
16783;1;6;;;162;
16784;1;2;;;162;
16785;1;3;;;162;
16786;1;7;;;162;
16787;1;7;;;162;
16788;1;2;;;162;
16789;1;2;;;162;
16790;1;8;F28;;;
16790;1;8;F28;;;
16790;1;8;S46;;;
16790;1;8;;;63;
16791;1;2;;;162;
16792;1;8;F28;;;
16792;1;8;F28;;;
16792;1;8;S46;;;
16792;1;8;;;63;
16793;1;2;F28;;;
16793;1;2;F28;;;
16793;1;2;S46;;;
16793;1;2;;;63;
16794;1;8;F28;;;
16794;1;8;F28;;;
16794;1;8;S46;;;
16794;1;8;;;63;
16795;1;3;F28;;;
16795;1;3;F28;;;
16795;1;3;S46;;;
16795;1;3;;;63;
16796;1;2;;;162;
16797;1;7;;;162;
16798;1;4;;;162;
16799;1;2;;;162;
16800;1;2;;;162;
16801;1;3;;;162;
16802;1;3;;;162;
16803;1;2;;;162;
16804;1;2;;;162;
16805;1;2;;;162;
16806;1;2;;;162;
16807;1;8;F28;;;
16807;1;8;F28;;;
16807;1;8;S46;;;
16807;1;8;;;63;
16808;1;7;F28;;;
16808;1;7;F28;;;
16808;1;7;S46;;;
16808;1;7;;;63;
16809;1;7;F28;;;
16809;1;7;F28;;;
16809;1;7;S46;;;
16809;1;7;;;63;
16810;1;2;F28;;;
16810;1;2;F28;;;
16810;1;2;S46;;;
16810;1;2;;;63;
16811;1;8;F28;;;
16811;1;8;F28;;;
16811;1;8;S46;;;
16811;1;8;;;63;
16812;1;3;;;162;
16813;1;6;;;162;
16814;1;2;;;162;
16815;1;3;;;162;
16816;1;7;;;162;
16817;1;7;;;162;
16818;1;2;;;162;
16819;1;2;;;162;
16820;1;8;F28;;;
16820;1;8;F28;;;
16820;1;8;S46;;;
16820;1;8;;;63;
16821;1;8;F28;;;
16821;1;8;F28;;;
16821;1;8;S46;;;
16821;1;8;;;63;
16822;1;7;F28;;;
16822;1;7;F28;;;
16822;1;7;S46;;;
16822;1;7;;;63;
16823;1;7;F28;;;
16823;1;7;F28;;;
16823;1;7;S46;;;
16823;1;7;;;63;
16824;1;2;F28;;;
16824;1;2;F28;;;
16824;1;2;S46;;;
16824;1;2;;;63;
16825;1;8;F28;;;
16825;1;8;F28;;;
16825;1;8;S46;;;
16825;1;8;;;63;
16826;1;2;;;162;
16827;1;4;;;162;
16828;1;7;;;162;
16829;1;2;;;162;
16830;1;2;;;162;
16831;1;3;;;162;
16832;1;3;;;162;
16833;1;2;;;162;
16834;1;2;;;162;
16835;1;8;F28;;;
16835;1;8;F28;;;
16835;1;8;S46;;;
16835;1;8;;;63;
16836;1;2;;;162;
16837;1;2;;;162;
16838;1;2;;;162;
16839;1;2;;;162;
16840;1;2;;;162;
16841;1;2;;;162;
16842;1;2;;;162;
16843;1;8;F28;;;
16843;1;8;F28;;;
16843;1;8;S46;;;
16843;1;8;;;63;
16844;1;8;F28;;;
16844;1;8;F28;;;
16844;1;8;S46;;;
16844;1;8;;;63;
16845;1;7;F28;;;
16845;1;7;F28;;;
16845;1;7;S46;;;
16845;1;7;;;63;
16846;1;7;F28;;;
16846;1;7;F28;;;
16846;1;7;S46;;;
16846;1;7;;;63;
16847;1;2;F28;;;
16847;1;2;F28;;;
16847;1;2;S46;;;
16847;1;2;;;63;
16848;1;8;F28;;;
16848;1;8;F28;;;
16848;1;8;S46;;;
16848;1;8;;;63;
16849;1;3;;;162;
16850;1;6;;;162;
16851;1;2;;;162;
16852;1;3;;;162;
16853;1;7;;;162;
16854;1;7;;;162;
16855;1;2;;;162;
16856;1;2;;;162;
16857;1;8;F28;;;
16857;1;8;F28;;;
16857;1;8;S46;;;
16857;1;8;;;63;
16858;1;2;;;162;
16859;1;8;F28;;;
16859;1;8;F28;;;
16859;1;8;S46;;;
16859;1;8;;;63;
16860;1;8;F28;;;
16860;1;8;F28;;;
16860;1;8;S46;;;
16860;1;8;;;63;
16861;1;8;F28;;;
16861;1;8;F28;;;
16861;1;8;S46;;;
16861;1;8;;;63;
16862;1;2;F28;;;
16862;1;2;F28;;;
16862;1;2;S46;;;
16862;1;2;;;63;
16863;1;3;F28;;;
16863;1;3;F28;;;
16863;1;3;S46;;;
16863;1;3;;;63;
16864;1;8;F28;;;
16864;1;8;F28;;;
16864;1;8;S46;;;
16864;1;8;;;63;
16865;1;3;F28;;;
16865;1;3;F28;;;
16865;1;3;S46;;;
16865;1;3;;;63;
16866;1;2;;;162;
16867;1;4;;;162;
16868;1;7;;;162;
16869;1;2;;;162;
16870;1;2;;;162;
16871;1;3;;;162;
16872;1;3;;;162;
16873;1;2;;;162;
16874;1;2;;;162;
16875;1;2;;;162;
16876;1;8;F28;;;
16876;1;8;F28;;;
16876;1;8;S46;;;
16876;1;8;;;63;
16877;1;7;F28;;;
16877;1;7;F28;;;
16877;1;7;S46;;;
16877;1;7;;;63;
16878;1;8;F28;;;
16878;1;8;F28;;;
16878;1;8;S46;;;
16878;1;8;;;63;
16879;1;7;F28;;;
16879;1;7;F28;;;
16879;1;7;S46;;;
16879;1;7;;;63;
16880;1;2;F28;;;
16880;1;2;F28;;;
16880;1;2;S46;;;
16880;1;2;;;63;
16881;1;3;F28;;;
16881;1;3;F28;;;
16881;1;3;S46;;;
16881;1;3;;;63;
16882;1;8;F28;;;
16882;1;8;F28;;;
16882;1;8;S46;;;
16882;1;8;;;63;
16883;1;3;;;162;
16884;1;6;;;162;
16885;1;2;;;162;
16886;1;3;;;162;
16887;1;7;;;162;
16888;1;7;;;162;
16889;1;2;;;162;
16890;1;2;;;162;
16891;1;8;F28;;;
16891;1;8;F28;;;
16891;1;8;S46;;;
16891;1;8;;;63;
16892;1;2;;;162;
16893;1;8;F28;;;
16893;1;8;F28;;;
16893;1;8;S46;;;
16893;1;8;;;63;
16894;1;7;F28;;;
16894;1;7;F28;;;
16894;1;7;S46;;;
16894;1;7;;;63;
16895;1;7;F28;;;
16895;1;7;F28;;;
16895;1;7;S46;;;
16895;1;7;;;63;
16896;1;2;F28;;;
16896;1;2;F28;;;
16896;1;2;S46;;;
16896;1;2;;;63;
16897;1;3;F28;;;
16897;1;3;F28;;;
16897;1;3;S46;;;
16897;1;3;;;63;
16898;1;8;F28;;;
16898;1;8;F28;;;
16898;1;8;S46;;;
16898;1;8;;;63;
16899;1;2;;;162;
16900;1;4;;;162;
16901;1;7;;;162;
16902;1;2;;;162;
16903;1;2;;;162;
16904;1;3;;;162;
16905;1;3;;;162;
16906;1;2;;;162;
16907;1;2;;;162;
16908;1;8;F28;;;
16908;1;8;F28;;;
16908;1;8;S46;;;
16908;1;8;;;63;
16909;1;2;;;162;
16910;1;8;F28;;;
16910;1;8;F28;;;
16910;1;8;S46;;;
16910;1;8;;;63;
16911;1;7;F28;;;
16911;1;7;F28;;;
16911;1;7;S46;;;
16911;1;7;;;63;
16912;1;7;F28;;;
16912;1;7;F28;;;
16912;1;7;S46;;;
16912;1;7;;;63;
16913;1;2;F28;;;
16913;1;2;F28;;;
16913;1;2;S46;;;
16913;1;2;;;63;
16914;1;3;F28;;;
16914;1;3;F28;;;
16914;1;3;S46;;;
16914;1;3;;;63;
16915;1;8;F28;;;
16915;1;8;F28;;;
16915;1;8;S46;;;
16915;1;8;;;63;
16916;1;3;;;162;
16917;1;6;;;162;
16918;1;2;;;162;
16919;1;3;;;162;
16920;1;7;;;162;
16921;1;7;;;162;
16922;1;2;;;162;
16923;1;2;;;162;
16924;1;8;F28;;;
16924;1;8;F28;;;
16924;1;8;S46;;;
16924;1;8;;;63;
16925;1;2;;;162;
16926;1;8;F28;;;
16926;1;8;F28;;;
16926;1;8;S46;;;
16926;1;8;;;63;
16927;1;8;F28;;;
16927;1;8;F28;;;
16927;1;8;S46;;;
16927;1;8;;;63;
16928;1;7;F28;;;
16928;1;7;F28;;;
16928;1;7;S46;;;
16928;1;7;;;63;
16929;1;2;F28;;;
16929;1;2;F28;;;
16929;1;2;S46;;;
16929;1;2;;;63;
16930;1;3;F28;;;
16930;1;3;F28;;;
16930;1;3;S46;;;
16930;1;3;;;63;
16931;1;8;F28;;;
16931;1;8;F28;;;
16931;1;8;S46;;;
16931;1;8;;;63;
16932;1;3;F28;;;
16932;1;3;F28;;;
16932;1;3;S46;;;
16932;1;3;;;63;
16933;1;2;;;162;
16934;1;4;;;162;
16935;1;7;;;162;
16936;1;2;;;162;
16937;1;2;;;162;
16938;1;3;;;162;
16939;1;3;;;162;
16940;1;2;;;162;
16941;1;2;;;162;
16942;1;2;;;162;
16943;1;12;F28;;;
16943;1;12;F28;;;
16943;1;12;S46;;;
16943;1;12;;;63;
16944;1;11;F28;;;
16944;1;11;F28;;;
16944;1;11;S46;;;
16944;1;11;;;63;
16945;1;9;F28;;;
16945;1;9;F28;;;
16945;1;9;S46;;;
16945;1;9;;;63;
16946;1;2;F28;;;
16946;1;2;F28;;;
16946;1;2;S46;;;
16946;1;2;;;63;
16947;1;4;F28;;;
16947;1;4;F28;;;
16947;1;4;S46;;;
16947;1;4;;;63;
16948;1;12;F28;;;
16948;1;12;F28;;;
16948;1;12;S46;;;
16948;1;12;;;63;
16949;1;3;;;162;
16950;1;6;;;162;
16951;1;2;;;162;
16952;1;3;;;162;
16953;1;4;;;162;
16954;1;6;;;162;
16955;1;2;;;162;
16956;1;6;;;162;
16957;1;11;;;162;
16958;1;11;;;162;
16959;1;2;;;162;
16960;1;2;;;162;
16961;1;2;;;162;
16962;1;2;;;162;
16963;1;12;F28;;;
16963;1;12;F28;;;
16963;1;12;S46;;;
16963;1;12;;;63;
16964;1;2;;;162;
16965;1;2;;;162;
16966;1;2;;;162;
16967;1;2;;;162;
16968;1;8;F28;;;
16968;1;8;F28;;;
16968;1;8;S46;;;
16968;8;11;F28;;;
16968;8;11;F28;;;
16968;8;11;S46;;;
16968;1;11;;;63;
16969;1;8;F28;;;
16969;1;8;F28;;;
16969;1;8;S46;;;
16969;8;11;F28;;;
16969;8;11;F28;;;
16969;8;11;S46;;;
16969;1;11;;;63;
16970;1;8;F28;;;
16970;1;8;F28;;;
16970;1;8;S46;;;
16970;1;8;;;63;
16971;1;8;F28;;;
16971;1;8;F28;;;
16971;1;8;S46;;;
16971;1;8;;;63;
16972;1;8;F28;;;
16972;1;8;F28;;;
16972;1;8;S46;;;
16972;1;8;;;63;
16973;1;8;F28;;;
16973;1;8;F28;;;
16973;1;8;S46;;;
16973;1;8;;;63;
16974;1;8;F28;;;
16974;1;8;F28;;;
16974;1;8;S46;;;
16974;1;8;;;63;
16975;1;3;F28;;;
16975;1;3;F28;;;
16975;1;3;S46;;;
16975;1;3;;;63;
16976;1;4;;;162;
16977;1;6;;;162;
16978;1;3;;;162;
16979;1;8;F28;;;
16979;1;8;F28;;;
16979;1;8;S46;;;
16979;1;8;;;63;
16980;1;8;F28;;;
16980;1;8;F28;;;
16980;1;8;S46;;;
16980;1;8;;;63;
16981;1;7;F28;;;
16981;1;7;F28;;;
16981;1;7;S46;;;
16981;1;7;;;63;
16982;1;7;F28;;;
16982;1;7;F28;;;
16982;1;7;S46;;;
16982;1;7;;;63;
16983;1;8;F28;;;
16983;1;8;F28;;;
16983;1;8;S46;;;
16983;1;8;;;63;
16984;1;2;F28;;;
16984;1;2;F28;;;
16984;1;2;S46;;;
16984;1;2;;;63;
16985;1;8;F28;;;
16985;1;8;F28;;;
16985;1;8;S46;;;
16985;1;8;;;63;
16986;1;2;;;162;
16987;1;7;;;162;
16988;1;4;;;162;
16989;1;2;;;162;
16990;1;2;;;162;
16991;1;2;;;162;
16992;1;2;;;162;
16993;1;8;F28;;;
16993;1;8;F28;;;
16993;1;8;S46;;;
16993;1;8;;;63;
16994;1;4;F28;;;
16994;1;4;F28;;;
16994;1;4;S46;;;
16994;4;11;F28;;;
16994;4;11;F28;;;
16994;4;11;S46;;;
16994;1;11;;;63;
16995;1;4;F28;;;
16995;1;4;F28;;;
16995;1;4;S46;;;
16995;4;11;F28;;;
16995;4;11;F28;;;
16995;4;11;S46;;;
16995;1;11;;;63;
16996;1;4;F28;;;
16996;1;4;F28;;;
16996;1;4;S46;;;
16996;4;11;F28;;;
16996;4;11;F28;;;
16996;4;11;S46;;;
16996;1;11;;;63;
16997;1;4;F28;;;
16997;1;4;F28;;;
16997;1;4;S46;;;
16997;4;11;F28;;;
16997;4;11;F28;;;
16997;4;11;S46;;;
16997;1;11;;;63;
16998;1;4;F28;;;
16998;1;4;F28;;;
16998;1;4;S46;;;
16998;1;4;;;63;
16999;1;4;F28;;;
16999;1;4;F28;;;
16999;1;4;S46;;;
16999;1;4;;;63;
17000;1;4;F28;;;
17000;1;4;F28;;;
17000;1;4;S46;;;
17000;4;11;F28;;;
17000;4;11;F28;;;
17000;4;11;S46;;;
17000;1;11;;;63;
17001;4;11;F28;;;
17001;4;11;F28;;;
17001;4;11;S46;;;
17001;1;11;;;63;
17002;1;4;F28;;;
17002;1;4;F28;;;
17002;1;4;S46;;;
17002;4;9;F28;;;
17002;4;9;F28;;;
17002;4;9;S46;;;
17002;1;9;;;63;
17003;1;4;F28;;;
17003;1;4;F28;;;
17003;1;4;S46;;;
17003;1;4;;;63;
17004;1;4;F28;;;
17004;1;4;F28;;;
17004;1;4;S46;;;
17004;4;11;F28;;;
17004;4;11;F28;;;
17004;4;11;S46;;;
17004;1;11;;;63;
17005;1;4;F28;;;
17005;1;4;F28;;;
17005;1;4;S46;;;
17005;4;10;F28;;;
17005;4;10;F28;;;
17005;4;10;S46;;;
17005;1;10;;;63;
17006;1;4;F28;;;
17006;1;4;F28;;;
17006;1;4;S46;;;
17006;4;10;F28;;;
17006;4;10;F28;;;
17006;4;10;S46;;;
17006;1;10;;;63;
17007;1;4;F28;;;
17007;1;4;F28;;;
17007;1;4;S46;;;
17007;4;11;F28;;;
17007;4;11;F28;;;
17007;4;11;S46;;;
17007;1;11;;;63;
17008;1;4;F28;;;
17008;1;4;F28;;;
17008;1;4;S46;;;
17008;4;8;F28;;;
17008;4;8;F28;;;
17008;4;8;S46;;;
17008;1;8;;;63;
17009;1;4;F28;;;
17009;1;4;F28;;;
17009;1;4;S46;;;
17009;1;4;;;63;
17010;1;4;F28;;;
17010;1;4;F28;;;
17010;1;4;S46;;;
17010;1;4;;;63;
17011;1;4;F28;;;
17011;1;4;F28;;;
17011;1;4;S46;;;
17011;4;11;F28;;;
17011;4;11;F28;;;
17011;4;11;S46;;;
17011;1;11;;;63;
17012;1;4;F28;;;
17012;1;4;F28;;;
17012;1;4;S46;;;
17012;4;11;F28;;;
17012;4;11;F28;;;
17012;4;11;S46;;;
17012;1;11;;;63;
17013;1;4;F28;;;
17013;1;4;F28;;;
17013;1;4;S46;;;
17013;1;4;;;63;
17014;1;4;F28;;;
17014;1;4;F28;;;
17014;1;4;S46;;;
17014;1;4;;;63;
17015;1;4;F28;;;
17015;1;4;F28;;;
17015;1;4;S46;;;
17015;4;11;F28;;;
17015;4;11;F28;;;
17015;4;11;S46;;;
17015;1;11;;;63;
17016;1;4;F28;;;
17016;1;4;F28;;;
17016;1;4;S46;;;
17016;4;11;F28;;;
17016;4;11;F28;;;
17016;4;11;S46;;;
17016;1;11;;;63;
17017;1;4;F28;;;
17017;1;4;F28;;;
17017;1;4;S46;;;
17017;4;10;F28;;;
17017;4;10;F28;;;
17017;4;10;S46;;;
17017;1;10;;;63;
17018;1;4;F28;;;
17018;1;4;F28;;;
17018;1;4;S46;;;
17018;4;11;F28;;;
17018;4;11;F28;;;
17018;4;11;S46;;;
17018;1;11;;;63;
17019;1;4;F28;;;
17019;1;4;F28;;;
17019;1;4;S46;;;
17019;4;11;F28;;;
17019;4;11;F28;;;
17019;4;11;S46;;;
17019;1;11;;;63;
17020;1;4;F28;;;
17020;1;4;F28;;;
17020;1;4;S46;;;
17020;4;10;F28;;;
17020;4;10;F28;;;
17020;4;10;S46;;;
17020;1;10;;;63;
17021;1;4;F28;;;
17021;1;4;F28;;;
17021;1;4;S46;;;
17021;4;11;F28;;;
17021;4;11;F28;;;
17021;4;11;S46;;;
17021;1;11;;;63;
17022;1;4;F28;;;
17022;1;4;F28;;;
17022;1;4;S46;;;
17022;4;11;F28;;;
17022;4;11;F28;;;
17022;4;11;S46;;;
17022;1;11;;;63;
17023;1;4;F28;;;
17023;1;4;F28;;;
17023;1;4;S46;;;
17023;4;11;F28;;;
17023;4;11;F28;;;
17023;4;11;S46;;;
17023;1;11;;;63;
17024;1;6;F28;;;
17024;1;6;F28;;;
17024;1;6;S46;;;
17024;6;9;F28;;;
17024;6;9;F28;;;
17024;6;9;S46;;;
17024;9;16;F28;;;
17024;9;16;F28;;;
17024;9;16;S46;;;
17024;1;16;;;63;
17025;1;6;F28;;;
17025;1;6;F28;;;
17025;1;6;S46;;;
17025;6;9;F28;;;
17025;6;9;F28;;;
17025;6;9;S46;;;
17025;9;16;F28;;;
17025;9;16;F28;;;
17025;9;16;S46;;;
17025;1;16;;;63;
17026;1;4;F28;;;
17026;1;4;F28;;;
17026;1;4;S46;;;
17026;1;4;;;63;
17027;1;4;F28;;;
17027;1;4;F28;;;
17027;1;4;S46;;;
17027;1;4;;;63;
17028;1;4;F28;;;
17028;1;4;F28;;;
17028;1;4;S46;;;
17028;4;11;F28;;;
17028;4;11;F28;;;
17028;4;11;S46;;;
17028;1;11;;;63;
17029;1;4;F28;;;
17029;1;4;F28;;;
17029;1;4;S46;;;
17029;4;11;F28;;;
17029;4;11;F28;;;
17029;4;11;S46;;;
17029;1;11;;;63;
17030;1;6;F28;;;
17030;1;6;F28;;;
17030;1;6;S46;;;
17030;1;6;;;63;
17031;1;9;F28;;;
17031;1;9;F28;;;
17031;1;9;S46;;;
17031;1;9;;;63;
17032;1;6;F28;;;
17032;1;6;F28;;;
17032;1;6;S46;;;
17032;1;6;;;63;
17033;1;4;F28;;;
17033;1;4;F28;;;
17033;1;4;S46;;;
17033;1;4;;;63;
17034;1;4;F28;;;
17034;1;4;F28;;;
17034;1;4;S46;;;
17034;1;4;;;63;
17035;1;4;F28;;;
17035;1;4;F28;;;
17035;1;4;S46;;;
17035;1;4;;;63;
17036;1;4;F28;;;
17036;1;4;F28;;;
17036;1;4;S46;;;
17036;4;11;F28;;;
17036;4;11;F28;;;
17036;4;11;S46;;;
17036;1;11;;;63;
17037;1;4;F28;;;
17037;1;4;F28;;;
17037;1;4;S46;;;
17037;4;11;F28;;;
17037;4;11;F28;;;
17037;4;11;S46;;;
17037;1;11;;;63;
17038;1;4;F28;;;
17038;1;4;F28;;;
17038;1;4;S46;;;
17038;4;10;F28;;;
17038;4;10;F28;;;
17038;4;10;S46;;;
17038;1;10;;;63;
17039;1;4;F28;;;
17039;1;4;F28;;;
17039;1;4;S46;;;
17039;4;10;F28;;;
17039;4;10;F28;;;
17039;4;10;S46;;;
17039;1;10;;;63;
17040;1;4;F28;;;
17040;1;4;F28;;;
17040;1;4;S46;;;
17040;1;4;;;63;
17041;1;4;F28;;;
17041;1;4;F28;;;
17041;1;4;S46;;;
17041;1;4;;;63;
17042;1;4;F28;;;
17042;1;4;F28;;;
17042;1;4;S46;;;
17042;4;11;F28;;;
17042;4;11;F28;;;
17042;4;11;S46;;;
17042;1;11;;;63;
17043;1;4;F28;;;
17043;1;4;F28;;;
17043;1;4;S46;;;
17043;4;11;F28;;;
17043;4;11;F28;;;
17043;4;11;S46;;;
17043;1;11;;;63;
17044;1;4;F28;;;
17044;1;4;F28;;;
17044;1;4;S46;;;
17044;1;4;;;63;
17045;1;4;F28;;;
17045;1;4;F28;;;
17045;1;4;S46;;;
17045;1;4;;;63;
17046;1;4;F28;;;
17046;1;4;F28;;;
17046;1;4;S46;;;
17046;4;11;F28;;;
17046;4;11;F28;;;
17046;4;11;S46;;;
17046;1;11;;;63;
17047;1;6;F28;;;
17047;1;6;F28;;;
17047;1;6;S46;;;
17047;6;9;F28;;;
17047;6;9;F28;;;
17047;6;9;S46;;;
17047;9;16;F28;;;
17047;9;16;F28;;;
17047;9;16;S46;;;
17047;1;16;;;63;
17048;1;4;F28;;;
17048;1;4;F28;;;
17048;1;4;S46;;;
17048;4;11;F28;;;
17048;4;11;F28;;;
17048;4;11;S46;;;
17048;1;11;;;63;
17049;1;6;F28;;;
17049;1;6;F28;;;
17049;1;6;S46;;;
17049;6;9;F28;;;
17049;6;9;F28;;;
17049;6;9;S46;;;
17049;9;16;F28;;;
17049;9;16;F28;;;
17049;9;16;S46;;;
17049;1;16;;;63;
17050;1;4;F28;;;
17050;1;4;F28;;;
17050;1;4;S46;;;
17050;4;11;F28;;;
17050;4;11;F28;;;
17050;4;11;S46;;;
17050;1;11;;;63;
17051;1;4;F28;;;
17051;1;4;F28;;;
17051;1;4;S46;;;
17051;4;11;F28;;;
17051;4;11;F28;;;
17051;4;11;S46;;;
17051;1;11;;;63;
17052;1;6;F28;;;
17052;1;6;F28;;;
17052;1;6;S46;;;
17052;6;9;F28;;;
17052;6;9;F28;;;
17052;6;9;S46;;;
17052;9;16;F28;;;
17052;9;16;F28;;;
17052;9;16;S46;;;
17052;1;16;;;63;
17053;1;6;F28;;;
17053;1;6;F28;;;
17053;1;6;S46;;;
17053;6;9;F28;;;
17053;6;9;F28;;;
17053;6;9;S46;;;
17053;9;16;F28;;;
17053;9;16;F28;;;
17053;9;16;S46;;;
17053;1;16;;;63;
17054;1;6;F28;;;
17054;1;6;F28;;;
17054;1;6;S46;;;
17054;6;9;F28;;;
17054;6;9;F28;;;
17054;6;9;S46;;;
17054;9;16;F28;;;
17054;9;16;F28;;;
17054;9;16;S46;;;
17054;1;16;;;63;
17055;1;9;F28;;;
17055;1;9;F28;;;
17055;1;9;S46;;;
17055;9;15;F28;;;
17055;9;15;F28;;;
17055;9;15;S46;;;
17055;1;15;;;63;
17056;1;4;F28;;;
17056;1;4;F28;;;
17056;1;4;S46;;;
17056;4;11;F28;;;
17056;4;11;F28;;;
17056;4;11;S46;;;
17056;1;11;;;63;
17057;1;6;F28;;;
17057;1;6;F28;;;
17057;1;6;S46;;;
17057;6;9;F28;;;
17057;6;9;F28;;;
17057;6;9;S46;;;
17057;9;15;F28;;;
17057;9;15;F28;;;
17057;9;15;S46;;;
17057;1;15;;;63;
17058;1;5;F28;;;
17058;1;5;F28;;;
17058;1;5;S46;;;
17058;5;8;F28;;;
17058;5;8;F28;;;
17058;5;8;S46;;;
17058;8;15;F28;;;
17058;8;15;F28;;;
17058;8;15;S46;;;
17058;1;15;;;63;
17059;1;4;F28;;;
17059;1;4;F28;;;
17059;1;4;S46;;;
17059;4;11;F28;;;
17059;4;11;F28;;;
17059;4;11;S46;;;
17059;1;11;;;63;
17060;1;5;F28;;;
17060;1;5;F28;;;
17060;1;5;S46;;;
17060;5;8;F28;;;
17060;5;8;F28;;;
17060;5;8;S46;;;
17060;8;15;F28;;;
17060;8;15;F28;;;
17060;8;15;S46;;;
17060;1;15;;;63;
17061;1;4;F28;;;
17061;1;4;F28;;;
17061;1;4;S46;;;
17061;4;11;F28;;;
17061;4;11;F28;;;
17061;4;11;S46;;;
17061;1;11;;;63;
17062;1;6;;;63;
17063;1;9;F28;;;
17063;1;9;F28;;;
17063;1;9;S46;;;
17063;1;9;;;63;
17064;1;4;F28;;;
17064;1;4;F28;;;
17064;1;4;S46;;;
17064;1;4;;;63;
17065;1;4;F28;;;
17065;1;4;F28;;;
17065;1;4;S46;;;
17065;1;4;;;63;
17066;1;4;F28;;;
17066;1;4;F28;;;
17066;1;4;S46;;;
17066;1;4;;;63;
17067;1;6;F28;;;
17067;1;6;F28;;;
17067;1;6;S46;;;
17067;1;6;;;63;
17068;8;15;F28;;;
17068;8;15;F28;;;
17068;8;15;S46;;;
17068;1;15;;;63;
17069;8;15;F28;;;
17069;8;15;F28;;;
17069;8;15;S46;;;
17069;1;15;;;63;
17070;1;4;F28;;;
17070;1;4;F28;;;
17070;1;4;S46;;;
17070;4;11;F28;;;
17070;4;11;F28;;;
17070;4;11;S46;;;
17070;1;11;;;63;
17071;1;4;F28;;;
17071;1;4;F28;;;
17071;1;4;S46;;;
17071;4;11;F28;;;
17071;4;11;F28;;;
17071;4;11;S46;;;
17071;1;11;;;63;
17072;1;6;F28;;;
17072;1;6;F28;;;
17072;1;6;S46;;;
17072;1;6;;;63;
17073;1;4;F28;;;
17073;1;4;F28;;;
17073;1;4;S46;;;
17073;1;4;;;63;
17074;1;4;F28;;;
17074;1;4;F28;;;
17074;1;4;S46;;;
17074;1;4;;;63;
17075;1;9;F28;;;
17075;1;9;F28;;;
17075;1;9;S46;;;
17075;1;9;;;63;
17076;1;4;F28;;;
17076;1;4;F28;;;
17076;1;4;S46;;;
17076;4;11;F28;;;
17076;4;11;F28;;;
17076;4;11;S46;;;
17076;1;11;;;63;
17077;1;4;F28;;;
17077;1;4;F28;;;
17077;1;4;S46;;;
17077;4;10;F28;;;
17077;4;10;F28;;;
17077;4;10;S46;;;
17077;1;10;;;63;
17078;1;4;F28;;;
17078;1;4;F28;;;
17078;1;4;S46;;;
17078;4;10;F28;;;
17078;4;10;F28;;;
17078;4;10;S46;;;
17078;1;10;;;63;
17079;1;4;F28;;;
17079;1;4;F28;;;
17079;1;4;S46;;;
17079;4;11;F28;;;
17079;4;11;F28;;;
17079;4;11;S46;;;
17079;1;11;;;63;
17080;1;4;F28;;;
17080;1;4;F28;;;
17080;1;4;S46;;;
17080;4;11;F28;;;
17080;4;11;F28;;;
17080;4;11;S46;;;
17080;1;11;;;63;
17081;1;4;F28;;;
17081;1;4;F28;;;
17081;1;4;S46;;;
17081;4;11;F28;;;
17081;4;11;F28;;;
17081;4;11;S46;;;
17081;1;11;;;63;
17082;1;4;F28;;;
17082;1;4;F28;;;
17082;1;4;S46;;;
17082;4;11;F28;;;
17082;4;11;F28;;;
17082;4;11;S46;;;
17082;1;11;;;63;
17083;1;4;F28;;;
17083;1;4;F28;;;
17083;1;4;S46;;;
17083;1;4;;;63;
17084;1;4;F28;;;
17084;1;4;F28;;;
17084;1;4;S46;;;
17084;1;4;;;63;
17085;1;5;F28;;;
17085;1;5;F28;;;
17085;1;5;S46;;;
17085;5;12;F28;;;
17085;5;12;F28;;;
17085;5;12;S46;;;
17085;1;12;;;63;
17086;1;4;F28;;;
17086;1;4;F28;;;
17086;1;4;S46;;;
17086;4;11;F28;;;
17086;4;11;F28;;;
17086;4;11;S46;;;
17086;1;11;;;63;
17087;1;4;F28;;;
17087;1;4;F28;;;
17087;1;4;S46;;;
17087;4;11;F28;;;
17087;4;11;F28;;;
17087;4;11;S46;;;
17087;1;11;;;63;
17088;1;4;F28;;;
17088;1;4;F28;;;
17088;1;4;S46;;;
17088;4;11;F28;;;
17088;4;11;F28;;;
17088;4;11;S46;;;
17088;1;11;;;63;
17089;1;6;F28;;;
17089;1;6;F28;;;
17089;1;6;S46;;;
17089;6;9;F28;;;
17089;6;9;F28;;;
17089;6;9;S46;;;
17089;9;16;F28;;;
17089;9;16;F28;;;
17089;9;16;S46;;;
17089;1;16;;;63;
17090;1;4;F28;;;
17090;1;4;F28;;;
17090;1;4;S46;;;
17090;4;11;F28;;;
17090;4;11;F28;;;
17090;4;11;S46;;;
17090;1;11;;;63;
17091;1;4;F28;;;
17091;1;4;F28;;;
17091;1;4;S46;;;
17091;4;11;F28;;;
17091;4;11;F28;;;
17091;4;11;S46;;;
17091;1;11;;;63;
17092;1;6;F28;;;
17092;1;6;F28;;;
17092;1;6;S46;;;
17092;6;9;F28;;;
17092;6;9;F28;;;
17092;6;9;S46;;;
17092;9;16;F28;;;
17092;9;16;F28;;;
17092;9;16;S46;;;
17092;1;16;;;63;
17093;1;4;F28;;;
17093;1;4;F28;;;
17093;1;4;S46;;;
17093;4;10;F28;;;
17093;4;10;F28;;;
17093;4;10;S46;;;
17093;1;10;;;63;
17094;1;6;F28;;;
17094;1;6;F28;;;
17094;1;6;S46;;;
17094;6;9;F28;;;
17094;6;9;F28;;;
17094;6;9;S46;;;
17094;9;16;F28;;;
17094;9;16;F28;;;
17094;9;16;S46;;;
17094;1;16;;;63;
17095;1;4;F28;;;
17095;1;4;F28;;;
17095;1;4;S46;;;
17095;4;10;F28;;;
17095;4;10;F28;;;
17095;4;10;S46;;;
17095;1;10;;;63;
17096;1;6;F28;;;
17096;1;6;F28;;;
17096;1;6;S46;;;
17096;6;9;F28;;;
17096;6;9;F28;;;
17096;6;9;S46;;;
17096;9;16;F28;;;
17096;9;16;F28;;;
17096;9;16;S46;;;
17096;1;16;;;63;
17097;1;6;F28;;;
17097;1;6;F28;;;
17097;1;6;S46;;;
17097;6;9;F28;;;
17097;6;9;F28;;;
17097;6;9;S46;;;
17097;9;16;F28;;;
17097;9;16;F28;;;
17097;9;16;S46;;;
17097;1;16;;;63;
17098;1;4;F28;;;
17098;1;4;F28;;;
17098;1;4;S46;;;
17098;4;11;F28;;;
17098;4;11;F28;;;
17098;4;11;S46;;;
17098;1;11;;;63;
17099;1;6;F28;;;
17099;1;6;F28;;;
17099;1;6;S46;;;
17099;6;9;F28;;;
17099;6;9;F28;;;
17099;6;9;S46;;;
17099;9;16;F28;;;
17099;9;16;F28;;;
17099;9;16;S46;;;
17099;1;16;;;63;
17100;1;6;F28;;;
17100;1;6;F28;;;
17100;1;6;S46;;;
17100;6;9;F28;;;
17100;6;9;F28;;;
17100;6;9;S46;;;
17100;9;16;F28;;;
17100;9;16;F28;;;
17100;9;16;S46;;;
17100;1;16;;;63;
17101;1;6;F28;;;
17101;1;6;F28;;;
17101;1;6;S46;;;
17101;6;9;F28;;;
17101;6;9;F28;;;
17101;6;9;S46;;;
17101;9;16;F28;;;
17101;9;16;F28;;;
17101;9;16;S46;;;
17101;1;16;;;63;
17102;1;6;F28;;;
17102;1;6;F28;;;
17102;1;6;S46;;;
17102;6;9;F28;;;
17102;6;9;F28;;;
17102;6;9;S46;;;
17102;9;16;F28;;;
17102;9;16;F28;;;
17102;9;16;S46;;;
17102;1;16;;;63;
17103;1;4;F28;;;
17103;1;4;F28;;;
17103;1;4;S46;;;
17103;4;10;F28;;;
17103;4;10;F28;;;
17103;4;10;S46;;;
17103;1;10;;;63;
17104;1;4;F28;;;
17104;1;4;F28;;;
17104;1;4;S46;;;
17104;1;4;;;63;
17105;1;6;F28;;;
17105;1;6;F28;;;
17105;1;6;S46;;;
17105;1;6;;;63;
17106;1;4;F28;;;
17106;1;4;F28;;;
17106;1;4;S46;;;
17106;1;4;;;63;
17107;1;4;F28;;;
17107;1;4;F28;;;
17107;1;4;S46;;;
17107;1;4;;;63;
17108;1;8;F28;;;
17108;1;8;F28;;;
17108;1;8;S46;;;
17108;8;15;F28;;;
17108;8;15;F28;;;
17108;8;15;S46;;;
17108;1;15;;;63;
17109;1;4;F28;;;
17109;1;4;F28;;;
17109;1;4;S46;;;
17109;4;11;F28;;;
17109;4;11;F28;;;
17109;4;11;S46;;;
17109;1;11;;;63;
17110;1;8;F28;;;
17110;1;8;F28;;;
17110;1;8;S46;;;
17110;8;15;F28;;;
17110;8;15;F28;;;
17110;8;15;S46;;;
17110;1;15;;;63;
17111;1;4;F28;;;
17111;1;4;F28;;;
17111;1;4;S46;;;
17111;4;11;F28;;;
17111;4;11;F28;;;
17111;4;11;S46;;;
17111;1;11;;;63;
17112;1;4;F28;;;
17112;1;4;F28;;;
17112;1;4;S46;;;
17112;1;4;;;63;
17113;1;4;F28;;;
17113;1;4;F28;;;
17113;1;4;S46;;;
17113;1;4;;;63;
17114;1;4;F28;;;
17114;1;4;F28;;;
17114;1;4;S46;;;
17114;1;4;;;63;
17115;1;4;F28;;;
17115;1;4;F28;;;
17115;1;4;S46;;;
17115;4;11;F28;;;
17115;4;11;F28;;;
17115;4;11;S46;;;
17115;1;11;;;63;
17116;1;4;F28;;;
17116;1;4;F28;;;
17116;1;4;S46;;;
17116;4;11;F28;;;
17116;4;11;F28;;;
17116;4;11;S46;;;
17116;1;11;;;63;
17117;1;4;F28;;;
17117;1;4;F28;;;
17117;1;4;S46;;;
17117;4;11;F28;;;
17117;4;11;F28;;;
17117;4;11;S46;;;
17117;1;11;;;63;
17118;1;4;F28;;;
17118;1;4;F28;;;
17118;1;4;S46;;;
17118;4;10;F28;;;
17118;4;10;F28;;;
17118;4;10;S46;;;
17118;1;10;;;63;
17119;1;4;F28;;;
17119;1;4;F28;;;
17119;1;4;S46;;;
17119;4;11;F28;;;
17119;4;11;F28;;;
17119;4;11;S46;;;
17119;1;11;;;63;
17120;1;4;F28;;;
17120;1;4;F28;;;
17120;1;4;S46;;;
17120;4;11;F28;;;
17120;4;11;F28;;;
17120;4;11;S46;;;
17120;1;11;;;63;
17121;1;4;F28;;;
17121;1;4;F28;;;
17121;1;4;S46;;;
17121;4;10;F28;;;
17121;4;10;F28;;;
17121;4;10;S46;;;
17121;1;10;;;63;
17122;1;4;F28;;;
17122;1;4;F28;;;
17122;1;4;S46;;;
17122;1;4;;;63;
17123;1;4;F28;;;
17123;1;4;F28;;;
17123;1;4;S46;;;
17123;1;4;;;63;
17124;1;4;F28;;;
17124;1;4;F28;;;
17124;1;4;S46;;;
17124;4;11;F28;;;
17124;4;11;F28;;;
17124;4;11;S46;;;
17124;1;11;;;63;
17125;1;4;F28;;;
17125;1;4;F28;;;
17125;1;4;S46;;;
17125;4;11;F28;;;
17125;4;11;F28;;;
17125;4;11;S46;;;
17125;1;11;;;63;
17126;1;11;;;63;
17127;1;16;;;63;
17128;1;17;;;63;
17129;1;16;;;63;
17130;1;17;;;63;
17131;1;15;;;63;
17132;1;4;;;162;
17133;1;17;;;63;
17134;1;16;;;63;
17135;1;17;;;63;
17136;1;15;;;63;
17137;1;4;;;162;
17138;1;17;;;63;
17139;1;16;;;63;
17140;1;17;;;63;
17141;1;15;;;63;
17142;1;4;;;162;
17143;1;17;;;63;
17144;1;16;;;63;
17145;1;17;;;63;
17146;1;15;;;63;
17147;1;4;;;162;
17148;1;17;;;63;
17149;1;16;;;63;
17150;1;14;;;63;
17151;1;4;;;162;
17152;1;16;;;63;
17153;1;17;;;63;
17154;1;15;;;63;
17155;1;4;;;162;
17156;1;17;;;63;
17157;1;16;;;63;
17158;1;14;;;63;
17159;1;4;;;162;
17160;1;16;;;63;
17161;1;17;;;63;
17162;1;16;;;63;
17163;1;14;;;63;
17164;1;4;;;162;
17165;1;16;;;63;
17166;1;16;;;63;
17167;1;16;;;63;
17168;1;14;;;63;
17169;1;4;;;162;
17170;1;16;;;63;
17171;1;16;;;63;
17172;1;16;;;63;
17173;1;14;;;63;
17174;1;4;;;162;
17175;1;16;;;63;
17176;1;16;;;63;
17177;1;16;;;63;
17178;1;16;;;63;
17179;1;16;;;63;
17180;1;16;;;63;
17181;1;14;F28;;;
17181;1;14;F28;;;
17181;1;14;S46;;;
17181;1;14;;;63;
17182;1;14;;;63;
17183;1;16;F28;;;
17183;1;16;F28;;;
17183;1;16;S46;;;
17183;1;16;;;63;
17184;1;14;F28;;;
17184;1;14;F28;;;
17184;1;14;S46;;;
17184;1;14;;;63;
17185;1;14;;;63;
17186;1;15;F28;;;
17186;1;15;F28;;;
17186;1;15;S46;;;
17186;1;15;;;63;
17187;1;14;F28;;;
17187;1;14;F28;;;
17187;1;14;S46;;;
17187;1;14;;;63;
17188;1;14;F28;;;
17188;1;14;F28;;;
17188;1;14;S46;;;
17188;1;14;;;63;
17189;1;8;F28;;;
17189;1;8;F28;;;
17189;1;8;S46;;;
17189;1;8;;;63;
17190;1;8;F28;;;
17190;1;8;F28;;;
17190;1;8;S46;;;
17190;1;8;;;63;
17191;1;8;;;63;
17192;1;8;F28;;;
17192;1;8;F28;;;
17192;1;8;S46;;;
17192;1;8;;;63;
17193;1;14;F28;;;
17193;1;14;F28;;;
17193;1;14;S46;;;
17193;1;14;;;63;
17194;1;15;F28;;;
17194;1;15;F28;;;
17194;1;15;S46;;;
17194;1;15;;;63;
17195;1;4;F28;;;
17195;1;4;F28;;;
17195;1;4;S46;;;
17195;1;4;;;63;
17196;1;4;F28;;;
17196;1;4;F28;;;
17196;1;4;S46;;;
17196;1;4;;;63;
17197;1;4;F28;;;
17197;1;4;F28;;;
17197;1;4;S46;;;
17197;1;4;;;63;
17198;1;4;F28;;;
17198;1;4;F28;;;
17198;1;4;S46;;;
17198;1;4;;;63;
17199;1;4;F28;;;
17199;1;4;F28;;;
17199;1;4;S46;;;
17199;1;4;;;63;
17200;1;3;F28;;;
17200;1;3;F28;;;
17200;1;3;S46;;;
17200;1;3;;;63;
17201;1;4;F28;;;
17201;1;4;F28;;;
17201;1;4;S46;;;
17201;1;4;;;63;
17202;1;2;F28;;;
17202;1;2;F28;;;
17202;1;2;S46;;;
17202;1;2;;;63;
17203;1;4;F28;;;
17203;1;4;F28;;;
17203;1;4;S46;;;
17203;1;4;;;63;
